empresa_id,ra_id,ra_name,ra_shortname,ra_url,cnpj_ra,match_score,tipo_periodo,tipo_periodo_label,periodo_inicio,periodo_fim,reputacao_status,reputacao_label,nota_reputacao,reclamacoes_recebidas,reclamacoes_respondidas,reclamacoes_respondidas_pct,aguardando_resposta,reclamacoes_resolvidas_pct,voltariam_a_fazer_negocio_pct,reclamacoes_avaliadas,nota_media_consumidor,tempo_medio_resposta_segundos,tempo_medio_resposta_legivel,data_coleta
1,9375,Sabemi Seguradora,sabemi-seguradora,https://www.reclameaqui.com.br/empresa/sabemi-seguradora/,87163234000138,1.0,SIX_MONTHS,Últimos 6 meses,2026-03-01T00:00:00,2026-08-31T23:59:59,REGULAR,Regular,6.2,466,465,99.8,0,65.5,40.9,204,4.81,975103.3333333334,11 dias e 6 horas,2026-09-22T03:22:44+00:00
1,9375,Sabemi Seguradora,sabemi-seguradora,https://www.reclameaqui.com.br/empresa/sabemi-seguradora/,87163234000138,1.0,TWELVE_MONTHS,Últimos 12 meses,2025-09-01T00:00:00,2026-08-31T23:59:59,REGULAR,Regular,6.4,708,705,99.6,0,65.6,43.1,314,5.11,998515.0595744681,11 dias e 13 horas,2026-09-22T03:22:44+00:00
1,9375,Sabemi Seguradora,sabemi-seguradora,https://www.reclameaqui.com.br/empresa/sabemi-seguradora/,87163234000138,1.0,LAST_YEAR,Ano civil 2025,2025-01-01T00:00:00,2025-12-31T23:59:59,REGULAR,Regular,6.0,467,465,99.6,0,62.0,38.5,187,4.70,1244967.5440860216,14 dias e 9 horas,2026-09-22T03:22:44+00:00
1,9375,Sabemi Seguradora,sabemi-seguradora,https://www.reclameaqui.com.br/empresa/sabemi-seguradora/,87163234000138,1.0,PAST_LAST_YEAR,Ano civil 2024,2024-01-01T00:00:00,2024-12-31T23:59:59,BAD,Ruim,5.7,368,366,99.5,0,60.3,30.1,136,4.18,1602263.0655737706,18 dias e 13 horas,2026-09-22T03:22:44+00:00
1,9375,Sabemi Seguradora,sabemi-seguradora,https://www.reclameaqui.com.br/empresa/sabemi-seguradora/,87163234000138,1.0,LAST_THREE_YEARS,Últimos 3 anos (rótulo 'Geral' na interface do RA),2023-09-21T00:00:00,2026-09-20T23:59:59,REGULAR,Regular,6.1,1548,1497,96.7,46,63.8,39.2,611,4.79,1150275.1950567802,13 dias e 7 horas,2026-09-22T03:22:44+00:00
2,770,Allianz Seguros,allianz-seguros,https://www.reclameaqui.com.br/empresa/allianz-seguros/,61573796000166,1.0,SIX_MONTHS,Últimos 6 meses,2026-03-01T00:00:00,2026-08-31T23:59:59,GOOD,Boa,7.2,2154,2154,100.0,0,73.8,61.3,1014,5.83,763603.4131847725,8 dias e 20 horas,2026-09-22T03:22:44+00:00
2,770,Allianz Seguros,allianz-seguros,https://www.reclameaqui.com.br/empresa/allianz-seguros/,61573796000166,1.0,TWELVE_MONTHS,Últimos 12 meses,2025-09-01T00:00:00,2026-08-31T23:59:59,GOOD,Boa,7.2,3970,3970,100.0,0,74.7,60.0,1935,5.77,1028018.2634760705,11 dias e 21 horas,2026-09-22T03:22:44+00:00
2,770,Allianz Seguros,allianz-seguros,https://www.reclameaqui.com.br/empresa/allianz-seguros/,61573796000166,1.0,LAST_YEAR,Ano civil 2025,2025-01-01T00:00:00,2025-12-31T23:59:59,GOOD,Boa,7.1,3593,3593,100.0,0,74.7,58.9,1924,5.76,1040442.3991093794,12 dias e 1 horas,2026-09-22T03:22:44+00:00
2,770,Allianz Seguros,allianz-seguros,https://www.reclameaqui.com.br/empresa/allianz-seguros/,61573796000166,1.0,PAST_LAST_YEAR,Ano civil 2024,2024-01-01T00:00:00,2024-12-31T23:59:59,REGULAR,Regular,6.8,2928,2928,100.0,0,70.0,53.3,1621,5.38,846730.0426912569,9 dias e 19 horas,2026-09-22T03:22:44+00:00
2,770,Allianz Seguros,allianz-seguros,https://www.reclameaqui.com.br/empresa/allianz-seguros/,61573796000166,1.0,LAST_THREE_YEARS,Últimos 3 anos (rótulo 'Geral' na interface do RA),2023-09-22T00:00:00,2026-09-21T23:59:59,GOOD,Boa,7.0,10246,10169,99.2,77,72.8,57.0,5299,5.59,914902.9354902153,10 dias e 14 horas,2026-09-22T03:22:44+00:00
3,z--xedgZylstIq7B,Suiça Seguradora,suica-seguradora,https://www.reclameaqui.com.br/empresa/suica-seguradora/,46411471000193,1.0,SIX_MONTHS,Últimos 6 meses,2026-03-01T00:00:00,2026-08-31T23:59:59,NO_INDEX,Sem índice,--,18,18,100.0,0,--,--,6,--,287311.6111111111,3 dias e 7 horas,2026-09-22T03:22:44+00:00
3,z--xedgZylstIq7B,Suiça Seguradora,suica-seguradora,https://www.reclameaqui.com.br/empresa/suica-seguradora/,46411471000193,1.0,TWELVE_MONTHS,Últimos 12 meses,2025-09-01T00:00:00,2026-08-31T23:59:59,REGULAR,Regular,6.3,35,35,100.0,0,66.7,41.7,12,4.92,385533.8857142857,4 dias e 11 horas,2026-09-22T03:22:44+00:00
3,z--xedgZylstIq7B,Suiça Seguradora,suica-seguradora,https://www.reclameaqui.com.br/empresa/suica-seguradora/,46411471000193,1.0,LAST_YEAR,Ano civil 2025,2025-01-01T00:00:00,2025-12-31T23:59:59,NOT_RECOMMENDED,Não recomendada,4.8,37,37,100.0,0,44.4,27.8,18,3.17,406107.54054054053,4 dias e 16 horas,2026-09-22T03:22:44+00:00
3,z--xedgZylstIq7B,Suiça Seguradora,suica-seguradora,https://www.reclameaqui.com.br/empresa/suica-seguradora/,46411471000193,1.0,PAST_LAST_YEAR,Ano civil 2024,2024-01-01T00:00:00,2024-12-31T23:59:59,NO_INDEX,Sem índice,--,14,14,100.0,0,--,--,5,--,366669.35714285716,4 dias e 5 horas,2026-09-22T03:22:44+00:00
3,z--xedgZylstIq7B,Suiça Seguradora,suica-seguradora,https://www.reclameaqui.com.br/empresa/suica-seguradora/,46411471000193,1.0,LAST_THREE_YEARS,Últimos 3 anos (rótulo 'Geral' na interface do RA),2023-09-22T00:00:00,2026-09-21T23:59:59,BAD,Ruim,5.4,79,79,100.0,0,51.5,36.4,33,3.67,350957.3417721519,4 dias e 1 horas,2026-09-22T03:22:44+00:00
4,114028,Youse Seguros,youse-seguros,https://www.reclameaqui.com.br/empresa/youse-seguros/,34020354000110,1.0,SIX_MONTHS,Últimos 6 meses,2026-03-01T00:00:00,2026-08-31T23:59:59,GOOD,Boa,7.1,2254,2164,96.0,35,78.2,58.0,981,5.71,1866741.5767097967,21 dias e 14 horas,2026-09-22T03:22:44+00:00
4,114028,Youse Seguros,youse-seguros,https://www.reclameaqui.com.br/empresa/youse-seguros/,34020354000110,1.0,TWELVE_MONTHS,Últimos 12 meses,2025-09-01T00:00:00,2026-08-31T23:59:59,GOOD,Boa,7.2,4249,3815,89.8,256,79.3,61.3,2066,5.94,1738128.284927916,20 dias e 2 horas,2026-09-22T03:22:44+00:00
4,114028,Youse Seguros,youse-seguros,https://www.reclameaqui.com.br/empresa/youse-seguros/,34020354000110,1.0,LAST_YEAR,Ano civil 2025,2025-01-01T00:00:00,2025-12-31T23:59:59,GOOD,Boa,7.1,3327,2936,88.2,268,77.2,61.4,1846,5.88,821108.4775204359,9 dias e 12 horas,2026-09-22T03:22:44+00:00
4,114028,Youse Seguros,youse-seguros,https://www.reclameaqui.com.br/empresa/youse-seguros/,34020354000110,1.0,PAST_LAST_YEAR,Ano civil 2024,2024-01-01T00:00:00,2024-12-31T23:59:59,REGULAR,Regular,6.8,2956,2936,99.3,0,72.2,56.2,1634,5.24,890998.0708446867,10 dias e 7 horas,2026-09-22T03:22:44+00:00
4,114028,Youse Seguros,youse-seguros,https://www.reclameaqui.com.br/empresa/youse-seguros/,34020354000110,1.0,LAST_THREE_YEARS,Últimos 3 anos (rótulo 'Geral' na interface do RA),2023-09-22T00:00:00,2026-09-21T23:59:59,GOOD,Boa,7.0,10227,9542,93.3,451,75.9,58.7,5293,5.63,1173909.301928317,13 dias e 14 horas,2026-09-22T03:22:44+00:00
5,0I8Ksl8ztLB2CIlw,SPLIT RISK SEGURADORA S.A.,split-risk-seguradora-s-a,https://www.reclameaqui.com.br/empresa/split-risk-seguradora-s-a/,43505273000109,1.0,SIX_MONTHS,Últimos 6 meses,2026-03-01T00:00:00,2026-08-31T23:59:59,NO_INDEX,Sem índice,--,7,6,85.7,1,--,--,6,--,952632.3333333334,11 dias e 0 horas,2026-09-22T03:22:44+00:00
5,0I8Ksl8ztLB2CIlw,SPLIT RISK SEGURADORA S.A.,split-risk-seguradora-s-a,https://www.reclameaqui.com.br/empresa/split-risk-seguradora-s-a/,43505273000109,1.0,TWELVE_MONTHS,Últimos 12 meses,2025-09-01T00:00:00,2026-08-31T23:59:59,GREAT,Ótima,8.2,24,23,95.8,1,82.4,76.5,19,7.76,500929.3043478261,5 dias e 19 horas,2026-09-22T03:22:44+00:00
5,0I8Ksl8ztLB2CIlw,SPLIT RISK SEGURADORA S.A.,split-risk-seguradora-s-a,https://www.reclameaqui.com.br/empresa/split-risk-seguradora-s-a/,43505273000109,1.0,LAST_YEAR,Ano civil 2025,2025-01-01T00:00:00,2025-12-31T23:59:59,GOOD,Boa,7.0,53,53,100.0,0,74.4,51.3,41,5.87,187857.64150943398,2 dias e 4 horas,2026-09-22T03:22:44+00:00
5,0I8Ksl8ztLB2CIlw,SPLIT RISK SEGURADORA S.A.,split-risk-seguradora-s-a,https://www.reclameaqui.com.br/empresa/split-risk-seguradora-s-a/,43505273000109,1.0,PAST_LAST_YEAR,Ano civil 2024,2024-01-01T00:00:00,2024-12-31T23:59:59,NOT_RECOMMENDED,Não recomendada,4.9,144,144,100.0,0,52.3,23.1,66,2.88,303099.2013888889,3 dias e 12 horas,2026-09-22T03:22:44+00:00
5,0I8Ksl8ztLB2CIlw,SPLIT RISK SEGURADORA S.A.,split-risk-seguradora-s-a,https://www.reclameaqui.com.br/empresa/split-risk-seguradora-s-a/,43505273000109,1.0,LAST_THREE_YEARS,Últimos 3 anos (rótulo 'Geral' na interface do RA),2023-09-22T00:00:00,2026-09-21T23:59:59,BAD,Ruim,5.9,223,220,98.7,3,63.3,37.5,124,4.33,283153.6,3 dias e 6 horas,2026-09-22T03:22:44+00:00
6,qvm3IB19hVod30t-,Sombrero Seguros,sombrero-seguros,https://www.reclameaqui.com.br/empresa/sombrero-seguros/,00000000000,1.0,SIX_MONTHS,Últimos 6 meses,2026-03-01T00:00:00,2026-08-31T23:59:59,NO_INDEX,Sem índice,--,5,5,100.0,0,--,--,3,--,780694.2,9 dias e 0 horas,2026-09-22T03:22:44+00:00
6,qvm3IB19hVod30t-,Sombrero Seguros,sombrero-seguros,https://www.reclameaqui.com.br/empresa/sombrero-seguros/,00000000000,1.0,TWELVE_MONTHS,Últimos 12 meses,2025-09-01T00:00:00,2026-08-31T23:59:59,NO_INDEX,Sem índice,--,8,8,100.0,0,--,--,5,--,852579.0,9 dias e 20 horas,2026-09-22T03:22:44+00:00
6,qvm3IB19hVod30t-,Sombrero Seguros,sombrero-seguros,https://www.reclameaqui.com.br/empresa/sombrero-seguros/,00000000000,1.0,LAST_YEAR,Ano civil 2025,2025-01-01T00:00:00,2025-12-31T23:59:59,NO_INDEX,Sem índice,--,6,6,100.0,0,--,--,2,--,627595.5,7 dias e 6 horas,2026-09-22T03:22:44+00:00
6,qvm3IB19hVod30t-,Sombrero Seguros,sombrero-seguros,https://www.reclameaqui.com.br/empresa/sombrero-seguros/,00000000000,1.0,PAST_LAST_YEAR,Ano civil 2024,2024-01-01T00:00:00,2024-12-31T23:59:59,NO_INDEX,Sem índice,--,1,0,0.0,0,--,--,1,--,--,,2026-09-22T03:22:44+00:00
6,qvm3IB19hVod30t-,Sombrero Seguros,sombrero-seguros,https://www.reclameaqui.com.br/empresa/sombrero-seguros/,00000000000,1.0,LAST_THREE_YEARS,Últimos 3 anos (rótulo 'Geral' na interface do RA),2023-09-22T00:00:00,2026-09-21T23:59:59,NO_INDEX,Sem índice,--,13,12,92.3,0,--,--,7,--,712762.0,8 dias e 5 horas,2026-09-22T03:22:44+00:00
8,9227,HDI Seguros,hdi-seguros,https://www.reclameaqui.com.br/empresa/hdi-seguros/,29980158000157,1.0,SIX_MONTHS,Últimos 6 meses,2026-03-01T00:00:00,2026-08-31T23:59:59,REGULAR,Regular,6.7,1396,1395,99.9,1,70.0,53.6,564,5.11,774704.488172043,8 dias e 23 horas,2026-09-22T03:22:44+00:00
8,9227,HDI Seguros,hdi-seguros,https://www.reclameaqui.com.br/empresa/hdi-seguros/,29980158000157,1.0,TWELVE_MONTHS,Últimos 12 meses,2025-09-01T00:00:00,2026-08-31T23:59:59,REGULAR,Regular,6.5,2782,2779,99.9,1,67.9,51.3,1208,4.96,891951.0996761424,10 dias e 7 horas,2026-09-22T03:22:44+00:00
8,9227,HDI Seguros,hdi-seguros,https://www.reclameaqui.com.br/empresa/hdi-seguros/,29980158000157,1.0,LAST_YEAR,Ano civil 2025,2025-01-01T00:00:00,2025-12-31T23:59:59,REGULAR,Regular,6.5,2814,2812,99.9,0,68.7,50.0,1420,4.88,815357.3378378379,9 dias e 10 horas,2026-09-22T03:22:44+00:00
8,9227,HDI Seguros,hdi-seguros,https://www.reclameaqui.com.br/empresa/hdi-seguros/,29980158000157,1.0,PAST_LAST_YEAR,Ano civil 2024,2024-01-01T00:00:00,2024-12-31T23:59:59,REGULAR,Regular,6.4,3768,3768,100.0,0,68.5,47.4,1962,4.82,662493.9694798301,7 dias e 16 horas,2026-09-22T03:22:44+00:00
8,9227,HDI Seguros,hdi-seguros,https://www.reclameaqui.com.br/empresa/hdi-seguros/,29980158000157,1.0,LAST_THREE_YEARS,Últimos 3 anos (rótulo 'Geral' na interface do RA),2023-09-21T00:00:00,2026-09-20T23:59:59,REGULAR,Regular,6.5,9736,9666,99.3,64,69.1,49.1,4729,4.92,774298.3704738258,8 dias e 23 horas,2026-09-22T03:22:44+00:00
9,106523,Essor Seguros,essor,https://www.reclameaqui.com.br/empresa/essor/,14525684000150,1.0,SIX_MONTHS,Últimos 6 meses,2026-03-01T00:00:00,2026-08-31T23:59:59,GOOD,Boa,7.5,48,48,100.0,0,82.1,60.7,28,6.14,934370.5625,10 dias e 19 horas,2026-09-22T03:22:44+00:00
9,106523,Essor Seguros,essor,https://www.reclameaqui.com.br/empresa/essor/,14525684000150,1.0,TWELVE_MONTHS,Últimos 12 meses,2025-09-01T00:00:00,2026-08-31T23:59:59,GOOD,Boa,7.1,90,90,100.0,0,73.5,57.1,49,5.92,836812.0222222222,9 dias e 16 horas,2026-09-22T03:22:44+00:00
9,106523,Essor Seguros,essor,https://www.reclameaqui.com.br/empresa/essor/,14525684000150,1.0,LAST_YEAR,Ano civil 2025,2025-01-01T00:00:00,2025-12-31T23:59:59,GOOD,Boa,7.0,93,93,100.0,0,75.0,51.9,52,5.77,660161.3118279569,7 dias e 15 horas,2026-09-22T03:22:44+00:00
9,106523,Essor Seguros,essor,https://www.reclameaqui.com.br/empresa/essor/,14525684000150,1.0,PAST_LAST_YEAR,Ano civil 2024,2024-01-01T00:00:00,2024-12-31T23:59:59,REGULAR,Regular,6.8,85,85,100.0,0,70.7,56.1,41,5.12,281465.4235294118,3 dias e 6 horas,2026-09-22T03:22:44+00:00
9,106523,Essor Seguros,essor,https://www.reclameaqui.com.br/empresa/essor/,14525684000150,1.0,LAST_THREE_YEARS,Últimos 3 anos (rótulo 'Geral' na interface do RA),2023-09-22T00:00:00,2026-09-21T23:59:59,REGULAR,Regular,6.9,271,269,99.3,2,74.6,52.8,142,5.49,570797.2267657992,6 dias e 14 horas,2026-09-22T03:22:44+00:00
10,rW_xVDjIh8MHL3sU,BP SEGURADORA,bp-seguradora,https://www.reclameaqui.com.br/empresa/bp-seguradora/,50180527000113,1.0,SIX_MONTHS,Últimos 6 meses,2026-03-01T00:00:00,2026-08-31T23:59:59,RA1000,RA1000,8.6,346,336,97.1,9,93.5,75.9,184,7.89,1038586.4583333334,12 dias e 0 horas,2026-09-22T03:22:44+00:00
10,rW_xVDjIh8MHL3sU,BP SEGURADORA,bp-seguradora,https://www.reclameaqui.com.br/empresa/bp-seguradora/,50180527000113,1.0,TWELVE_MONTHS,Últimos 12 meses,2025-09-01T00:00:00,2026-08-31T23:59:59,GREAT,Ótima,8.4,650,637,98.0,9,89.8,74.3,350,7.52,1157897.1114599686,13 dias e 9 horas,2026-09-22T03:22:44+00:00
10,rW_xVDjIh8MHL3sU,BP SEGURADORA,bp-seguradora,https://www.reclameaqui.com.br/empresa/bp-seguradora/,50180527000113,1.0,LAST_YEAR,Ano civil 2025,2025-01-01T00:00:00,2025-12-31T23:59:59,GREAT,Ótima,8.2,339,339,100.0,0,84.7,75.1,209,7.15,1017724.9026548673,11 dias e 18 horas,2026-09-22T03:22:44+00:00
10,rW_xVDjIh8MHL3sU,BP SEGURADORA,bp-seguradora,https://www.reclameaqui.com.br/empresa/bp-seguradora/,50180527000113,1.0,PAST_LAST_YEAR,Ano civil 2024,2024-01-01T00:00:00,2024-12-31T23:59:59,NO_INDEX,Sem índice,--,0,0,0.0,0,--,--,0,--,--,,2026-09-22T03:22:44+00:00
10,rW_xVDjIh8MHL3sU,BP SEGURADORA,bp-seguradora,https://www.reclameaqui.com.br/empresa/bp-seguradora/,50180527000113,1.0,LAST_THREE_YEARS,Últimos 3 anos (rótulo 'Geral' na interface do RA),2023-09-22T00:00:00,2026-09-21T23:59:59,GREAT,Ótima,8.2,884,830,93.9,50,87.9,74.5,475,7.43,1057464.2325301205,12 dias e 5 horas,2026-09-22T03:22:44+00:00
11,9227,HDI Seguros,hdi-seguros,https://www.reclameaqui.com.br/empresa/hdi-seguros/,29980158000157,0.5,SIX_MONTHS,Últimos 6 meses,2026-03-01T00:00:00,2026-08-31T23:59:59,REGULAR,Regular,6.7,1396,1395,99.9,1,70.0,53.6,564,5.11,774704.488172043,8 dias e 23 horas,2026-09-22T03:22:44+00:00
11,9227,HDI Seguros,hdi-seguros,https://www.reclameaqui.com.br/empresa/hdi-seguros/,29980158000157,0.5,TWELVE_MONTHS,Últimos 12 meses,2025-09-01T00:00:00,2026-08-31T23:59:59,REGULAR,Regular,6.5,2782,2779,99.9,1,67.9,51.3,1208,4.96,891951.0996761424,10 dias e 7 horas,2026-09-22T03:22:44+00:00
11,9227,HDI Seguros,hdi-seguros,https://www.reclameaqui.com.br/empresa/hdi-seguros/,29980158000157,0.5,LAST_YEAR,Ano civil 2025,2025-01-01T00:00:00,2025-12-31T23:59:59,REGULAR,Regular,6.5,2814,2812,99.9,0,68.7,50.0,1420,4.88,815357.3378378379,9 dias e 10 horas,2026-09-22T03:22:44+00:00
11,9227,HDI Seguros,hdi-seguros,https://www.reclameaqui.com.br/empresa/hdi-seguros/,29980158000157,0.5,PAST_LAST_YEAR,Ano civil 2024,2024-01-01T00:00:00,2024-12-31T23:59:59,REGULAR,Regular,6.4,3768,3768,100.0,0,68.5,47.4,1962,4.82,662493.9694798301,7 dias e 16 horas,2026-09-22T03:22:44+00:00
11,9227,HDI Seguros,hdi-seguros,https://www.reclameaqui.com.br/empresa/hdi-seguros/,29980158000157,0.5,LAST_THREE_YEARS,Últimos 3 anos (rótulo 'Geral' na interface do RA),2023-09-21T00:00:00,2026-09-20T23:59:59,REGULAR,Regular,6.5,9736,9666,99.3,64,69.1,49.1,4729,4.92,774298.3704738258,8 dias e 23 horas,2026-09-22T03:22:44+00:00
12,jyzNmtjPjApBXfgq,Santander Auto ,santander-auto,https://www.reclameaqui.com.br/empresa/santander-auto/,30617319000121,1.0,SIX_MONTHS,Últimos 6 meses,2026-03-01T00:00:00,2026-08-31T23:59:59,GOOD,Boa,7.3,172,164,95.3,8,80.3,61.8,77,5.96,639426.0,7 dias e 9 horas,2026-09-22T03:22:44+00:00
12,jyzNmtjPjApBXfgq,Santander Auto ,santander-auto,https://www.reclameaqui.com.br/empresa/santander-auto/,30617319000121,1.0,TWELVE_MONTHS,Últimos 12 meses,2025-09-01T00:00:00,2026-08-31T23:59:59,REGULAR,Regular,6.8,347,329,94.8,13,74.1,55.7,159,5.38,751109.981762918,8 dias e 16 horas,2026-09-22T03:22:44+00:00
12,jyzNmtjPjApBXfgq,Santander Auto ,santander-auto,https://www.reclameaqui.com.br/empresa/santander-auto/,30617319000121,1.0,LAST_YEAR,Ano civil 2025,2025-01-01T00:00:00,2025-12-31T23:59:59,REGULAR,Regular,6.5,359,341,95.0,14,71.6,49.6,153,4.88,1070557.9706744868,12 dias e 9 horas,2026-09-22T03:22:44+00:00
12,jyzNmtjPjApBXfgq,Santander Auto ,santander-auto,https://www.reclameaqui.com.br/empresa/santander-auto/,30617319000121,1.0,PAST_LAST_YEAR,Ano civil 2024,2024-01-01T00:00:00,2024-12-31T23:59:59,REGULAR,Regular,6.9,465,425,91.4,24,77.7,55.8,220,5.37,1337508.2305882352,15 dias e 11 horas,2026-09-22T03:22:44+00:00
12,jyzNmtjPjApBXfgq,Santander Auto ,santander-auto,https://www.reclameaqui.com.br/empresa/santander-auto/,30617319000121,1.0,LAST_THREE_YEARS,Últimos 3 anos (rótulo 'Geral' na interface do RA),2023-09-22T00:00:00,2026-09-21T23:59:59,REGULAR,Regular,6.9,1220,1145,93.9,52,77.0,54.8,555,5.39,1076041.2672489083,12 dias e 10 horas,2026-09-22T03:22:44+00:00
15,10737,Banco Daycoval,banco-daycoval,https://www.reclameaqui.com.br/empresa/banco-daycoval/,62232889000190,1.0,SIX_MONTHS,Últimos 6 meses,2026-03-01T00:00:00,2026-08-31T23:59:59,REGULAR,Regular,6.3,7842,7840,100.0,2,64.9,46.3,2603,4.71,858615.0461734694,9 dias e 22 horas,2026-09-22T03:22:44+00:00
15,10737,Banco Daycoval,banco-daycoval,https://www.reclameaqui.com.br/empresa/banco-daycoval/,62232889000190,1.0,TWELVE_MONTHS,Últimos 12 meses,2025-09-01T00:00:00,2026-08-31T23:59:59,REGULAR,Regular,6.7,12158,12156,100.0,2,69.4,51.6,4365,5.16,761125.6352418559,8 dias e 19 horas,2026-09-22T03:22:44+00:00
15,10737,Banco Daycoval,banco-daycoval,https://www.reclameaqui.com.br/empresa/banco-daycoval/,62232889000190,1.0,LAST_YEAR,Ano civil 2025,2025-01-01T00:00:00,2025-12-31T23:59:59,GOOD,Boa,7.4,7600,7600,100.0,0,78.2,60.9,3311,6.07,612605.6386842105,7 dias e 2 horas,2026-09-22T03:22:44+00:00
15,10737,Banco Daycoval,banco-daycoval,https://www.reclameaqui.com.br/empresa/banco-daycoval/,62232889000190,1.0,PAST_LAST_YEAR,Ano civil 2024,2024-01-01T00:00:00,2024-12-31T23:59:59,GOOD,Boa,7.5,6578,6578,100.0,0,79.0,61.2,2878,6.33,740097.8587716632,8 dias e 13 horas,2026-09-22T03:22:44+00:00
15,10737,Banco Daycoval,banco-daycoval,https://www.reclameaqui.com.br/empresa/banco-daycoval/,62232889000190,1.0,LAST_THREE_YEARS,Últimos 3 anos (rótulo 'Geral' na interface do RA),2023-09-22T00:00:00,2026-09-21T23:59:59,GOOD,Boa,7.0,26059,25746,98.8,313,74.3,56.4,10261,5.72,740328.0461819312,8 dias e 13 horas,2026-09-22T03:22:44+00:00
16,OlXI_rIJoFY2jA5r,OXXY SEGURADORA,oxxy-seguradora,https://www.reclameaqui.com.br/empresa/oxxy-seguradora/,42518229000162,1.0,SIX_MONTHS,Últimos 6 meses,2026-03-01T00:00:00,2026-08-31T23:59:59,NO_INDEX,Sem índice,--,11,11,100.0,0,--,--,3,--,2559574.5454545454,29 dias e 14 horas,2026-09-22T03:22:44+00:00
16,OlXI_rIJoFY2jA5r,OXXY SEGURADORA,oxxy-seguradora,https://www.reclameaqui.com.br/empresa/oxxy-seguradora/,42518229000162,1.0,TWELVE_MONTHS,Últimos 12 meses,2025-09-01T00:00:00,2026-08-31T23:59:59,NO_INDEX,Sem índice,--,12,12,100.0,0,--,--,3,--,3507210.25,40 dias e 14 horas,2026-09-22T03:22:44+00:00
16,OlXI_rIJoFY2jA5r,OXXY SEGURADORA,oxxy-seguradora,https://www.reclameaqui.com.br/empresa/oxxy-seguradora/,42518229000162,1.0,LAST_YEAR,Ano civil 2025,2025-01-01T00:00:00,2025-12-31T23:59:59,NO_INDEX,Sem índice,--,1,1,100.0,0,--,--,0,--,437266.0,5 dias e 1 horas,2026-09-22T03:22:44+00:00
16,OlXI_rIJoFY2jA5r,OXXY SEGURADORA,oxxy-seguradora,https://www.reclameaqui.com.br/empresa/oxxy-seguradora/,42518229000162,1.0,PAST_LAST_YEAR,Ano civil 2024,2024-01-01T00:00:00,2024-12-31T23:59:59,NO_INDEX,Sem índice,--,3,3,100.0,0,--,--,1,--,665895.0,7 dias e 16 horas,2026-09-22T03:22:44+00:00
16,OlXI_rIJoFY2jA5r,OXXY SEGURADORA,oxxy-seguradora,https://www.reclameaqui.com.br/empresa/oxxy-seguradora/,42518229000162,1.0,LAST_THREE_YEARS,Últimos 3 anos (rótulo 'Geral' na interface do RA),2023-09-21T00:00:00,2026-09-20T23:59:59,NO_INDEX,Sem índice,--,18,16,88.9,2,--,--,4,--,2782592.125,32 dias e 4 horas,2026-09-22T03:22:44+00:00
17,41924,Comprev Vida e Previdência,comprev-vida-e-previdencia,https://www.reclameaqui.com.br/empresa/comprev-vida-e-previdencia/,33634999000180,1.0,SIX_MONTHS,Últimos 6 meses,2026-03-01T00:00:00,2026-08-31T23:59:59,BAD,Ruim,5.3,27,27,100.0,0,46.2,38.5,13,3.77,352979.18518518517,4 dias e 2 horas,2026-09-22T03:22:44+00:00
17,41924,Comprev Vida e Previdência,comprev-vida-e-previdencia,https://www.reclameaqui.com.br/empresa/comprev-vida-e-previdencia/,33634999000180,1.0,TWELVE_MONTHS,Últimos 12 meses,2025-09-01T00:00:00,2026-08-31T23:59:59,BAD,Ruim,5.1,47,47,100.0,0,45.0,35.0,20,3.40,340870.3404255319,3 dias e 22 horas,2026-09-22T03:22:44+00:00
17,41924,Comprev Vida e Previdência,comprev-vida-e-previdencia,https://www.reclameaqui.com.br/empresa/comprev-vida-e-previdencia/,33634999000180,1.0,LAST_YEAR,Ano civil 2025,2025-01-01T00:00:00,2025-12-31T23:59:59,BAD,Ruim,5.5,32,32,100.0,0,56.3,37.5,16,3.69,250659.28125,2 dias e 21 horas,2026-09-22T03:22:44+00:00
17,41924,Comprev Vida e Previdência,comprev-vida-e-previdencia,https://www.reclameaqui.com.br/empresa/comprev-vida-e-previdencia/,33634999000180,1.0,PAST_LAST_YEAR,Ano civil 2024,2024-01-01T00:00:00,2024-12-31T23:59:59,NO_INDEX,Sem índice,--,20,20,100.0,0,--,--,8,--,668967.3,7 dias e 17 horas,2026-09-22T03:22:44+00:00
17,41924,Comprev Vida e Previdência,comprev-vida-e-previdencia,https://www.reclameaqui.com.br/empresa/comprev-vida-e-previdencia/,33634999000180,1.0,LAST_THREE_YEARS,Últimos 3 anos (rótulo 'Geral' na interface do RA),2023-09-22T00:00:00,2026-09-21T23:59:59,BAD,Ruim,5.4,91,91,100.0,0,51.2,34.1,41,3.98,373115.8021978022,4 dias e 7 horas,2026-09-22T03:22:44+00:00
19,109609,Aruana Seguradora,aruana-seguros,https://www.reclameaqui.com.br/empresa/aruana-seguros/,07017295000158,1.0,SIX_MONTHS,Últimos 6 meses,2026-03-01T00:00:00,2026-08-31T23:59:59,NOT_RECOMMENDED,Não recomendada,4.6,135,135,100.0,0,50.7,20.9,67,2.22,585310.7703703704,6 dias e 18 horas,2026-09-22T03:22:44+00:00
19,109609,Aruana Seguradora,aruana-seguros,https://www.reclameaqui.com.br/empresa/aruana-seguros/,07017295000158,1.0,TWELVE_MONTHS,Últimos 12 meses,2025-09-01T00:00:00,2026-08-31T23:59:59,BAD,Ruim,5.0,216,216,100.0,0,60.8,23.7,97,2.48,574923.074074074,6 dias e 15 horas,2026-09-22T03:22:44+00:00
19,109609,Aruana Seguradora,aruana-seguros,https://www.reclameaqui.com.br/empresa/aruana-seguros/,07017295000158,1.0,LAST_YEAR,Ano civil 2025,2025-01-01T00:00:00,2025-12-31T23:59:59,REGULAR,Regular,6.3,114,114,100.0,0,78.8,36.5,52,3.94,373598.1842105263,4 dias e 7 horas,2026-09-22T03:22:44+00:00
19,109609,Aruana Seguradora,aruana-seguros,https://www.reclameaqui.com.br/empresa/aruana-seguros/,07017295000158,1.0,PAST_LAST_YEAR,Ano civil 2024,2024-01-01T00:00:00,2024-12-31T23:59:59,BAD,Ruim,5.9,56,56,100.0,0,66.7,33.3,21,4.19,326619.66071428574,3 dias e 18 horas,2026-09-22T03:22:44+00:00
19,109609,Aruana Seguradora,aruana-seguros,https://www.reclameaqui.com.br/empresa/aruana-seguros/,07017295000158,1.0,LAST_THREE_YEARS,Últimos 3 anos (rótulo 'Geral' na interface do RA),2023-09-22T00:00:00,2026-09-21T23:59:59,BAD,Ruim,5.5,357,352,98.6,5,66.5,28.0,164,3.16,468877.48295454547,5 dias e 10 horas,2026-09-22T03:22:44+00:00
20,12700,Assurant Seguradora,assurant-seguradora,https://www.reclameaqui.com.br/empresa/assurant-seguradora/,03823704000152,1.0,SIX_MONTHS,Últimos 6 meses,2026-03-01T00:00:00,2026-08-31T23:59:59,REGULAR,Regular,6.6,2221,2102,94.6,95,72.8,50.2,852,5.13,2195216.496194101,25 dias e 9 horas,2026-09-22T03:22:44+00:00
20,12700,Assurant Seguradora,assurant-seguradora,https://www.reclameaqui.com.br/empresa/assurant-seguradora/,03823704000152,1.0,TWELVE_MONTHS,Últimos 12 meses,2025-09-01T00:00:00,2026-08-31T23:59:59,GOOD,Boa,7.1,3786,3664,96.8,95,77.2,55.7,1641,5.64,1872201.0829694322,21 dias e 16 horas,2026-09-22T03:22:44+00:00
20,12700,Assurant Seguradora,assurant-seguradora,https://www.reclameaqui.com.br/empresa/assurant-seguradora/,03823704000152,1.0,LAST_YEAR,Ano civil 2025,2025-01-01T00:00:00,2025-12-31T23:59:59,GOOD,Boa,7.9,3056,3052,99.9,0,87.0,65.2,1678,6.48,1515506.5992791613,17 dias e 12 horas,2026-09-22T03:22:44+00:00
20,12700,Assurant Seguradora,assurant-seguradora,https://www.reclameaqui.com.br/empresa/assurant-seguradora/,03823704000152,1.0,PAST_LAST_YEAR,Ano civil 2024,2024-01-01T00:00:00,2024-12-31T23:59:59,GREAT,Ótima,8.0,2153,2145,99.6,1,88.9,66.7,1343,6.85,1465343.826107226,16 dias e 23 horas,2026-09-22T03:22:44+00:00
20,12700,Assurant Seguradora,assurant-seguradora,https://www.reclameaqui.com.br/empresa/assurant-seguradora/,03823704000152,1.0,LAST_THREE_YEARS,Últimos 3 anos (rótulo 'Geral' na interface do RA),2023-09-21T00:00:00,2026-09-20T23:59:59,GOOD,Boa,7.6,8695,8382,96.4,276,84.2,62.1,4411,6.29,1671146.3816511573,19 dias e 8 horas,2026-09-22T03:22:44+00:00
21,K8UsSJg-tOyG7SHb,Justos ,justos-consultoria,https://www.reclameaqui.com.br/empresa/justos-consultoria/,40317530000182,1.0,SIX_MONTHS,Últimos 6 meses,2026-03-01T00:00:00,2026-08-31T23:59:59,RA1000,RA1000,8.3,142,138,97.2,3,90.5,74.6,75,7.03,1489486.2898550725,17 dias e 5 horas,2026-09-22T03:22:44+00:00
21,K8UsSJg-tOyG7SHb,Justos ,justos-consultoria,https://www.reclameaqui.com.br/empresa/justos-consultoria/,40317530000182,1.0,TWELVE_MONTHS,Últimos 12 meses,2025-09-01T00:00:00,2026-08-31T23:59:59,RA1000,RA1000,8.5,245,241,98.4,3,91.0,76.2,139,7.48,1283767.3029045644,14 dias e 20 horas,2026-09-22T03:22:44+00:00
21,K8UsSJg-tOyG7SHb,Justos ,justos-consultoria,https://www.reclameaqui.com.br/empresa/justos-consultoria/,40317530000182,1.0,LAST_YEAR,Ano civil 2025,2025-01-01T00:00:00,2025-12-31T23:59:59,RA1000,RA1000,8.7,181,181,100.0,0,91.5,80.5,129,7.97,801563.729281768,9 dias e 6 horas,2026-09-22T03:22:44+00:00
21,K8UsSJg-tOyG7SHb,Justos ,justos-consultoria,https://www.reclameaqui.com.br/empresa/justos-consultoria/,40317530000182,1.0,PAST_LAST_YEAR,Ano civil 2024,2024-01-01T00:00:00,2024-12-31T23:59:59,GREAT,Ótima,8.0,128,128,100.0,0,76.7,76.7,97,7.23,764216.7265625,8 dias e 20 horas,2026-09-22T03:22:44+00:00
21,K8UsSJg-tOyG7SHb,Justos ,justos-consultoria,https://www.reclameaqui.com.br/empresa/justos-consultoria/,40317530000182,1.0,LAST_THREE_YEARS,Últimos 3 anos (rótulo 'Geral' na interface do RA),2023-09-22T00:00:00,2026-09-21T23:59:59,GREAT,Ótima,8.3,570,555,97.4,14,87.0,77.0,369,7.50,1008540.0828828829,11 dias e 16 horas,2026-09-22T03:22:44+00:00
22,8pYLgjLWy8UHHoyd,Seguradora Austral,seguradora-austral,https://www.reclameaqui.com.br/empresa/seguradora-austral/,raichu,1.0,SIX_MONTHS,Últimos 6 meses,2026-03-01T00:00:00,2026-08-31T23:59:59,NO_INDEX,Sem índice,--,0,0,0.0,0,--,--,0,--,--,,2026-09-22T03:22:44+00:00
22,8pYLgjLWy8UHHoyd,Seguradora Austral,seguradora-austral,https://www.reclameaqui.com.br/empresa/seguradora-austral/,raichu,1.0,TWELVE_MONTHS,Últimos 12 meses,2025-09-01T00:00:00,2026-08-31T23:59:59,NO_INDEX,Sem índice,--,0,0,0.0,0,--,--,0,--,--,,2026-09-22T03:22:44+00:00
22,8pYLgjLWy8UHHoyd,Seguradora Austral,seguradora-austral,https://www.reclameaqui.com.br/empresa/seguradora-austral/,raichu,1.0,LAST_YEAR,Ano civil 2025,2025-01-01T00:00:00,2025-12-31T23:59:59,NO_INDEX,Sem índice,--,0,0,0.0,0,--,--,0,--,--,,2026-09-22T03:22:44+00:00
22,8pYLgjLWy8UHHoyd,Seguradora Austral,seguradora-austral,https://www.reclameaqui.com.br/empresa/seguradora-austral/,raichu,1.0,PAST_LAST_YEAR,Ano civil 2024,2024-01-01T00:00:00,2024-12-31T23:59:59,NO_INDEX,Sem índice,--,1,1,100.0,0,--,--,0,--,1132344.0,13 dias e 2 horas,2026-09-22T03:22:44+00:00
22,8pYLgjLWy8UHHoyd,Seguradora Austral,seguradora-austral,https://www.reclameaqui.com.br/empresa/seguradora-austral/,raichu,1.0,LAST_THREE_YEARS,Últimos 3 anos (rótulo 'Geral' na interface do RA),2023-09-17T00:00:00,2026-09-16T23:59:59,NO_INDEX,Sem índice,--,1,1,100.0,0,--,--,0,--,1132344.0,13 dias e 2 horas,2026-09-22T03:22:44+00:00
23,RZfI_zksPwHJd-mI,Omint Seguros ,omint-seguros-s-a,https://www.reclameaqui.com.br/empresa/omint-seguros-s-a/,20646890000110,1.0,SIX_MONTHS,Últimos 6 meses,2026-03-01T00:00:00,2026-08-31T23:59:59,NO_INDEX,Sem índice,--,11,11,100.0,0,--,--,6,--,96377.27272727272,1 dias e 2 horas,2026-09-22T03:22:44+00:00
23,RZfI_zksPwHJd-mI,Omint Seguros ,omint-seguros-s-a,https://www.reclameaqui.com.br/empresa/omint-seguros-s-a/,20646890000110,1.0,TWELVE_MONTHS,Últimos 12 meses,2025-09-01T00:00:00,2026-08-31T23:59:59,GOOD,Boa,7.6,29,29,100.0,0,92.3,38.5,13,6.77,67495.31034482758,0 dias e 18 horas,2026-09-22T03:22:44+00:00
23,RZfI_zksPwHJd-mI,Omint Seguros ,omint-seguros-s-a,https://www.reclameaqui.com.br/empresa/omint-seguros-s-a/,20646890000110,1.0,LAST_YEAR,Ano civil 2025,2025-01-01T00:00:00,2025-12-31T23:59:59,REGULAR,Regular,6.9,41,41,100.0,0,90.0,10.0,20,6.50,71965.41463414633,0 dias e 19 horas,2026-09-22T03:22:44+00:00
23,RZfI_zksPwHJd-mI,Omint Seguros ,omint-seguros-s-a,https://www.reclameaqui.com.br/empresa/omint-seguros-s-a/,20646890000110,1.0,PAST_LAST_YEAR,Ano civil 2024,2024-01-01T00:00:00,2024-12-31T23:59:59,NO_INDEX,Sem índice,--,0,0,0.0,0,--,--,0,--,--,,2026-09-22T03:22:44+00:00
23,RZfI_zksPwHJd-mI,Omint Seguros ,omint-seguros-s-a,https://www.reclameaqui.com.br/empresa/omint-seguros-s-a/,20646890000110,1.0,LAST_THREE_YEARS,Últimos 3 anos (rótulo 'Geral' na interface do RA),2023-09-22T00:00:00,2026-09-21T23:59:59,GOOD,Boa,7.2,59,59,100.0,0,93.1,24.1,29,6.48,75609.33898305085,0 dias e 21 horas,2026-09-22T03:22:44+00:00
25,80577,Akad Seguros,akad-seguros,https://www.reclameaqui.com.br/empresa/akad-seguros/,14868712000131,1.0,SIX_MONTHS,Últimos 6 meses,2026-03-01T00:00:00,2026-08-31T23:59:59,GOOD,Boa,7.2,74,74,100.0,0,74.2,61.3,31,5.87,656483.2567567568,7 dias e 14 horas,2026-09-22T03:22:44+00:00
25,80577,Akad Seguros,akad-seguros,https://www.reclameaqui.com.br/empresa/akad-seguros/,14868712000131,1.0,TWELVE_MONTHS,Últimos 12 meses,2025-09-01T00:00:00,2026-08-31T23:59:59,REGULAR,Regular,6.5,136,136,100.0,0,64.5,51.6,62,5.18,638718.0955882353,7 dias e 9 horas,2026-09-22T03:22:44+00:00
25,80577,Akad Seguros,akad-seguros,https://www.reclameaqui.com.br/empresa/akad-seguros/,14868712000131,1.0,LAST_YEAR,Ano civil 2025,2025-01-01T00:00:00,2025-12-31T23:59:59,GOOD,Boa,7.3,162,162,100.0,0,74.4,62.2,84,6.01,804715.6234567901,9 dias e 7 horas,2026-09-22T03:22:44+00:00
25,80577,Akad Seguros,akad-seguros,https://www.reclameaqui.com.br/empresa/akad-seguros/,14868712000131,1.0,PAST_LAST_YEAR,Ano civil 2024,2024-01-01T00:00:00,2024-12-31T23:59:59,REGULAR,Regular,6.6,162,162,100.0,0,68.3,56.1,82,4.85,474579.60493827163,5 dias e 11 horas,2026-09-22T03:22:44+00:00
25,80577,Akad Seguros,akad-seguros,https://www.reclameaqui.com.br/empresa/akad-seguros/,14868712000131,1.0,LAST_THREE_YEARS,Últimos 3 anos (rótulo 'Geral' na interface do RA),2023-09-22T00:00:00,2026-09-21T23:59:59,REGULAR,Regular,6.8,466,459,98.5,7,70.3,57.2,231,5.39,635033.5054466231,7 dias e 8 horas,2026-09-22T03:22:44+00:00
27,gZhF4Sc3hNFkS4Ml,AXA Seguros,axa-seguros,https://www.reclameaqui.com.br/empresa/axa-seguros/,19323190000106,1.0,SIX_MONTHS,Últimos 6 meses,2026-03-01T00:00:00,2026-08-31T23:59:59,GREAT,Ótima,8.0,104,101,97.1,1,93.6,57.4,55,7.02,1876119.712871287,21 dias e 17 horas,2026-09-22T03:22:44+00:00
27,gZhF4Sc3hNFkS4Ml,AXA Seguros,axa-seguros,https://www.reclameaqui.com.br/empresa/axa-seguros/,19323190000106,1.0,TWELVE_MONTHS,Últimos 12 meses,2025-09-01T00:00:00,2026-08-31T23:59:59,GREAT,Ótima,8.1,173,170,98.3,1,93.5,61.0,87,7.08,2059130.405882353,23 dias e 19 horas,2026-09-22T03:22:44+00:00
27,gZhF4Sc3hNFkS4Ml,AXA Seguros,axa-seguros,https://www.reclameaqui.com.br/empresa/axa-seguros/,19323190000106,1.0,LAST_YEAR,Ano civil 2025,2025-01-01T00:00:00,2025-12-31T23:59:59,RA1000,RA1000,8.7,135,134,99.3,0,93.9,77.3,68,7.79,2297026.9104477614,26 dias e 14 horas,2026-09-22T03:22:44+00:00
27,gZhF4Sc3hNFkS4Ml,AXA Seguros,axa-seguros,https://www.reclameaqui.com.br/empresa/axa-seguros/,19323190000106,1.0,PAST_LAST_YEAR,Ano civil 2024,2024-01-01T00:00:00,2024-12-31T23:59:59,GOOD,Boa,7.9,294,293,99.7,0,84.3,65.7,184,6.79,2248297.8600682593,26 dias e 0 horas,2026-09-22T03:22:44+00:00
27,gZhF4Sc3hNFkS4Ml,AXA Seguros,axa-seguros,https://www.reclameaqui.com.br/empresa/axa-seguros/,19323190000106,1.0,LAST_THREE_YEARS,Últimos 3 anos (rótulo 'Geral' na interface do RA),2023-09-22T00:00:00,2026-09-21T23:59:59,GREAT,Ótima,8.0,638,625,98.0,9,88.5,65.6,365,7.05,2106635.2112,24 dias e 9 horas,2026-09-22T03:22:44+00:00
30,w4r6ism8hDGJYfSC,Volts Seguradora S.a,volts-seguradora-s-a,https://www.reclameaqui.com.br/empresa/volts-seguradora-s-a/,61563788000139,1.0,SIX_MONTHS,Últimos 6 meses,2026-03-01T00:00:00,2026-08-31T23:59:59,NO_INDEX,Sem índice,--,1,1,100.0,0,--,--,1,--,39802.0,0 dias e 11 horas,2026-09-22T03:22:44+00:00
30,w4r6ism8hDGJYfSC,Volts Seguradora S.a,volts-seguradora-s-a,https://www.reclameaqui.com.br/empresa/volts-seguradora-s-a/,61563788000139,1.0,TWELVE_MONTHS,Últimos 12 meses,2025-09-01T00:00:00,2026-08-31T23:59:59,NO_INDEX,Sem índice,--,1,1,100.0,0,--,--,1,--,39802.0,0 dias e 11 horas,2026-09-22T03:22:44+00:00
30,w4r6ism8hDGJYfSC,Volts Seguradora S.a,volts-seguradora-s-a,https://www.reclameaqui.com.br/empresa/volts-seguradora-s-a/,61563788000139,1.0,LAST_YEAR,Ano civil 2025,2025-01-01T00:00:00,2025-12-31T23:59:59,NO_INDEX,Sem índice,--,0,0,0.0,0,--,--,0,--,--,,2026-09-22T03:22:44+00:00
30,w4r6ism8hDGJYfSC,Volts Seguradora S.a,volts-seguradora-s-a,https://www.reclameaqui.com.br/empresa/volts-seguradora-s-a/,61563788000139,1.0,PAST_LAST_YEAR,Ano civil 2024,2024-01-01T00:00:00,2024-12-31T23:59:59,NO_INDEX,Sem índice,--,0,0,0.0,0,--,--,0,--,--,,2026-09-22T03:22:44+00:00
30,w4r6ism8hDGJYfSC,Volts Seguradora S.a,volts-seguradora-s-a,https://www.reclameaqui.com.br/empresa/volts-seguradora-s-a/,61563788000139,1.0,LAST_THREE_YEARS,Últimos 3 anos (rótulo 'Geral' na interface do RA),2023-09-22T00:00:00,2026-09-21T23:59:59,NO_INDEX,Sem índice,--,1,1,100.0,0,--,--,1,--,39802.0,0 dias e 11 horas,2026-09-22T03:22:44+00:00
31,2268,Cardif Seguros,cardif-seguros,https://www.reclameaqui.com.br/empresa/cardif-seguros/,08279191000184,0.5,SIX_MONTHS,Últimos 6 meses,2026-03-01T00:00:00,2026-08-31T23:59:59,RA1000,RA1000,8.4,1345,1305,97.0,39,92.6,72.8,637,7.40,1158395.442145594,13 dias e 9 horas,2026-09-22T03:22:44+00:00
31,2268,Cardif Seguros,cardif-seguros,https://www.reclameaqui.com.br/empresa/cardif-seguros/,08279191000184,0.5,TWELVE_MONTHS,Últimos 12 meses,2025-09-01T00:00:00,2026-08-31T23:59:59,RA1000,RA1000,8.3,2284,2244,98.2,39,90.3,72.0,1146,7.29,1039871.2905525847,12 dias e 0 horas,2026-09-22T03:22:44+00:00
31,2268,Cardif Seguros,cardif-seguros,https://www.reclameaqui.com.br/empresa/cardif-seguros/,08279191000184,0.5,LAST_YEAR,Ano civil 2025,2025-01-01T00:00:00,2025-12-31T23:59:59,GREAT,Ótima,8.2,2512,2512,100.0,0,89.0,69.6,1288,7.09,795190.6600318472,9 dias e 4 horas,2026-09-22T03:22:44+00:00
31,2268,Cardif Seguros,cardif-seguros,https://www.reclameaqui.com.br/empresa/cardif-seguros/,08279191000184,0.5,PAST_LAST_YEAR,Ano civil 2024,2024-01-01T00:00:00,2024-12-31T23:59:59,RA1000,RA1000,8.3,2729,2728,100.0,0,91.5,71.2,1583,7.12,1008677.6480938416,11 dias e 16 horas,2026-09-22T03:22:44+00:00
31,2268,Cardif Seguros,cardif-seguros,https://www.reclameaqui.com.br/empresa/cardif-seguros/,08279191000184,0.5,LAST_THREE_YEARS,Últimos 3 anos (rótulo 'Geral' na interface do RA),2023-09-21T00:00:00,2026-09-20T23:59:59,RA1000,RA1000,8.3,7741,7513,97.1,226,91.1,71.6,4083,7.25,936914.2117662719,10 dias e 20 horas,2026-09-22T03:22:44+00:00
32,98842,SANCOR SEGUROS DO BRASIL S.A.,sancor-seguros-do-brasil-s-a,https://www.reclameaqui.com.br/empresa/sancor-seguros-do-brasil-s-a/,17643407000130,1.0,SIX_MONTHS,Últimos 6 meses,2026-03-01T00:00:00,2026-08-31T23:59:59,GOOD,Boa,7.3,77,77,100.0,0,79.4,58.8,34,5.91,286241.4935064935,3 dias e 7 horas,2026-09-22T03:22:44+00:00
32,98842,SANCOR SEGUROS DO BRASIL S.A.,sancor-seguros-do-brasil-s-a,https://www.reclameaqui.com.br/empresa/sancor-seguros-do-brasil-s-a/,17643407000130,1.0,TWELVE_MONTHS,Últimos 12 meses,2025-09-01T00:00:00,2026-08-31T23:59:59,GOOD,Boa,7.0,157,157,100.0,0,73.8,56.3,80,5.58,275488.6942675159,3 dias e 4 horas,2026-09-22T03:22:44+00:00
32,98842,SANCOR SEGUROS DO BRASIL S.A.,sancor-seguros-do-brasil-s-a,https://www.reclameaqui.com.br/empresa/sancor-seguros-do-brasil-s-a/,17643407000130,1.0,LAST_YEAR,Ano civil 2025,2025-01-01T00:00:00,2025-12-31T23:59:59,GOOD,Boa,7.0,153,153,100.0,0,70.3,59.5,74,5.80,215858.96078431373,2 dias e 11 horas,2026-09-22T03:22:44+00:00
32,98842,SANCOR SEGUROS DO BRASIL S.A.,sancor-seguros-do-brasil-s-a,https://www.reclameaqui.com.br/empresa/sancor-seguros-do-brasil-s-a/,17643407000130,1.0,PAST_LAST_YEAR,Ano civil 2024,2024-01-01T00:00:00,2024-12-31T23:59:59,REGULAR,Regular,6.5,96,96,100.0,0,65.6,45.9,61,5.31,268576.2395833333,3 dias e 2 horas,2026-09-22T03:22:44+00:00
32,98842,SANCOR SEGUROS DO BRASIL S.A.,sancor-seguros-do-brasil-s-a,https://www.reclameaqui.com.br/empresa/sancor-seguros-do-brasil-s-a/,17643407000130,1.0,LAST_THREE_YEARS,Últimos 3 anos (rótulo 'Geral' na interface do RA),2023-09-22T00:00:00,2026-09-21T23:59:59,GOOD,Boa,7.0,384,382,99.5,2,71.3,56.4,202,5.76,248146.43193717278,2 dias e 20 horas,2026-09-22T03:22:44+00:00
33,48bzfUmUvx3Uppe2,Gazin Seguros,gazin-seguros,https://www.reclameaqui.com.br/empresa/gazin-seguros/,77941490000155,1.0,SIX_MONTHS,Últimos 6 meses,2026-03-01T00:00:00,2026-08-31T23:59:59,GREAT,Ótima,9.1,56,56,100.0,0,97.1,85.7,35,8.26,626486.375,7 dias e 6 horas,2026-09-22T03:22:44+00:00
33,48bzfUmUvx3Uppe2,Gazin Seguros,gazin-seguros,https://www.reclameaqui.com.br/empresa/gazin-seguros/,77941490000155,1.0,TWELVE_MONTHS,Últimos 12 meses,2025-09-01T00:00:00,2026-08-31T23:59:59,GREAT,Ótima,9.0,101,101,100.0,0,95.0,85.0,61,8.08,509669.37623762374,5 dias e 21 horas,2026-09-22T03:22:44+00:00
33,48bzfUmUvx3Uppe2,Gazin Seguros,gazin-seguros,https://www.reclameaqui.com.br/empresa/gazin-seguros/,77941490000155,1.0,LAST_YEAR,Ano civil 2025,2025-01-01T00:00:00,2025-12-31T23:59:59,GREAT,Ótima,8.6,103,103,100.0,0,91.0,79.1,68,7.51,301414.8155339806,3 dias e 11 horas,2026-09-22T03:22:44+00:00
33,48bzfUmUvx3Uppe2,Gazin Seguros,gazin-seguros,https://www.reclameaqui.com.br/empresa/gazin-seguros/,77941490000155,1.0,PAST_LAST_YEAR,Ano civil 2024,2024-01-01T00:00:00,2024-12-31T23:59:59,GOOD,Boa,7.0,115,115,100.0,0,73.6,56.6,55,5.53,601856.852173913,6 dias e 23 horas,2026-09-22T03:22:44+00:00
33,48bzfUmUvx3Uppe2,Gazin Seguros,gazin-seguros,https://www.reclameaqui.com.br/empresa/gazin-seguros/,77941490000155,1.0,LAST_THREE_YEARS,Últimos 3 anos (rótulo 'Geral' na interface do RA),2023-09-22T00:00:00,2026-09-21T23:59:59,GOOD,Boa,7.9,314,311,99.0,3,83.8,69.9,176,6.72,491815.5112540193,5 dias e 16 horas,2026-09-22T03:22:44+00:00
34,heLLThmQNoOpNMkh,POTTENCIAL SEGURADORA,pottencial-seguradora,https://www.reclameaqui.com.br/empresa/pottencial-seguradora/,11699534000174,1.0,SIX_MONTHS,Últimos 6 meses,2026-03-01T00:00:00,2026-08-31T23:59:59,GOOD,Boa,7.5,100,100,100.0,0,82.6,54.3,47,6.33,325805.06,3 dias e 18 horas,2026-09-22T03:22:44+00:00
34,heLLThmQNoOpNMkh,POTTENCIAL SEGURADORA,pottencial-seguradora,https://www.reclameaqui.com.br/empresa/pottencial-seguradora/,11699534000174,1.0,TWELVE_MONTHS,Últimos 12 meses,2025-09-01T00:00:00,2026-08-31T23:59:59,GOOD,Boa,7.2,191,191,100.0,0,76.4,56.2,95,6.04,319009.22513089003,3 dias e 16 horas,2026-09-22T03:22:44+00:00
34,heLLThmQNoOpNMkh,POTTENCIAL SEGURADORA,pottencial-seguradora,https://www.reclameaqui.com.br/empresa/pottencial-seguradora/,11699534000174,1.0,LAST_YEAR,Ano civil 2025,2025-01-01T00:00:00,2025-12-31T23:59:59,GOOD,Boa,7.3,167,167,100.0,0,76.2,57.1,88,6.27,286250.58083832334,3 dias e 7 horas,2026-09-22T03:22:44+00:00
34,heLLThmQNoOpNMkh,POTTENCIAL SEGURADORA,pottencial-seguradora,https://www.reclameaqui.com.br/empresa/pottencial-seguradora/,11699534000174,1.0,PAST_LAST_YEAR,Ano civil 2024,2024-01-01T00:00:00,2024-12-31T23:59:59,GOOD,Boa,7.2,126,126,100.0,0,74.3,58.1,78,6.12,172646.30952380953,1 dias e 23 horas,2026-09-22T03:22:44+00:00
34,heLLThmQNoOpNMkh,POTTENCIAL SEGURADORA,pottencial-seguradora,https://www.reclameaqui.com.br/empresa/pottencial-seguradora/,11699534000174,1.0,LAST_THREE_YEARS,Últimos 3 anos (rótulo 'Geral' na interface do RA),2023-09-22T00:00:00,2026-09-21T23:59:59,GOOD,Boa,7.3,455,451,99.1,4,77.2,57.8,245,6.21,256448.9512195122,2 dias e 23 horas,2026-09-22T03:22:44+00:00
36,24133,Previmil Vida e Previdência S-A,previmil-previdencia-privada,https://www.reclameaqui.com.br/empresa/previmil-previdencia-privada/,--,1.0,SIX_MONTHS,Últimos 6 meses,2026-03-01T00:00:00,2026-08-31T23:59:59,NO_INDEX,Sem índice,--,21,21,100.0,0,--,--,7,--,29460.666666666668,0 dias e 8 horas,2026-09-22T03:22:44+00:00
36,24133,Previmil Vida e Previdência S-A,previmil-previdencia-privada,https://www.reclameaqui.com.br/empresa/previmil-previdencia-privada/,--,1.0,TWELVE_MONTHS,Últimos 12 meses,2025-09-01T00:00:00,2026-08-31T23:59:59,NOT_RECOMMENDED,Não recomendada,4.8,44,44,100.0,0,41.2,35.3,17,2.82,34917.13636363636,0 dias e 9 horas,2026-09-22T03:22:44+00:00
36,24133,Previmil Vida e Previdência S-A,previmil-previdencia-privada,https://www.reclameaqui.com.br/empresa/previmil-previdencia-privada/,--,1.0,LAST_YEAR,Ano civil 2025,2025-01-01T00:00:00,2025-12-31T23:59:59,BAD,Ruim,5.3,27,27,100.0,0,50.0,41.7,12,3.08,41279.59259259259,0 dias e 11 horas,2026-09-22T03:22:44+00:00
36,24133,Previmil Vida e Previdência S-A,previmil-previdencia-privada,https://www.reclameaqui.com.br/empresa/previmil-previdencia-privada/,--,1.0,PAST_LAST_YEAR,Ano civil 2024,2024-01-01T00:00:00,2024-12-31T23:59:59,NO_INDEX,Sem índice,--,22,22,100.0,0,--,--,8,--,48033.954545454544,0 dias e 13 horas,2026-09-22T03:22:44+00:00
36,24133,Previmil Vida e Previdência S-A,previmil-previdencia-privada,https://www.reclameaqui.com.br/empresa/previmil-previdencia-privada/,--,1.0,LAST_THREE_YEARS,Últimos 3 anos (rótulo 'Geral' na interface do RA),2023-09-22T00:00:00,2026-09-21T23:59:59,NOT_RECOMMENDED,Não recomendada,4.1,85,85,100.0,0,35.3,20.6,34,1.94,39914.541176470586,0 dias e 11 horas,2026-09-22T03:22:44+00:00
37,31605,Itaú Seguros Auto e Residência,itau-seguros-auto-e-residencia,https://www.reclameaqui.com.br/empresa/itau-seguros-auto-e-residencia/,60701190000104,1.0,SIX_MONTHS,Últimos 6 meses,2026-03-01T00:00:00,2026-08-31T23:59:59,REGULAR,Regular,6.7,567,504,88.9,49,69.6,59.5,256,5.47,562570.5992063492,6 dias e 12 horas,2026-09-22T03:22:44+00:00
37,31605,Itaú Seguros Auto e Residência,itau-seguros-auto-e-residencia,https://www.reclameaqui.com.br/empresa/itau-seguros-auto-e-residencia/,60701190000104,1.0,TWELVE_MONTHS,Últimos 12 meses,2025-09-01T00:00:00,2026-08-31T23:59:59,REGULAR,Regular,6.7,1061,932,87.8,97,70.4,61.0,501,5.52,736222.1072961374,8 dias e 12 horas,2026-09-22T03:22:44+00:00
37,31605,Itaú Seguros Auto e Residência,itau-seguros-auto-e-residencia,https://www.reclameaqui.com.br/empresa/itau-seguros-auto-e-residencia/,60701190000104,1.0,LAST_YEAR,Ano civil 2025,2025-01-01T00:00:00,2025-12-31T23:59:59,GOOD,Boa,7.0,840,733,87.3,81,74.8,63.2,416,5.68,1059235.6793997271,12 dias e 6 horas,2026-09-22T03:22:44+00:00
37,31605,Itaú Seguros Auto e Residência,itau-seguros-auto-e-residencia,https://www.reclameaqui.com.br/empresa/itau-seguros-auto-e-residencia/,60701190000104,1.0,PAST_LAST_YEAR,Ano civil 2024,2024-01-01T00:00:00,2024-12-31T23:59:59,REGULAR,Regular,6.8,794,663,83.5,69,74.2,60.4,479,5.51,1022622.539969834,11 dias e 20 horas,2026-09-22T03:22:44+00:00
37,31605,Itaú Seguros Auto e Residência,itau-seguros-auto-e-residencia,https://www.reclameaqui.com.br/empresa/itau-seguros-auto-e-residencia/,60701190000104,1.0,LAST_THREE_YEARS,Últimos 3 anos (rótulo 'Geral' na interface do RA),2023-09-22T00:00:00,2026-09-21T23:59:59,REGULAR,Regular,6.9,2675,2306,86.2,247,74.0,61.7,1390,5.62,885012.751951431,10 dias e 5 horas,2026-09-22T03:22:44+00:00
38,k8dKf9NSSoCGuxwD,Pier Seguradora,pier-digital,https://www.reclameaqui.com.br/empresa/pier-digital/,39380513000100,1.0,SIX_MONTHS,Últimos 6 meses,2026-03-01T00:00:00,2026-08-31T23:59:59,GREAT,Ótima,8.2,873,819,93.8,33,89.4,75.1,426,7.21,1785643.0024420025,20 dias e 16 horas,2026-09-22T03:22:44+00:00
38,k8dKf9NSSoCGuxwD,Pier Seguradora,pier-digital,https://www.reclameaqui.com.br/empresa/pier-digital/,39380513000100,1.0,TWELVE_MONTHS,Últimos 12 meses,2025-09-01T00:00:00,2026-08-31T23:59:59,GREAT,Ótima,8.3,1736,1675,96.5,33,89.1,75.7,952,7.31,1472541.9737313432,17 dias e 1 horas,2026-09-22T03:22:44+00:00
38,k8dKf9NSSoCGuxwD,Pier Seguradora,pier-digital,https://www.reclameaqui.com.br/empresa/pier-digital/,39380513000100,1.0,LAST_YEAR,Ano civil 2025,2025-01-01T00:00:00,2025-12-31T23:59:59,GREAT,Ótima,8.4,1646,1640,99.6,0,87.9,78.3,1029,7.45,738532.4115853659,8 dias e 13 horas,2026-09-22T03:22:44+00:00
38,k8dKf9NSSoCGuxwD,Pier Seguradora,pier-digital,https://www.reclameaqui.com.br/empresa/pier-digital/,39380513000100,1.0,PAST_LAST_YEAR,Ano civil 2024,2024-01-01T00:00:00,2024-12-31T23:59:59,GOOD,Boa,7.3,1324,1324,100.0,0,71.7,65.3,728,6.11,406290.24395770393,4 dias e 16 horas,2026-09-22T03:22:44+00:00
38,k8dKf9NSSoCGuxwD,Pier Seguradora,pier-digital,https://www.reclameaqui.com.br/empresa/pier-digital/,39380513000100,1.0,LAST_THREE_YEARS,Últimos 3 anos (rótulo 'Geral' na interface do RA),2023-09-22T00:00:00,2026-09-21T23:59:59,GREAT,Ótima,8.0,4644,4483,96.5,132,82.9,73.2,2533,6.96,833463.7202766004,9 dias e 15 horas,2026-09-22T03:22:44+00:00
40,906,Mapfre,mapfre-1,https://www.reclameaqui.com.br/empresa/mapfre-1/,61074175000138,1.0,SIX_MONTHS,Últimos 6 meses,2026-03-01T00:00:00,2026-08-31T23:59:59,REGULAR,Regular,6.6,1243,1178,94.8,47,73.9,49.8,545,4.94,1349746.1213921902,15 dias e 14 horas,2026-09-22T03:22:44+00:00
40,906,Mapfre,mapfre-1,https://www.reclameaqui.com.br/empresa/mapfre-1/,61074175000138,1.0,TWELVE_MONTHS,Últimos 12 meses,2025-09-01T00:00:00,2026-08-31T23:59:59,REGULAR,Regular,6.6,2416,2349,97.2,47,73.2,49.2,1085,4.94,1136355.5236270754,13 dias e 3 horas,2026-09-22T03:22:44+00:00
40,906,Mapfre,mapfre-1,https://www.reclameaqui.com.br/empresa/mapfre-1/,61074175000138,1.0,LAST_YEAR,Ano civil 2025,2025-01-01T00:00:00,2025-12-31T23:59:59,REGULAR,Regular,6.4,3138,3132,99.8,0,70.2,44.7,1450,4.67,751883.0667305236,8 dias e 16 horas,2026-09-22T03:22:44+00:00
40,906,Mapfre,mapfre-1,https://www.reclameaqui.com.br/empresa/mapfre-1/,61074175000138,1.0,PAST_LAST_YEAR,Ano civil 2024,2024-01-01T00:00:00,2024-12-31T23:59:59,REGULAR,Regular,6.2,4158,4132,99.4,0,66.0,43.8,2089,4.43,927290.1858664085,10 dias e 17 horas,2026-09-22T03:22:44+00:00
40,906,Mapfre,mapfre-1,https://www.reclameaqui.com.br/empresa/mapfre-1/,61074175000138,1.0,LAST_THREE_YEARS,Últimos 3 anos (rótulo 'Geral' na interface do RA),2023-09-21T00:00:00,2026-09-20T23:59:59,REGULAR,Regular,6.2,10315,10139,98.3,118,67.6,43.8,4838,4.49,933028.7096360588,10 dias e 19 horas,2026-09-22T03:22:44+00:00
41,qfRV9VQk8JhcZsqA,Angelus Seguros,angelus-seguros,https://www.reclameaqui.com.br/empresa/angelus-seguros/,18133809000157,1.0,SIX_MONTHS,Últimos 6 meses,2026-03-01T00:00:00,2026-08-31T23:59:59,NO_INDEX,Sem índice,--,0,0,0.0,0,--,--,0,--,--,,2026-09-22T03:22:44+00:00
41,qfRV9VQk8JhcZsqA,Angelus Seguros,angelus-seguros,https://www.reclameaqui.com.br/empresa/angelus-seguros/,18133809000157,1.0,TWELVE_MONTHS,Últimos 12 meses,2025-09-01T00:00:00,2026-08-31T23:59:59,NO_INDEX,Sem índice,--,0,0,0.0,0,--,--,0,--,--,,2026-09-22T03:22:44+00:00
41,qfRV9VQk8JhcZsqA,Angelus Seguros,angelus-seguros,https://www.reclameaqui.com.br/empresa/angelus-seguros/,18133809000157,1.0,LAST_YEAR,Ano civil 2025,2025-01-01T00:00:00,2025-12-31T23:59:59,NO_INDEX,Sem índice,--,0,0,0.0,0,--,--,0,--,--,,2026-09-22T03:22:44+00:00
41,qfRV9VQk8JhcZsqA,Angelus Seguros,angelus-seguros,https://www.reclameaqui.com.br/empresa/angelus-seguros/,18133809000157,1.0,PAST_LAST_YEAR,Ano civil 2024,2024-01-01T00:00:00,2024-12-31T23:59:59,NO_INDEX,Sem índice,--,0,0,0.0,0,--,--,0,--,--,,2026-09-22T03:22:44+00:00
41,qfRV9VQk8JhcZsqA,Angelus Seguros,angelus-seguros,https://www.reclameaqui.com.br/empresa/angelus-seguros/,18133809000157,1.0,LAST_THREE_YEARS,Últimos 3 anos (rótulo 'Geral' na interface do RA),2023-09-22T00:00:00,2026-09-21T23:59:59,NO_INDEX,Sem índice,--,0,0,0.0,0,--,--,0,--,--,,2026-09-22T03:22:44+00:00
42,OqEWiWrAcgeVkRRv,Bmg Seguradora,mg-seguros-vida-e-previdencia,https://www.reclameaqui.com.br/empresa/mg-seguros-vida-e-previdencia/,26136748000100,1.0,SIX_MONTHS,Últimos 6 meses,2026-03-01T00:00:00,2026-08-31T23:59:59,NO_INDEX,Sem índice,--,23,23,100.0,0,--,--,10,--,750367.4347826086,8 dias e 16 horas,2026-09-22T03:22:44+00:00
42,OqEWiWrAcgeVkRRv,Bmg Seguradora,mg-seguros-vida-e-previdencia,https://www.reclameaqui.com.br/empresa/mg-seguros-vida-e-previdencia/,26136748000100,1.0,TWELVE_MONTHS,Últimos 12 meses,2025-09-01T00:00:00,2026-08-31T23:59:59,BAD,Ruim,5.6,67,62,92.5,0,62.5,29.2,25,4.42,3171150.4838709678,36 dias e 16 horas,2026-09-22T03:22:44+00:00
42,OqEWiWrAcgeVkRRv,Bmg Seguradora,mg-seguros-vida-e-previdencia,https://www.reclameaqui.com.br/empresa/mg-seguros-vida-e-previdencia/,26136748000100,1.0,LAST_YEAR,Ano civil 2025,2025-01-01T00:00:00,2025-12-31T23:59:59,BAD,Ruim,5.7,111,106,95.5,0,64.1,30.8,39,4.18,2749118.547169811,31 dias e 19 horas,2026-09-22T03:22:44+00:00
42,OqEWiWrAcgeVkRRv,Bmg Seguradora,mg-seguros-vida-e-previdencia,https://www.reclameaqui.com.br/empresa/mg-seguros-vida-e-previdencia/,26136748000100,1.0,PAST_LAST_YEAR,Ano civil 2024,2024-01-01T00:00:00,2024-12-31T23:59:59,BAD,Ruim,5.1,65,62,95.4,0,60.9,17.4,23,3.43,2062318.1935483871,23 dias e 20 horas,2026-09-22T03:22:44+00:00
42,OqEWiWrAcgeVkRRv,Bmg Seguradora,mg-seguros-vida-e-previdencia,https://www.reclameaqui.com.br/empresa/mg-seguros-vida-e-previdencia/,26136748000100,1.0,LAST_THREE_YEARS,Últimos 3 anos (rótulo 'Geral' na interface do RA),2023-09-22T00:00:00,2026-09-21T23:59:59,BAD,Ruim,5.4,219,207,94.5,3,62.8,23.1,79,3.86,2214505.415458937,25 dias e 15 horas,2026-09-22T03:22:44+00:00
43,afFRoAvCQoCY-6tV,EZZE SEGUROS,ezze-seguros,https://www.reclameaqui.com.br/empresa/ezze-seguros/,31534848000124,1.0,SIX_MONTHS,Últimos 6 meses,2026-03-01T00:00:00,2026-08-31T23:59:59,RA1000,RA1000,8.8,974,974,100.0,0,90.0,81.3,590,8.09,316888.10985626286,3 dias e 16 horas,2026-09-22T03:22:44+00:00
43,afFRoAvCQoCY-6tV,EZZE SEGUROS,ezze-seguros,https://www.reclameaqui.com.br/empresa/ezze-seguros/,31534848000124,1.0,TWELVE_MONTHS,Últimos 12 meses,2025-09-01T00:00:00,2026-08-31T23:59:59,RA1000,RA1000,8.8,1610,1610,100.0,0,90.6,81.3,949,8.07,283399.75155279506,3 dias e 6 horas,2026-09-22T03:22:44+00:00
43,afFRoAvCQoCY-6tV,EZZE SEGUROS,ezze-seguros,https://www.reclameaqui.com.br/empresa/ezze-seguros/,31534848000124,1.0,LAST_YEAR,Ano civil 2025,2025-01-01T00:00:00,2025-12-31T23:59:59,GREAT,Ótima,8.6,1268,1268,100.0,0,88.9,78.9,790,7.78,216273.65299684543,2 dias e 12 horas,2026-09-22T03:22:44+00:00
43,afFRoAvCQoCY-6tV,EZZE SEGUROS,ezze-seguros,https://www.reclameaqui.com.br/empresa/ezze-seguros/,31534848000124,1.0,PAST_LAST_YEAR,Ano civil 2024,2024-01-01T00:00:00,2024-12-31T23:59:59,RA1000,RA1000,8.7,611,611,100.0,0,92.2,79.0,460,7.88,239123.59410801964,2 dias e 18 horas,2026-09-22T03:22:44+00:00
43,afFRoAvCQoCY-6tV,EZZE SEGUROS,ezze-seguros,https://www.reclameaqui.com.br/empresa/ezze-seguros/,31534848000124,1.0,LAST_THREE_YEARS,Últimos 3 anos (rótulo 'Geral' na interface do RA),2023-09-22T00:00:00,2026-09-21T23:59:59,GREAT,Ótima,8.6,3278,3252,99.2,26,89.9,79.8,2029,7.90,261855.71217712178,3 dias e 0 horas,2026-09-22T03:22:44+00:00
44,91931,Usebens Seguros,usebens-seguradora,https://www.reclameaqui.com.br/empresa/usebens-seguradora/,09180505000150,1.0,SIX_MONTHS,Últimos 6 meses,2026-03-01T00:00:00,2026-08-31T23:59:59,GREAT,Ótima,8.3,66,66,100.0,0,84.0,72.0,29,7.92,1053093.6515151516,12 dias e 4 horas,2026-09-22T03:22:44+00:00
44,91931,Usebens Seguros,usebens-seguradora,https://www.reclameaqui.com.br/empresa/usebens-seguradora/,09180505000150,1.0,TWELVE_MONTHS,Últimos 12 meses,2025-09-01T00:00:00,2026-08-31T23:59:59,GOOD,Boa,7.9,107,107,100.0,0,82.0,66.0,54,7.20,1105774.785046729,12 dias e 19 horas,2026-09-22T03:22:44+00:00
44,91931,Usebens Seguros,usebens-seguradora,https://www.reclameaqui.com.br/empresa/usebens-seguradora/,09180505000150,1.0,LAST_YEAR,Ano civil 2025,2025-01-01T00:00:00,2025-12-31T23:59:59,GOOD,Boa,7.7,143,143,100.0,0,80.9,64.7,71,6.75,1206314.9090909092,13 dias e 23 horas,2026-09-22T03:22:44+00:00
44,91931,Usebens Seguros,usebens-seguradora,https://www.reclameaqui.com.br/empresa/usebens-seguradora/,09180505000150,1.0,PAST_LAST_YEAR,Ano civil 2024,2024-01-01T00:00:00,2024-12-31T23:59:59,GOOD,Boa,7.6,109,109,100.0,0,77.0,65.6,67,6.48,1306500.4036697247,15 dias e 2 horas,2026-09-22T03:22:44+00:00
44,91931,Usebens Seguros,usebens-seguradora,https://www.reclameaqui.com.br/empresa/usebens-seguradora/,09180505000150,1.0,LAST_THREE_YEARS,Últimos 3 anos (rótulo 'Geral' na interface do RA),2023-09-22T00:00:00,2026-09-21T23:59:59,GOOD,Boa,7.8,352,348,98.9,4,81.0,65.5,187,6.88,1217322.6120689656,14 dias e 2 horas,2026-09-22T03:22:44+00:00
46,aO5lU9IDucn2RcQp,Arca Seguradora S.a,arca-seguradora-s-a,https://www.reclameaqui.com.br/empresa/arca-seguradora-s-a/,50428904000190,1.0,SIX_MONTHS,Últimos 6 meses,2026-03-01T00:00:00,2026-08-31T23:59:59,NO_INDEX,Sem índice,--,4,4,100.0,0,--,--,2,--,1110542.5,12 dias e 20 horas,2026-09-22T03:22:44+00:00
46,aO5lU9IDucn2RcQp,Arca Seguradora S.a,arca-seguradora-s-a,https://www.reclameaqui.com.br/empresa/arca-seguradora-s-a/,50428904000190,1.0,TWELVE_MONTHS,Últimos 12 meses,2025-09-01T00:00:00,2026-08-31T23:59:59,NO_INDEX,Sem índice,--,5,5,100.0,0,--,--,2,--,994854.4,11 dias e 12 horas,2026-09-22T03:22:44+00:00
46,aO5lU9IDucn2RcQp,Arca Seguradora S.a,arca-seguradora-s-a,https://www.reclameaqui.com.br/empresa/arca-seguradora-s-a/,50428904000190,1.0,LAST_YEAR,Ano civil 2025,2025-01-01T00:00:00,2025-12-31T23:59:59,NO_INDEX,Sem índice,--,5,5,100.0,0,--,--,1,--,448455.4,5 dias e 4 horas,2026-09-22T03:22:44+00:00
46,aO5lU9IDucn2RcQp,Arca Seguradora S.a,arca-seguradora-s-a,https://www.reclameaqui.com.br/empresa/arca-seguradora-s-a/,50428904000190,1.0,PAST_LAST_YEAR,Ano civil 2024,2024-01-01T00:00:00,2024-12-31T23:59:59,NO_INDEX,Sem índice,--,0,0,0.0,0,--,--,0,--,--,,2026-09-22T03:22:44+00:00
46,aO5lU9IDucn2RcQp,Arca Seguradora S.a,arca-seguradora-s-a,https://www.reclameaqui.com.br/empresa/arca-seguradora-s-a/,50428904000190,1.0,LAST_THREE_YEARS,Últimos 3 anos (rótulo 'Geral' na interface do RA),2023-09-22T00:00:00,2026-09-21T23:59:59,NO_INDEX,Sem índice,--,11,11,100.0,0,--,--,3,--,707689.0,8 dias e 4 horas,2026-09-22T03:22:44+00:00
47,zPh208GLXFplu75n,BS2 SEGUROS,bs2-seguros,https://www.reclameaqui.com.br/empresa/bs2-seguros/,07163211000194,1.0,SIX_MONTHS,Últimos 6 meses,2026-03-01T00:00:00,2026-08-31T23:59:59,BAD,Ruim,5.3,69,68,98.6,1,52.9,29.4,17,3.76,475524.01470588235,5 dias e 12 horas,2026-09-22T03:22:44+00:00
47,zPh208GLXFplu75n,BS2 SEGUROS,bs2-seguros,https://www.reclameaqui.com.br/empresa/bs2-seguros/,07163211000194,1.0,TWELVE_MONTHS,Últimos 12 meses,2025-09-01T00:00:00,2026-08-31T23:59:59,REGULAR,Regular,6.6,150,149,99.3,1,70.7,43.1,58,5.34,348644.3758389262,4 dias e 0 horas,2026-09-22T03:22:44+00:00
47,zPh208GLXFplu75n,BS2 SEGUROS,bs2-seguros,https://www.reclameaqui.com.br/empresa/bs2-seguros/,07163211000194,1.0,LAST_YEAR,Ano civil 2025,2025-01-01T00:00:00,2025-12-31T23:59:59,BAD,Ruim,5.1,181,155,85.6,0,56.4,28.7,94,3.87,5235408.812903225,60 dias e 14 horas,2026-09-22T03:22:44+00:00
47,zPh208GLXFplu75n,BS2 SEGUROS,bs2-seguros,https://www.reclameaqui.com.br/empresa/bs2-seguros/,07163211000194,1.0,PAST_LAST_YEAR,Ano civil 2024,2024-01-01T00:00:00,2024-12-31T23:59:59,NO_INDEX,Sem índice,--,0,0,0.0,0,--,--,0,--,--,,2026-09-22T03:22:44+00:00
47,zPh208GLXFplu75n,BS2 SEGUROS,bs2-seguros,https://www.reclameaqui.com.br/empresa/bs2-seguros/,07163211000194,1.0,LAST_THREE_YEARS,Últimos 3 anos (rótulo 'Geral' na interface do RA),2023-09-21T00:00:00,2026-09-20T23:59:59,BAD,Ruim,5.2,276,245,88.8,5,55.4,28.9,121,3.83,3476935.326530612,40 dias e 5 horas,2026-09-22T03:22:44+00:00
50,Z9aVL6loA6GPxSZQ,Darwin Seguros,darwin-seguros,https://www.reclameaqui.com.br/empresa/darwin-seguros/,44187990000194,1.0,SIX_MONTHS,Últimos 6 meses,2026-03-01T00:00:00,2026-08-31T23:59:59,GOOD,Boa,7.4,118,118,100.0,0,76.9,60.0,68,6.22,115727.51694915254,1 dias e 8 horas,2026-09-22T03:22:44+00:00
50,Z9aVL6loA6GPxSZQ,Darwin Seguros,darwin-seguros,https://www.reclameaqui.com.br/empresa/darwin-seguros/,44187990000194,1.0,TWELVE_MONTHS,Últimos 12 meses,2025-09-01T00:00:00,2026-08-31T23:59:59,REGULAR,Regular,6.7,276,276,100.0,0,68.9,50.8,148,5.39,134492.8260869565,1 dias e 13 horas,2026-09-22T03:22:44+00:00
50,Z9aVL6loA6GPxSZQ,Darwin Seguros,darwin-seguros,https://www.reclameaqui.com.br/empresa/darwin-seguros/,44187990000194,1.0,LAST_YEAR,Ano civil 2025,2025-01-01T00:00:00,2025-12-31T23:59:59,GOOD,Boa,7.0,246,246,100.0,0,70.9,55.6,127,5.81,83288.35772357724,0 dias e 23 horas,2026-09-22T03:22:44+00:00
50,Z9aVL6loA6GPxSZQ,Darwin Seguros,darwin-seguros,https://www.reclameaqui.com.br/empresa/darwin-seguros/,44187990000194,1.0,PAST_LAST_YEAR,Ano civil 2024,2024-01-01T00:00:00,2024-12-31T23:59:59,GREAT,Ótima,8.0,125,125,100.0,0,83.9,69.0,88,7.05,112254.84,1 dias e 7 horas,2026-09-22T03:22:44+00:00
50,Z9aVL6loA6GPxSZQ,Darwin Seguros,darwin-seguros,https://www.reclameaqui.com.br/empresa/darwin-seguros/,44187990000194,1.0,LAST_THREE_YEARS,Últimos 3 anos (rótulo 'Geral' na interface do RA),2023-09-22T00:00:00,2026-09-21T23:59:59,GOOD,Boa,7.3,533,533,100.0,0,76.3,60.1,310,6.17,120671.25140712946,1 dias e 9 horas,2026-09-22T03:22:44+00:00
51,PZXoVoqs8yaecsvn,BVIX SEGURADORA S.A.,bvix-seguradora-s-a,https://www.reclameaqui.com.br/empresa/bvix-seguradora-s-a/,55006797000126,1.0,SIX_MONTHS,Últimos 6 meses,2026-03-01T00:00:00,2026-08-31T23:59:59,REGULAR,Regular,6.5,49,49,100.0,0,66.7,47.6,21,5.24,746690.1632653062,8 dias e 15 horas,2026-09-22T03:22:44+00:00
51,PZXoVoqs8yaecsvn,BVIX SEGURADORA S.A.,bvix-seguradora-s-a,https://www.reclameaqui.com.br/empresa/bvix-seguradora-s-a/,55006797000126,1.0,TWELVE_MONTHS,Últimos 12 meses,2025-09-01T00:00:00,2026-08-31T23:59:59,REGULAR,Regular,6.5,107,107,100.0,0,74.4,38.5,40,4.87,979890.1121495328,11 dias e 8 horas,2026-09-22T03:22:44+00:00
51,PZXoVoqs8yaecsvn,BVIX SEGURADORA S.A.,bvix-seguradora-s-a,https://www.reclameaqui.com.br/empresa/bvix-seguradora-s-a/,55006797000126,1.0,LAST_YEAR,Ano civil 2025,2025-01-01T00:00:00,2025-12-31T23:59:59,GOOD,Boa,7.1,44,44,100.0,0,86.7,40.0,16,5.60,1181720.0681818181,13 dias e 16 horas,2026-09-22T03:22:44+00:00
51,PZXoVoqs8yaecsvn,BVIX SEGURADORA S.A.,bvix-seguradora-s-a,https://www.reclameaqui.com.br/empresa/bvix-seguradora-s-a/,55006797000126,1.0,PAST_LAST_YEAR,Ano civil 2024,2024-01-01T00:00:00,2024-12-31T23:59:59,NO_INDEX,Sem índice,--,0,0,0.0,0,--,--,0,--,--,,2026-09-22T03:22:44+00:00
51,PZXoVoqs8yaecsvn,BVIX SEGURADORA S.A.,bvix-seguradora-s-a,https://www.reclameaqui.com.br/empresa/bvix-seguradora-s-a/,55006797000126,1.0,LAST_THREE_YEARS,Últimos 3 anos (rótulo 'Geral' na interface do RA),2023-09-21T00:00:00,2026-09-20T23:59:59,REGULAR,Regular,6.5,131,121,92.4,10,75.6,42.2,46,5.09,926002.4545454546,10 dias e 17 horas,2026-09-22T03:22:44+00:00
54,16698,Suhai Seguradora,suhai-seguradora,https://www.reclameaqui.com.br/empresa/suhai-seguradora/,16825255000123,1.0,SIX_MONTHS,Últimos 6 meses,2026-03-01T00:00:00,2026-08-31T23:59:59,GOOD,Boa,7.4,3887,3776,97.1,98,81.2,61.5,1490,5.86,1404021.1803495763,16 dias e 6 horas,2026-09-22T03:22:44+00:00
54,16698,Suhai Seguradora,suhai-seguradora,https://www.reclameaqui.com.br/empresa/suhai-seguradora/,16825255000123,1.0,TWELVE_MONTHS,Últimos 12 meses,2025-09-01T00:00:00,2026-08-31T23:59:59,GOOD,Boa,7.8,6581,6465,98.2,98,85.3,66.7,3012,6.34,1296512.290487239,15 dias e 0 horas,2026-09-22T03:22:44+00:00
54,16698,Suhai Seguradora,suhai-seguradora,https://www.reclameaqui.com.br/empresa/suhai-seguradora/,16825255000123,1.0,LAST_YEAR,Ano civil 2025,2025-01-01T00:00:00,2025-12-31T23:59:59,RA1000,RA1000,8.3,4691,4689,100.0,0,90.3,73.7,2867,7.03,1019072.4851780763,11 dias e 19 horas,2026-09-22T03:22:44+00:00
54,16698,Suhai Seguradora,suhai-seguradora,https://www.reclameaqui.com.br/empresa/suhai-seguradora/,16825255000123,1.0,PAST_LAST_YEAR,Ano civil 2024,2024-01-01T00:00:00,2024-12-31T23:59:59,RA1000,RA1000,8.3,4377,4372,99.9,0,91.6,74.3,2554,7.05,1095457.536367795,12 dias e 16 horas,2026-09-22T03:22:44+00:00
54,16698,Suhai Seguradora,suhai-seguradora,https://www.reclameaqui.com.br/empresa/suhai-seguradora/,16825255000123,1.0,LAST_THREE_YEARS,Últimos 3 anos (rótulo 'Geral' na interface do RA),2023-09-22T00:00:00,2026-09-21T23:59:59,GREAT,Ótima,8.1,15526,15028,96.8,474,88.9,71.6,7989,6.80,1130450.907838701,13 dias e 2 horas,2026-09-22T03:22:44+00:00
55,11180,Chubb Seguros Brasil,chubb-seguros-brasil,https://www.reclameaqui.com.br/empresa/chubb-seguros-brasil/,03502099000118,1.0,SIX_MONTHS,Últimos 6 meses,2026-03-01T00:00:00,2026-08-31T23:59:59,GOOD,Boa,7.5,774,772,99.7,1,75.2,65.4,366,6.54,672713.7875647668,7 dias e 18 horas,2026-09-22T03:22:44+00:00
55,11180,Chubb Seguros Brasil,chubb-seguros-brasil,https://www.reclameaqui.com.br/empresa/chubb-seguros-brasil/,03502099000118,1.0,TWELVE_MONTHS,Últimos 12 meses,2025-09-01T00:00:00,2026-08-31T23:59:59,GOOD,Boa,7.6,1566,1564,99.9,1,76.3,66.0,811,6.57,691864.2244245524,8 dias e 0 horas,2026-09-22T03:22:44+00:00
55,11180,Chubb Seguros Brasil,chubb-seguros-brasil,https://www.reclameaqui.com.br/empresa/chubb-seguros-brasil/,03502099000118,1.0,LAST_YEAR,Ano civil 2025,2025-01-01T00:00:00,2025-12-31T23:59:59,GOOD,Boa,7.5,1328,1328,100.0,0,77.1,64.7,725,6.44,590936.0685240964,6 dias e 20 horas,2026-09-22T03:22:44+00:00
55,11180,Chubb Seguros Brasil,chubb-seguros-brasil,https://www.reclameaqui.com.br/empresa/chubb-seguros-brasil/,03502099000118,1.0,PAST_LAST_YEAR,Ano civil 2024,2024-01-01T00:00:00,2024-12-31T23:59:59,GOOD,Boa,7.2,967,965,99.8,0,74.6,57.2,476,5.92,640885.3015544042,7 dias e 10 horas,2026-09-22T03:22:44+00:00
55,11180,Chubb Seguros Brasil,chubb-seguros-brasil,https://www.reclameaqui.com.br/empresa/chubb-seguros-brasil/,03502099000118,1.0,LAST_THREE_YEARS,Últimos 3 anos (rótulo 'Geral' na interface do RA),2023-09-22T00:00:00,2026-09-21T23:59:59,GOOD,Boa,7.4,3693,3638,98.5,52,76.6,62.1,1887,6.35,639999.7108301264,7 dias e 9 horas,2026-09-22T03:22:44+00:00
57,a1iZi1oAzx7J2i7A,"zurich santander brasil seguros e previdência,",zurich-santander-brasil-seguros-e-previdencia,https://www.reclameaqui.com.br/empresa/zurich-santander-brasil-seguros-e-previdencia/,,1.0,SIX_MONTHS,Últimos 6 meses,2026-03-01T00:00:00,2026-08-31T23:59:59,NOT_RECOMMENDED,Não recomendada,--,491,0,0.0,318,--,--,173,--,--,,2026-09-22T03:22:44+00:00
57,a1iZi1oAzx7J2i7A,"zurich santander brasil seguros e previdência,",zurich-santander-brasil-seguros-e-previdencia,https://www.reclameaqui.com.br/empresa/zurich-santander-brasil-seguros-e-previdencia/,,1.0,TWELVE_MONTHS,Últimos 12 meses,2025-09-01T00:00:00,2026-08-31T23:59:59,NOT_RECOMMENDED,Não recomendada,--,734,0,0.0,486,--,--,248,--,--,,2026-09-22T03:22:44+00:00
57,a1iZi1oAzx7J2i7A,"zurich santander brasil seguros e previdência,",zurich-santander-brasil-seguros-e-previdencia,https://www.reclameaqui.com.br/empresa/zurich-santander-brasil-seguros-e-previdencia/,,1.0,LAST_YEAR,Ano civil 2025,2025-01-01T00:00:00,2025-12-31T23:59:59,NOT_RECOMMENDED,Não recomendada,--,89,0,0.0,54,--,--,35,--,--,,2026-09-22T03:22:44+00:00
57,a1iZi1oAzx7J2i7A,"zurich santander brasil seguros e previdência,",zurich-santander-brasil-seguros-e-previdencia,https://www.reclameaqui.com.br/empresa/zurich-santander-brasil-seguros-e-previdencia/,,1.0,PAST_LAST_YEAR,Ano civil 2024,2024-01-01T00:00:00,2024-12-31T23:59:59,NO_INDEX,Sem índice,--,0,0,0.0,0,--,--,0,--,--,,2026-09-22T03:22:44+00:00
57,a1iZi1oAzx7J2i7A,"zurich santander brasil seguros e previdência,",zurich-santander-brasil-seguros-e-previdencia,https://www.reclameaqui.com.br/empresa/zurich-santander-brasil-seguros-e-previdencia/,,1.0,LAST_THREE_YEARS,Últimos 3 anos (rótulo 'Geral' na interface do RA),2023-09-21T00:00:00,2026-09-20T23:59:59,NOT_RECOMMENDED,Não recomendada,--,772,0,0.0,514,--,--,258,--,--,,2026-09-22T03:22:44+00:00
59,761,Icatu Seguros,icatu-seguros-1,https://www.reclameaqui.com.br/empresa/icatu-seguros-1/,42283770000139,1.0,SIX_MONTHS,Últimos 6 meses,2026-03-01T00:00:00,2026-08-31T23:59:59,GREAT,Ótima,8.0,1099,1096,99.7,2,84.5,68.5,513,7.15,458671.0510948905,5 dias e 7 horas,2026-09-22T03:22:44+00:00
59,761,Icatu Seguros,icatu-seguros-1,https://www.reclameaqui.com.br/empresa/icatu-seguros-1/,42283770000139,1.0,TWELVE_MONTHS,Últimos 12 meses,2025-09-01T00:00:00,2026-08-31T23:59:59,GOOD,Boa,7.9,2291,2288,99.9,2,82.5,67.0,1090,6.99,454531.23513986013,5 dias e 6 horas,2026-09-22T03:22:44+00:00
59,761,Icatu Seguros,icatu-seguros-1,https://www.reclameaqui.com.br/empresa/icatu-seguros-1/,42283770000139,1.0,LAST_YEAR,Ano civil 2025,2025-01-01T00:00:00,2025-12-31T23:59:59,GREAT,Ótima,8.0,1742,1742,100.0,0,82.5,66.6,957,7.15,499132.63892078074,5 dias e 18 horas,2026-09-22T03:22:44+00:00
59,761,Icatu Seguros,icatu-seguros-1,https://www.reclameaqui.com.br/empresa/icatu-seguros-1/,42283770000139,1.0,PAST_LAST_YEAR,Ano civil 2024,2024-01-01T00:00:00,2024-12-31T23:59:59,GOOD,Boa,7.9,1127,1127,100.0,0,82.7,64.6,664,6.97,581849.7346938775,6 dias e 17 horas,2026-09-22T03:22:44+00:00
59,761,Icatu Seguros,icatu-seguros-1,https://www.reclameaqui.com.br/empresa/icatu-seguros-1/,42283770000139,1.0,LAST_THREE_YEARS,Últimos 3 anos (rótulo 'Geral' na interface do RA),2023-09-22T00:00:00,2026-09-21T23:59:59,GOOD,Boa,7.9,4787,4756,99.4,30,83.3,66.2,2512,7.08,509069.2624053827,5 dias e 21 horas,2026-09-22T03:22:44+00:00
60,770,Allianz Seguros,allianz-seguros,https://www.reclameaqui.com.br/empresa/allianz-seguros/,61573796000166,1.0,SIX_MONTHS,Últimos 6 meses,2026-03-01T00:00:00,2026-08-31T23:59:59,GOOD,Boa,7.2,2154,2154,100.0,0,73.8,61.3,1014,5.83,763603.4131847725,8 dias e 20 horas,2026-09-22T03:22:44+00:00
60,770,Allianz Seguros,allianz-seguros,https://www.reclameaqui.com.br/empresa/allianz-seguros/,61573796000166,1.0,TWELVE_MONTHS,Últimos 12 meses,2025-09-01T00:00:00,2026-08-31T23:59:59,GOOD,Boa,7.2,3970,3970,100.0,0,74.7,60.0,1935,5.77,1028018.2634760705,11 dias e 21 horas,2026-09-22T03:22:44+00:00
60,770,Allianz Seguros,allianz-seguros,https://www.reclameaqui.com.br/empresa/allianz-seguros/,61573796000166,1.0,LAST_YEAR,Ano civil 2025,2025-01-01T00:00:00,2025-12-31T23:59:59,GOOD,Boa,7.1,3593,3593,100.0,0,74.7,58.9,1924,5.76,1040442.3991093794,12 dias e 1 horas,2026-09-22T03:22:44+00:00
60,770,Allianz Seguros,allianz-seguros,https://www.reclameaqui.com.br/empresa/allianz-seguros/,61573796000166,1.0,PAST_LAST_YEAR,Ano civil 2024,2024-01-01T00:00:00,2024-12-31T23:59:59,REGULAR,Regular,6.8,2928,2928,100.0,0,70.0,53.3,1621,5.38,846730.0426912569,9 dias e 19 horas,2026-09-22T03:22:44+00:00
60,770,Allianz Seguros,allianz-seguros,https://www.reclameaqui.com.br/empresa/allianz-seguros/,61573796000166,1.0,LAST_THREE_YEARS,Últimos 3 anos (rótulo 'Geral' na interface do RA),2023-09-22T00:00:00,2026-09-21T23:59:59,GOOD,Boa,7.0,10246,10169,99.2,77,72.8,57.0,5299,5.59,914902.9354902153,10 dias e 14 horas,2026-09-22T03:22:44+00:00
61,2316,Yelum Seguradora,yelum-seguradora,https://www.reclameaqui.com.br/empresa/yelum-seguradora/,61550141000172,1.0,SIX_MONTHS,Últimos 6 meses,2026-03-01T00:00:00,2026-08-31T23:59:59,REGULAR,Regular,6.9,1402,1402,100.0,0,73.0,55.1,554,5.32,545921.1669044222,6 dias e 7 horas,2026-09-22T03:22:44+00:00
61,2316,Yelum Seguradora,yelum-seguradora,https://www.reclameaqui.com.br/empresa/yelum-seguradora/,61550141000172,1.0,TWELVE_MONTHS,Últimos 12 meses,2025-09-01T00:00:00,2026-08-31T23:59:59,REGULAR,Regular,6.7,2684,2683,100.0,0,69.7,52.6,1170,5.17,713126.245620574,8 dias e 6 horas,2026-09-22T03:22:44+00:00
61,2316,Yelum Seguradora,yelum-seguradora,https://www.reclameaqui.com.br/empresa/yelum-seguradora/,61550141000172,1.0,LAST_YEAR,Ano civil 2025,2025-01-01T00:00:00,2025-12-31T23:59:59,REGULAR,Regular,6.8,2560,2555,99.8,0,71.7,52.5,1239,5.38,913229.1416829745,10 dias e 13 horas,2026-09-22T03:22:44+00:00
61,2316,Yelum Seguradora,yelum-seguradora,https://www.reclameaqui.com.br/empresa/yelum-seguradora/,61550141000172,1.0,PAST_LAST_YEAR,Ano civil 2024,2024-01-01T00:00:00,2024-12-31T23:59:59,REGULAR,Regular,6.8,2208,2207,100.0,0,72.3,51.1,1086,5.21,644652.6107838695,7 dias e 11 horas,2026-09-22T03:22:44+00:00
61,2316,Yelum Seguradora,yelum-seguradora,https://www.reclameaqui.com.br/empresa/yelum-seguradora/,61550141000172,1.0,LAST_THREE_YEARS,Últimos 3 anos (rótulo 'Geral' na interface do RA),2023-09-21T00:00:00,2026-09-20T23:59:59,REGULAR,Regular,6.8,7298,7233,99.1,56,72.1,52.5,3374,5.29,727419.2395962947,8 dias e 10 horas,2026-09-22T03:22:44+00:00
63,LVdlqTibm_5Am_dT,Banestes Seguros,banestes-seguros,https://www.reclameaqui.com.br/empresa/banestes-seguros/,27053230000175,1.0,SIX_MONTHS,Últimos 6 meses,2026-03-01T00:00:00,2026-08-31T23:59:59,NO_INDEX,Sem índice,--,29,29,100.0,0,--,--,8,--,1225080.3793103448,14 dias e 4 horas,2026-09-22T03:22:44+00:00
63,LVdlqTibm_5Am_dT,Banestes Seguros,banestes-seguros,https://www.reclameaqui.com.br/empresa/banestes-seguros/,27053230000175,1.0,TWELVE_MONTHS,Últimos 12 meses,2025-09-01T00:00:00,2026-08-31T23:59:59,BAD,Ruim,5.4,62,62,100.0,0,50.0,41.7,24,3.58,1248063.5483870967,14 dias e 10 horas,2026-09-22T03:22:44+00:00
63,LVdlqTibm_5Am_dT,Banestes Seguros,banestes-seguros,https://www.reclameaqui.com.br/empresa/banestes-seguros/,27053230000175,1.0,LAST_YEAR,Ano civil 2025,2025-01-01T00:00:00,2025-12-31T23:59:59,BAD,Ruim,5.0,55,55,100.0,0,53.8,26.9,26,2.77,1204824.3454545455,13 dias e 22 horas,2026-09-22T03:22:44+00:00
63,LVdlqTibm_5Am_dT,Banestes Seguros,banestes-seguros,https://www.reclameaqui.com.br/empresa/banestes-seguros/,27053230000175,1.0,PAST_LAST_YEAR,Ano civil 2024,2024-01-01T00:00:00,2024-12-31T23:59:59,NOT_RECOMMENDED,Não recomendada,4.9,24,24,100.0,0,45.5,27.3,11,3.27,949754.7916666666,10 dias e 23 horas,2026-09-22T03:22:44+00:00
63,LVdlqTibm_5Am_dT,Banestes Seguros,banestes-seguros,https://www.reclameaqui.com.br/empresa/banestes-seguros/,27053230000175,1.0,LAST_THREE_YEARS,Últimos 3 anos (rótulo 'Geral' na interface do RA),2023-09-22T00:00:00,2026-09-21T23:59:59,NOT_RECOMMENDED,Não recomendada,4.9,125,121,96.8,4,48.1,30.8,52,2.98,1161160.826446281,13 dias e 10 horas,2026-09-22T03:22:44+00:00
65,762,Itaú Seguros e Capitalização,itau-seguros-e-capitalizacao,https://www.reclameaqui.com.br/empresa/itau-seguros-e-capitalizacao/,60701190000104,1.0,SIX_MONTHS,Últimos 6 meses,2026-03-01T00:00:00,2026-08-31T23:59:59,GOOD,Boa,7.6,2808,2765,98.5,43,81.4,64.2,1078,6.51,698928.1902350814,8 dias e 2 horas,2026-09-22T03:22:44+00:00
65,762,Itaú Seguros e Capitalização,itau-seguros-e-capitalizacao,https://www.reclameaqui.com.br/empresa/itau-seguros-e-capitalizacao/,60701190000104,1.0,TWELVE_MONTHS,Últimos 12 meses,2025-09-01T00:00:00,2026-08-31T23:59:59,GOOD,Boa,7.8,5291,5248,99.2,43,82.0,66.4,2189,6.64,597839.260480183,6 dias e 22 horas,2026-09-22T03:22:44+00:00
65,762,Itaú Seguros e Capitalização,itau-seguros-e-capitalizacao,https://www.reclameaqui.com.br/empresa/itau-seguros-e-capitalizacao/,60701190000104,1.0,LAST_YEAR,Ano civil 2025,2025-01-01T00:00:00,2025-12-31T23:59:59,GOOD,Boa,7.5,5143,5141,100.0,0,78.6,62.5,2225,6.37,931649.8683135577,10 dias e 18 horas,2026-09-22T03:22:44+00:00
65,762,Itaú Seguros e Capitalização,itau-seguros-e-capitalizacao,https://www.reclameaqui.com.br/empresa/itau-seguros-e-capitalizacao/,60701190000104,1.0,PAST_LAST_YEAR,Ano civil 2024,2024-01-01T00:00:00,2024-12-31T23:59:59,GOOD,Boa,7.7,4971,4966,99.9,0,81.5,63.5,2397,6.66,464603.47583568265,5 dias e 9 horas,2026-09-22T03:22:44+00:00
65,762,Itaú Seguros e Capitalização,itau-seguros-e-capitalizacao,https://www.reclameaqui.com.br/empresa/itau-seguros-e-capitalizacao/,60701190000104,1.0,LAST_THREE_YEARS,Últimos 3 anos (rótulo 'Geral' na interface do RA),2023-09-21T00:00:00,2026-09-20T23:59:59,GOOD,Boa,7.6,15380,15152,98.5,221,80.6,64.0,6692,6.56,655034.8664202746,7 dias e 13 horas,2026-09-22T03:22:44+00:00
66,5355,Azul Seguros,azul-seguros,https://www.reclameaqui.com.br/empresa/azul-seguros/,33448150000111,1.0,SIX_MONTHS,Últimos 6 meses,2026-03-01T00:00:00,2026-08-31T23:59:59,GOOD,Boa,7.4,1646,1546,93.9,84,77.0,66.7,736,6.17,518361.99741267785,5 dias e 23 horas,2026-09-22T03:22:44+00:00
66,5355,Azul Seguros,azul-seguros,https://www.reclameaqui.com.br/empresa/azul-seguros/,33448150000111,1.0,TWELVE_MONTHS,Últimos 12 meses,2025-09-01T00:00:00,2026-08-31T23:59:59,GOOD,Boa,7.3,3021,2833,93.8,152,76.2,64.8,1383,6.01,598716.4002823861,6 dias e 22 horas,2026-09-22T03:22:44+00:00
66,5355,Azul Seguros,azul-seguros,https://www.reclameaqui.com.br/empresa/azul-seguros/,33448150000111,1.0,LAST_YEAR,Ano civil 2025,2025-01-01T00:00:00,2025-12-31T23:59:59,GOOD,Boa,7.1,2825,2599,92.0,143,75.2,62.1,1372,5.71,1503296.289726818,17 dias e 9 horas,2026-09-22T03:22:44+00:00
66,5355,Azul Seguros,azul-seguros,https://www.reclameaqui.com.br/empresa/azul-seguros/,33448150000111,1.0,PAST_LAST_YEAR,Ano civil 2024,2024-01-01T00:00:00,2024-12-31T23:59:59,GOOD,Boa,7.4,2905,2841,97.8,29,77.8,64.4,1514,5.99,967485.0077437522,11 dias e 4 horas,2026-09-22T03:22:44+00:00
66,5355,Azul Seguros,azul-seguros,https://www.reclameaqui.com.br/empresa/azul-seguros/,33448150000111,1.0,LAST_THREE_YEARS,Últimos 3 anos (rótulo 'Geral' na interface do RA),2023-09-22T00:00:00,2026-09-21T23:59:59,GOOD,Boa,7.2,8783,8287,94.4,346,76.6,63.7,4257,5.92,1014448.2975745143,11 dias e 17 horas,2026-09-22T03:22:44+00:00
68,OEXY7rjQpvvM3URx,JUNTO SEGUROS,junto-seguros,https://www.reclameaqui.com.br/empresa/junto-seguros/,84948157000133,1.0,SIX_MONTHS,Últimos 6 meses,2026-03-01T00:00:00,2026-08-31T23:59:59,NO_INDEX,Sem índice,--,13,13,100.0,0,--,--,4,--,111392.15384615384,1 dias e 6 horas,2026-09-22T03:22:44+00:00
68,OEXY7rjQpvvM3URx,JUNTO SEGUROS,junto-seguros,https://www.reclameaqui.com.br/empresa/junto-seguros/,84948157000133,1.0,TWELVE_MONTHS,Últimos 12 meses,2025-09-01T00:00:00,2026-08-31T23:59:59,NO_INDEX,Sem índice,--,18,18,100.0,0,--,--,6,--,82356.05555555556,0 dias e 22 horas,2026-09-22T03:22:44+00:00
68,OEXY7rjQpvvM3URx,JUNTO SEGUROS,junto-seguros,https://www.reclameaqui.com.br/empresa/junto-seguros/,84948157000133,1.0,LAST_YEAR,Ano civil 2025,2025-01-01T00:00:00,2025-12-31T23:59:59,NO_INDEX,Sem índice,--,11,11,100.0,0,--,--,7,--,180120.36363636365,2 dias e 2 horas,2026-09-22T03:22:44+00:00
68,OEXY7rjQpvvM3URx,JUNTO SEGUROS,junto-seguros,https://www.reclameaqui.com.br/empresa/junto-seguros/,84948157000133,1.0,PAST_LAST_YEAR,Ano civil 2024,2024-01-01T00:00:00,2024-12-31T23:59:59,NO_INDEX,Sem índice,--,7,7,100.0,0,--,--,3,--,1526947.857142857,17 dias e 16 horas,2026-09-22T03:22:44+00:00
68,OEXY7rjQpvvM3URx,JUNTO SEGUROS,junto-seguros,https://www.reclameaqui.com.br/empresa/junto-seguros/,84948157000133,1.0,LAST_THREE_YEARS,Últimos 3 anos (rótulo 'Geral' na interface do RA),2023-09-22T00:00:00,2026-09-21T23:59:59,GREAT,Ótima,8.0,36,35,97.2,0,81.3,68.8,16,7.56,523886.77142857143,6 dias e 1 horas,2026-09-22T03:22:44+00:00
69,757,"Bradesco Seguros – Auto, Residencial e Patrimonial",bradesco-seguros,https://www.reclameaqui.com.br/empresa/bradesco-seguros/,92682038000100,1.0,SIX_MONTHS,Últimos 6 meses,2026-03-01T00:00:00,2026-08-31T23:59:59,BAD,Ruim,5.8,2968,2070,69.7,721,67.1,50.9,1112,4.72,2053837.6951690821,23 dias e 18 horas,2026-09-22T03:22:44+00:00
69,757,"Bradesco Seguros – Auto, Residencial e Patrimonial",bradesco-seguros,https://www.reclameaqui.com.br/empresa/bradesco-seguros/,92682038000100,1.0,TWELVE_MONTHS,Últimos 12 meses,2025-09-01T00:00:00,2026-08-31T23:59:59,BAD,Ruim,5.7,5689,4149,72.9,1163,63.8,47.1,2268,4.47,2212991.9737286093,25 dias e 14 horas,2026-09-22T03:22:44+00:00
69,757,"Bradesco Seguros – Auto, Residencial e Patrimonial",bradesco-seguros,https://www.reclameaqui.com.br/empresa/bradesco-seguros/,92682038000100,1.0,LAST_YEAR,Ano civil 2025,2025-01-01T00:00:00,2025-12-31T23:59:59,BAD,Ruim,5.5,5325,4754,89.3,416,58.1,40.8,2689,3.95,1114487.3763146824,12 dias e 21 horas,2026-09-22T03:22:44+00:00
69,757,"Bradesco Seguros – Auto, Residencial e Patrimonial",bradesco-seguros,https://www.reclameaqui.com.br/empresa/bradesco-seguros/,92682038000100,1.0,PAST_LAST_YEAR,Ano civil 2024,2024-01-01T00:00:00,2024-12-31T23:59:59,BAD,Ruim,5.5,4540,4527,99.7,1,56.6,36.5,2492,3.75,656191.047271924,7 dias e 14 horas,2026-09-22T03:22:44+00:00
69,757,"Bradesco Seguros – Auto, Residencial e Patrimonial",bradesco-seguros,https://www.reclameaqui.com.br/empresa/bradesco-seguros/,92682038000100,1.0,LAST_THREE_YEARS,Últimos 3 anos (rótulo 'Geral' na interface do RA),2023-09-22T00:00:00,2026-09-21T23:59:59,BAD,Ruim,5.5,15450,13574,87.9,1471,59.2,40.6,7373,4.01,1153273.273979667,13 dias e 8 horas,2026-09-22T03:22:44+00:00
70,1707,Seguradora Zurich,zurich-seguros,https://www.reclameaqui.com.br/empresa/zurich-seguros/,17197385000121,0.5,SIX_MONTHS,Últimos 6 meses,2026-03-01T00:00:00,2026-08-31T23:59:59,GOOD,Boa,7.3,2291,2197,95.9,85,77.7,62.2,1148,6.05,471827.3218024579,5 dias e 11 horas,2026-09-22T03:22:44+00:00
70,1707,Seguradora Zurich,zurich-seguros,https://www.reclameaqui.com.br/empresa/zurich-seguros/,17197385000121,0.5,TWELVE_MONTHS,Últimos 12 meses,2025-09-01T00:00:00,2026-08-31T23:59:59,GOOD,Boa,7.4,4325,4155,96.1,147,79.1,62.3,2167,6.08,509720.14753309265,5 dias e 21 horas,2026-09-22T03:22:44+00:00
70,1707,Seguradora Zurich,zurich-seguros,https://www.reclameaqui.com.br/empresa/zurich-seguros/,17197385000121,0.5,LAST_YEAR,Ano civil 2025,2025-01-01T00:00:00,2025-12-31T23:59:59,GOOD,Boa,7.1,4366,4204,96.3,124,77.6,57.8,2220,5.75,616975.7716460514,7 dias e 3 horas,2026-09-22T03:22:44+00:00
70,1707,Seguradora Zurich,zurich-seguros,https://www.reclameaqui.com.br/empresa/zurich-seguros/,17197385000121,0.5,PAST_LAST_YEAR,Ano civil 2024,2024-01-01T00:00:00,2024-12-31T23:59:59,GOOD,Boa,7.0,3653,3535,96.8,85,76.6,55.5,1964,5.64,594852.3315417256,6 dias e 21 horas,2026-09-22T03:22:44+00:00
70,1707,Seguradora Zurich,zurich-seguros,https://www.reclameaqui.com.br/empresa/zurich-seguros/,17197385000121,0.5,LAST_THREE_YEARS,Últimos 3 anos (rótulo 'Geral' na interface do RA),2023-09-22T00:00:00,2026-09-21T23:59:59,GOOD,Boa,7.1,12166,11675,96.0,404,77.7,58.0,6231,5.79,572761.4498501071,6 dias e 15 horas,2026-09-22T03:22:44+00:00
72,1887,Caixa Seguradora,caixa-seguradora,https://www.reclameaqui.com.br/empresa/caixa-seguradora/,34020354000110,1.0,SIX_MONTHS,Últimos 6 meses,2026-03-01T00:00:00,2026-08-31T23:59:59,GREAT,Ótima,8.0,103,98,95.1,3,76.2,76.2,29,7.48,1335337.8163265307,15 dias e 10 horas,2026-09-22T03:22:44+00:00
72,1887,Caixa Seguradora,caixa-seguradora,https://www.reclameaqui.com.br/empresa/caixa-seguradora/,34020354000110,1.0,TWELVE_MONTHS,Últimos 12 meses,2025-09-01T00:00:00,2026-08-31T23:59:59,GREAT,Ótima,8.2,170,165,97.1,3,79.6,77.6,63,7.71,1191289.8303030303,13 dias e 18 horas,2026-09-22T03:22:44+00:00
72,1887,Caixa Seguradora,caixa-seguradora,https://www.reclameaqui.com.br/empresa/caixa-seguradora/,34020354000110,1.0,LAST_YEAR,Ano civil 2025,2025-01-01T00:00:00,2025-12-31T23:59:59,GREAT,Ótima,8.8,148,148,100.0,0,87.3,84.1,79,8.19,891743.0472972973,10 dias e 7 horas,2026-09-22T03:22:44+00:00
72,1887,Caixa Seguradora,caixa-seguradora,https://www.reclameaqui.com.br/empresa/caixa-seguradora/,34020354000110,1.0,PAST_LAST_YEAR,Ano civil 2024,2024-01-01T00:00:00,2024-12-31T23:59:59,RA1000,RA1000,9.1,166,166,100.0,0,92.1,88.8,108,8.40,986018.656626506,11 dias e 9 horas,2026-09-22T03:22:44+00:00
72,1887,Caixa Seguradora,caixa-seguradora,https://www.reclameaqui.com.br/empresa/caixa-seguradora/,34020354000110,1.0,LAST_THREE_YEARS,Últimos 3 anos (rótulo 'Geral' na interface do RA),2023-09-22T00:00:00,2026-09-21T23:59:59,GREAT,Ótima,8.5,491,483,98.4,6,86.0,78.6,261,7.86,975527.5010351967,11 dias e 6 horas,2026-09-22T03:22:44+00:00
75,17938,Excelsior seguros,excelsior-seguros,https://www.reclameaqui.com.br/empresa/excelsior-seguros/,33054826000192,1.0,SIX_MONTHS,Últimos 6 meses,2026-03-01T00:00:00,2026-08-31T23:59:59,NO_INDEX,Sem índice,--,13,13,100.0,0,--,--,6,--,559367.4615384615,6 dias e 11 horas,2026-09-22T03:22:44+00:00
75,17938,Excelsior seguros,excelsior-seguros,https://www.reclameaqui.com.br/empresa/excelsior-seguros/,33054826000192,1.0,TWELVE_MONTHS,Últimos 12 meses,2025-09-01T00:00:00,2026-08-31T23:59:59,NO_INDEX,Sem índice,--,19,19,100.0,0,--,--,9,--,461327.15789473685,5 dias e 8 horas,2026-09-22T03:22:44+00:00
75,17938,Excelsior seguros,excelsior-seguros,https://www.reclameaqui.com.br/empresa/excelsior-seguros/,33054826000192,1.0,LAST_YEAR,Ano civil 2025,2025-01-01T00:00:00,2025-12-31T23:59:59,NO_INDEX,Sem índice,--,10,10,100.0,0,--,--,5,--,654022.1,7 dias e 13 horas,2026-09-22T03:22:44+00:00
75,17938,Excelsior seguros,excelsior-seguros,https://www.reclameaqui.com.br/empresa/excelsior-seguros/,33054826000192,1.0,PAST_LAST_YEAR,Ano civil 2024,2024-01-01T00:00:00,2024-12-31T23:59:59,NO_INDEX,Sem índice,--,10,10,100.0,0,--,--,4,--,603954.2,6 dias e 23 horas,2026-09-22T03:22:44+00:00
75,17938,Excelsior seguros,excelsior-seguros,https://www.reclameaqui.com.br/empresa/excelsior-seguros/,33054826000192,1.0,LAST_THREE_YEARS,Últimos 3 anos (rótulo 'Geral' na interface do RA),2023-09-22T00:00:00,2026-09-21T23:59:59,BAD,Ruim,5.5,43,43,100.0,0,57.1,33.3,21,3.57,536804.9069767442,6 dias e 5 horas,2026-09-22T03:22:44+00:00
76,4706,Sompo,sompo-seguros-yasuda-maritima-seguros,https://www.reclameaqui.com.br/empresa/sompo-seguros-yasuda-maritima-seguros/,61383493000180,1.0,SIX_MONTHS,Últimos 6 meses,2026-03-01T00:00:00,2026-08-31T23:59:59,BAD,Ruim,5.5,22,22,100.0,0,40.0,40.0,10,5.10,745306.7272727273,8 dias e 15 horas,2026-09-22T03:22:44+00:00
76,4706,Sompo,sompo-seguros-yasuda-maritima-seguros,https://www.reclameaqui.com.br/empresa/sompo-seguros-yasuda-maritima-seguros/,61383493000180,1.0,TWELVE_MONTHS,Últimos 12 meses,2025-09-01T00:00:00,2026-08-31T23:59:59,BAD,Ruim,5.8,32,32,100.0,0,46.7,40.0,15,5.33,708204.40625,8 dias e 4 horas,2026-09-22T03:22:44+00:00
76,4706,Sompo,sompo-seguros-yasuda-maritima-seguros,https://www.reclameaqui.com.br/empresa/sompo-seguros-yasuda-maritima-seguros/,61383493000180,1.0,LAST_YEAR,Ano civil 2025,2025-01-01T00:00:00,2025-12-31T23:59:59,GREAT,Ótima,8.6,22,22,100.0,0,100.0,61.5,13,7.77,461701.86363636365,5 dias e 8 horas,2026-09-22T03:22:44+00:00
76,4706,Sompo,sompo-seguros-yasuda-maritima-seguros,https://www.reclameaqui.com.br/empresa/sompo-seguros-yasuda-maritima-seguros/,61383493000180,1.0,PAST_LAST_YEAR,Ano civil 2024,2024-01-01T00:00:00,2024-12-31T23:59:59,BAD,Ruim,5.5,31,31,100.0,0,42.9,42.9,14,4.36,1036637.3870967742,11 dias e 23 horas,2026-09-22T03:22:44+00:00
76,4706,Sompo,sompo-seguros-yasuda-maritima-seguros,https://www.reclameaqui.com.br/empresa/sompo-seguros-yasuda-maritima-seguros/,61383493000180,1.0,LAST_THREE_YEARS,Últimos 3 anos (rótulo 'Geral' na interface do RA),2023-09-22T00:00:00,2026-09-21T23:59:59,REGULAR,Regular,6.4,89,88,98.9,1,61.4,45.5,44,5.41,805166.8295454546,9 dias e 7 horas,2026-09-22T03:22:44+00:00
78,25903,Allseg Seguradora S.A ,allseg-seguradora-sa-seguros1,https://www.reclameaqui.com.br/empresa/allseg-seguradora-sa-seguros1/,67865360000127,1.0,SIX_MONTHS,Últimos 6 meses,2026-03-01T00:00:00,2026-08-31T23:59:59,REGULAR,Regular,6.7,63,63,100.0,0,69.0,48.3,30,5.55,370829.1111111111,4 dias e 7 horas,2026-09-22T03:22:44+00:00
78,25903,Allseg Seguradora S.A ,allseg-seguradora-sa-seguros1,https://www.reclameaqui.com.br/empresa/allseg-seguradora-sa-seguros1/,67865360000127,1.0,TWELVE_MONTHS,Últimos 12 meses,2025-09-01T00:00:00,2026-08-31T23:59:59,REGULAR,Regular,6.1,91,89,97.8,0,63.6,40.9,47,4.70,1065253.8988764044,12 dias e 7 horas,2026-09-22T03:22:44+00:00
78,25903,Allseg Seguradora S.A ,allseg-seguradora-sa-seguros1,https://www.reclameaqui.com.br/empresa/allseg-seguradora-sa-seguros1/,67865360000127,1.0,LAST_YEAR,Ano civil 2025,2025-01-01T00:00:00,2025-12-31T23:59:59,REGULAR,Regular,6.4,73,67,91.8,0,77.5,40.0,46,4.93,3090587.776119403,35 dias e 18 horas,2026-09-22T03:22:44+00:00
78,25903,Allseg Seguradora S.A ,allseg-seguradora-sa-seguros1,https://www.reclameaqui.com.br/empresa/allseg-seguradora-sa-seguros1/,67865360000127,1.0,PAST_LAST_YEAR,Ano civil 2024,2024-01-01T00:00:00,2024-12-31T23:59:59,REGULAR,Regular,6.3,116,113,97.4,0,69.0,43.1,58,4.57,1843126.0796460176,21 dias e 7 horas,2026-09-22T03:22:44+00:00
78,25903,Allseg Seguradora S.A ,allseg-seguradora-sa-seguros1,https://www.reclameaqui.com.br/empresa/allseg-seguradora-sa-seguros1/,67865360000127,1.0,LAST_THREE_YEARS,Últimos 3 anos (rótulo 'Geral' na interface do RA),2023-09-22T00:00:00,2026-09-21T23:59:59,REGULAR,Regular,6.4,288,279,96.9,0,71.4,42.1,147,4.92,1627020.6523297492,18 dias e 19 horas,2026-09-22T03:22:44+00:00
79,33313,Indiana Seguros,indiana-seguros,https://www.reclameaqui.com.br/empresa/indiana-seguros/,17643407000130,1.0,SIX_MONTHS,Últimos 6 meses,2026-03-01T00:00:00,2026-08-31T23:59:59,NO_INDEX,Sem índice,--,8,8,100.0,0,--,--,3,--,542729.875,6 dias e 6 horas,2026-09-22T03:22:44+00:00
79,33313,Indiana Seguros,indiana-seguros,https://www.reclameaqui.com.br/empresa/indiana-seguros/,17643407000130,1.0,TWELVE_MONTHS,Últimos 12 meses,2025-09-01T00:00:00,2026-08-31T23:59:59,GOOD,Boa,7.2,21,21,100.0,0,80.0,40.0,10,6.50,701950.4761904762,8 dias e 2 horas,2026-09-22T03:22:44+00:00
79,33313,Indiana Seguros,indiana-seguros,https://www.reclameaqui.com.br/empresa/indiana-seguros/,17643407000130,1.0,LAST_YEAR,Ano civil 2025,2025-01-01T00:00:00,2025-12-31T23:59:59,NO_INDEX,Sem índice,--,14,14,100.0,0,--,--,8,--,716837.1428571428,8 dias e 7 horas,2026-09-22T03:22:44+00:00
79,33313,Indiana Seguros,indiana-seguros,https://www.reclameaqui.com.br/empresa/indiana-seguros/,17643407000130,1.0,PAST_LAST_YEAR,Ano civil 2024,2024-01-01T00:00:00,2024-12-31T23:59:59,NO_INDEX,Sem índice,--,29,29,100.0,0,--,--,11,--,824174.5862068966,9 dias e 12 horas,2026-09-22T03:22:44+00:00
79,33313,Indiana Seguros,indiana-seguros,https://www.reclameaqui.com.br/empresa/indiana-seguros/,17643407000130,1.0,LAST_THREE_YEARS,Últimos 3 anos (rótulo 'Geral' na interface do RA),2023-09-22T00:00:00,2026-09-21T23:59:59,REGULAR,Regular,6.8,70,70,100.0,0,72.4,44.8,33,5.66,726224.6142857143,8 dias e 9 horas,2026-09-22T03:22:44+00:00
80,764,Porto Seguro,porto-seguro,https://www.reclameaqui.com.br/empresa/porto-seguro/,61198164000160,1.0,SIX_MONTHS,Últimos 6 meses,2026-03-01T00:00:00,2026-08-31T23:59:59,GOOD,Boa,7.1,5107,4499,88.1,511,73.6,65.2,2203,5.95,659313.8953100689,7 dias e 15 horas,2026-09-22T03:22:44+00:00
80,764,Porto Seguro,porto-seguro,https://www.reclameaqui.com.br/empresa/porto-seguro/,61198164000160,1.0,TWELVE_MONTHS,Últimos 12 meses,2025-09-01T00:00:00,2026-08-31T23:59:59,GOOD,Boa,7.0,10156,9085,89.5,841,73.3,63.8,4673,5.89,879930.5501375895,10 dias e 4 horas,2026-09-22T03:22:44+00:00
80,764,Porto Seguro,porto-seguro,https://www.reclameaqui.com.br/empresa/porto-seguro/,61198164000160,1.0,LAST_YEAR,Ano civil 2025,2025-01-01T00:00:00,2025-12-31T23:59:59,GOOD,Boa,7.1,9924,9037,91.1,600,73.5,62.7,4970,5.91,1096539.9251964148,12 dias e 16 horas,2026-09-22T03:22:44+00:00
80,764,Porto Seguro,porto-seguro,https://www.reclameaqui.com.br/empresa/porto-seguro/,61198164000160,1.0,PAST_LAST_YEAR,Ano civil 2024,2024-01-01T00:00:00,2024-12-31T23:59:59,GOOD,Boa,7.2,8855,8439,95.3,213,75.2,63.5,4913,6.01,915552.3761109136,10 dias e 14 horas,2026-09-22T03:22:44+00:00
80,764,Porto Seguro,porto-seguro,https://www.reclameaqui.com.br/empresa/porto-seguro/,61198164000160,1.0,LAST_THREE_YEARS,Últimos 3 anos (rótulo 'Geral' na interface do RA),2023-09-22T00:00:00,2026-09-21T23:59:59,GOOD,Boa,7.1,29039,26454,91.1,1893,74.5,63.4,14434,5.96,913361.9621985334,10 dias e 13 horas,2026-09-22T03:22:44+00:00
81,2102,Generali Seguros,generali-seguros,https://www.reclameaqui.com.br/empresa/generali-seguros/,33072307000157,1.0,SIX_MONTHS,Últimos 6 meses,2026-03-01T00:00:00,2026-08-31T23:59:59,GREAT,Ótima,8.7,52,52,100.0,0,88.0,84.0,27,8.04,893292.5769230769,10 dias e 8 horas,2026-09-22T03:22:44+00:00
81,2102,Generali Seguros,generali-seguros,https://www.reclameaqui.com.br/empresa/generali-seguros/,33072307000157,1.0,TWELVE_MONTHS,Últimos 12 meses,2025-09-01T00:00:00,2026-08-31T23:59:59,GREAT,Ótima,8.3,114,114,100.0,0,84.5,77.6,60,7.24,939874.052631579,10 dias e 21 horas,2026-09-22T03:22:44+00:00
81,2102,Generali Seguros,generali-seguros,https://www.reclameaqui.com.br/empresa/generali-seguros/,33072307000157,1.0,LAST_YEAR,Ano civil 2025,2025-01-01T00:00:00,2025-12-31T23:59:59,GREAT,Ótima,8.3,152,152,100.0,0,88.3,71.3,95,7.48,746205.6710526316,8 dias e 15 horas,2026-09-22T03:22:44+00:00
81,2102,Generali Seguros,generali-seguros,https://www.reclameaqui.com.br/empresa/generali-seguros/,33072307000157,1.0,PAST_LAST_YEAR,Ano civil 2024,2024-01-01T00:00:00,2024-12-31T23:59:59,GOOD,Boa,7.6,184,184,100.0,0,78.8,62.8,113,6.67,604976.7934782609,7 dias e 0 horas,2026-09-22T03:22:44+00:00
81,2102,Generali Seguros,generali-seguros,https://www.reclameaqui.com.br/empresa/generali-seguros/,33072307000157,1.0,LAST_THREE_YEARS,Últimos 3 anos (rótulo 'Geral' na interface do RA),2023-09-22T00:00:00,2026-09-21T23:59:59,GOOD,Boa,7.9,444,439,98.9,5,81.8,66.7,261,6.97,702415.8997722096,8 dias e 3 horas,2026-09-22T03:22:44+00:00
82,1707,Seguradora Zurich,zurich-seguros,https://www.reclameaqui.com.br/empresa/zurich-seguros/,17197385000121,1.0,SIX_MONTHS,Últimos 6 meses,2026-03-01T00:00:00,2026-08-31T23:59:59,GOOD,Boa,7.3,2291,2197,95.9,85,77.7,62.2,1148,6.05,471827.3218024579,5 dias e 11 horas,2026-09-22T03:22:44+00:00
82,1707,Seguradora Zurich,zurich-seguros,https://www.reclameaqui.com.br/empresa/zurich-seguros/,17197385000121,1.0,TWELVE_MONTHS,Últimos 12 meses,2025-09-01T00:00:00,2026-08-31T23:59:59,GOOD,Boa,7.4,4325,4155,96.1,147,79.1,62.3,2167,6.08,509720.14753309265,5 dias e 21 horas,2026-09-22T03:22:44+00:00
82,1707,Seguradora Zurich,zurich-seguros,https://www.reclameaqui.com.br/empresa/zurich-seguros/,17197385000121,1.0,LAST_YEAR,Ano civil 2025,2025-01-01T00:00:00,2025-12-31T23:59:59,GOOD,Boa,7.1,4366,4204,96.3,124,77.6,57.8,2220,5.75,616975.7716460514,7 dias e 3 horas,2026-09-22T03:22:44+00:00
82,1707,Seguradora Zurich,zurich-seguros,https://www.reclameaqui.com.br/empresa/zurich-seguros/,17197385000121,1.0,PAST_LAST_YEAR,Ano civil 2024,2024-01-01T00:00:00,2024-12-31T23:59:59,GOOD,Boa,7.0,3653,3535,96.8,85,76.6,55.5,1964,5.64,594852.3315417256,6 dias e 21 horas,2026-09-22T03:22:44+00:00
82,1707,Seguradora Zurich,zurich-seguros,https://www.reclameaqui.com.br/empresa/zurich-seguros/,17197385000121,1.0,LAST_THREE_YEARS,Últimos 3 anos (rótulo 'Geral' na interface do RA),2023-09-22T00:00:00,2026-09-21T23:59:59,GOOD,Boa,7.1,12166,11675,96.0,404,77.7,58.0,6231,5.79,572761.4498501071,6 dias e 15 horas,2026-09-22T03:22:44+00:00
83,3hC__ZLiULNGSjBc,SWISS RE CORPORATE SOLUTIONS BRASIL SEGUROS,swiss-re-corporate-solutions-brasil-seguros,https://www.reclameaqui.com.br/empresa/swiss-re-corporate-solutions-brasil-seguros/,72145931000199,1.0,SIX_MONTHS,Últimos 6 meses,2026-03-01T00:00:00,2026-08-31T23:59:59,NO_INDEX,Sem índice,--,3,3,100.0,0,--,--,2,--,114402.0,1 dias e 7 horas,2026-09-22T03:22:44+00:00
83,3hC__ZLiULNGSjBc,SWISS RE CORPORATE SOLUTIONS BRASIL SEGUROS,swiss-re-corporate-solutions-brasil-seguros,https://www.reclameaqui.com.br/empresa/swiss-re-corporate-solutions-brasil-seguros/,72145931000199,1.0,TWELVE_MONTHS,Últimos 12 meses,2025-09-01T00:00:00,2026-08-31T23:59:59,NO_INDEX,Sem índice,--,3,3,100.0,0,--,--,2,--,114402.0,1 dias e 7 horas,2026-09-22T03:22:44+00:00
83,3hC__ZLiULNGSjBc,SWISS RE CORPORATE SOLUTIONS BRASIL SEGUROS,swiss-re-corporate-solutions-brasil-seguros,https://www.reclameaqui.com.br/empresa/swiss-re-corporate-solutions-brasil-seguros/,72145931000199,1.0,LAST_YEAR,Ano civil 2025,2025-01-01T00:00:00,2025-12-31T23:59:59,NO_INDEX,Sem índice,--,0,0,0.0,0,--,--,0,--,--,,2026-09-22T03:22:44+00:00
83,3hC__ZLiULNGSjBc,SWISS RE CORPORATE SOLUTIONS BRASIL SEGUROS,swiss-re-corporate-solutions-brasil-seguros,https://www.reclameaqui.com.br/empresa/swiss-re-corporate-solutions-brasil-seguros/,72145931000199,1.0,PAST_LAST_YEAR,Ano civil 2024,2024-01-01T00:00:00,2024-12-31T23:59:59,NO_INDEX,Sem índice,--,4,3,75.0,0,--,--,1,--,4.3042284E7,498 dias e 4 horas,2026-09-22T03:22:44+00:00
83,3hC__ZLiULNGSjBc,SWISS RE CORPORATE SOLUTIONS BRASIL SEGUROS,swiss-re-corporate-solutions-brasil-seguros,https://www.reclameaqui.com.br/empresa/swiss-re-corporate-solutions-brasil-seguros/,72145931000199,1.0,LAST_THREE_YEARS,Últimos 3 anos (rótulo 'Geral' na interface do RA),2023-09-22T00:00:00,2026-09-21T23:59:59,NO_INDEX,Sem índice,--,8,7,87.5,0,--,--,3,--,2.8491887714285713E7,329 dias e 18 horas,2026-09-22T03:22:44+00:00
84,19331,Centauro,centauro-loja-fisica,https://www.reclameaqui.com.br/empresa/centauro-loja-fisica/,06347409000165,1.0,SIX_MONTHS,Últimos 6 meses,2026-03-01T00:00:00,2026-08-31T23:59:59,REGULAR,Regular,6.8,17390,17382,100.0,3,73.0,54.7,7672,5.08,652301.6190311817,7 dias e 13 horas,2026-09-22T03:22:44+00:00
84,19331,Centauro,centauro-loja-fisica,https://www.reclameaqui.com.br/empresa/centauro-loja-fisica/,06347409000165,1.0,TWELVE_MONTHS,Últimos 12 meses,2025-09-01T00:00:00,2026-08-31T23:59:59,REGULAR,Regular,6.7,40822,40803,100.0,5,72.6,53.3,18757,4.94,658576.4830772247,7 dias e 14 horas,2026-09-22T03:22:44+00:00
84,19331,Centauro,centauro-loja-fisica,https://www.reclameaqui.com.br/empresa/centauro-loja-fisica/,06347409000165,1.0,LAST_YEAR,Ano civil 2025,2025-01-01T00:00:00,2025-12-31T23:59:59,REGULAR,Regular,6.9,41142,40896,99.4,3,77.1,55.4,20207,5.05,1069676.8235524257,12 dias e 9 horas,2026-09-22T03:22:44+00:00
84,19331,Centauro,centauro-loja-fisica,https://www.reclameaqui.com.br/empresa/centauro-loja-fisica/,06347409000165,1.0,PAST_LAST_YEAR,Ano civil 2024,2024-01-01T00:00:00,2024-12-31T23:59:59,GOOD,Boa,7.4,30308,30308,100.0,0,82.3,61.4,16532,5.84,436067.3432097136,5 dias e 1 horas,2026-09-22T03:22:44+00:00
84,19331,Centauro,centauro-loja-fisica,https://www.reclameaqui.com.br/empresa/centauro-loja-fisica/,06347409000165,1.0,LAST_THREE_YEARS,Últimos 3 anos (rótulo 'Geral' na interface do RA),2023-09-21T00:00:00,2026-09-20T23:59:59,GOOD,Boa,7.1,109579,108793,99.3,538,78.6,57.3,53765,5.35,784001.2643552434,9 dias e 1 horas,2026-09-22T03:22:44+00:00
85,QOaO4xjYiOCoKTOP,Porto Seguro Previdência,porto-seguro-vida-e-previdencia,https://www.reclameaqui.com.br/empresa/porto-seguro-vida-e-previdencia/,58768284000140,1.0,SIX_MONTHS,Últimos 6 meses,2026-03-01T00:00:00,2026-08-31T23:59:59,GOOD,Boa,7.7,23,20,87.0,2,80.0,80.0,10,6.40,1080845.65,12 dias e 12 horas,2026-09-22T03:22:44+00:00
85,QOaO4xjYiOCoKTOP,Porto Seguro Previdência,porto-seguro-vida-e-previdencia,https://www.reclameaqui.com.br/empresa/porto-seguro-vida-e-previdencia/,58768284000140,1.0,TWELVE_MONTHS,Últimos 12 meses,2025-09-01T00:00:00,2026-08-31T23:59:59,GOOD,Boa,7.0,41,38,92.7,2,84.2,57.9,19,4.84,2738429.447368421,31 dias e 16 horas,2026-09-22T03:22:44+00:00
85,QOaO4xjYiOCoKTOP,Porto Seguro Previdência,porto-seguro-vida-e-previdencia,https://www.reclameaqui.com.br/empresa/porto-seguro-vida-e-previdencia/,58768284000140,1.0,LAST_YEAR,Ano civil 2025,2025-01-01T00:00:00,2025-12-31T23:59:59,GOOD,Boa,7.3,48,48,100.0,0,87.5,45.8,24,5.83,3616478.6666666665,41 dias e 20 horas,2026-09-22T03:22:44+00:00
85,QOaO4xjYiOCoKTOP,Porto Seguro Previdência,porto-seguro-vida-e-previdencia,https://www.reclameaqui.com.br/empresa/porto-seguro-vida-e-previdencia/,58768284000140,1.0,PAST_LAST_YEAR,Ano civil 2024,2024-01-01T00:00:00,2024-12-31T23:59:59,GOOD,Boa,7.6,47,42,89.4,0,83.3,66.7,19,6.50,1.213311030952381E7,140 dias e 10 horas,2026-09-22T03:22:44+00:00
85,QOaO4xjYiOCoKTOP,Porto Seguro Previdência,porto-seguro-vida-e-previdencia,https://www.reclameaqui.com.br/empresa/porto-seguro-vida-e-previdencia/,58768284000140,1.0,LAST_THREE_YEARS,Últimos 3 anos (rótulo 'Geral' na interface do RA),2023-09-22T00:00:00,2026-09-21T23:59:59,GOOD,Boa,7.3,145,132,91.0,4,84.4,57.8,65,5.83,6971354.96969697,80 dias e 16 horas,2026-09-22T03:22:44+00:00
88,Vgh6wKszYhUsejOG,FATOR SEGURADORA,fator-seguradora,https://www.reclameaqui.com.br/empresa/fator-seguradora/,33061862000183,1.0,SIX_MONTHS,Últimos 6 meses,2026-03-01T00:00:00,2026-08-31T23:59:59,NO_INDEX,Sem índice,--,3,3,100.0,0,--,--,1,--,239585.33333333334,2 dias e 18 horas,2026-09-22T03:22:44+00:00
88,Vgh6wKszYhUsejOG,FATOR SEGURADORA,fator-seguradora,https://www.reclameaqui.com.br/empresa/fator-seguradora/,33061862000183,1.0,TWELVE_MONTHS,Últimos 12 meses,2025-09-01T00:00:00,2026-08-31T23:59:59,NO_INDEX,Sem índice,--,5,5,100.0,0,--,--,2,--,262912.4,3 dias e 1 horas,2026-09-22T03:22:44+00:00
88,Vgh6wKszYhUsejOG,FATOR SEGURADORA,fator-seguradora,https://www.reclameaqui.com.br/empresa/fator-seguradora/,33061862000183,1.0,LAST_YEAR,Ano civil 2025,2025-01-01T00:00:00,2025-12-31T23:59:59,NO_INDEX,Sem índice,--,1,1,100.0,0,--,--,1,--,352046.0,4 dias e 1 horas,2026-09-22T03:22:44+00:00
88,Vgh6wKszYhUsejOG,FATOR SEGURADORA,fator-seguradora,https://www.reclameaqui.com.br/empresa/fator-seguradora/,33061862000183,1.0,PAST_LAST_YEAR,Ano civil 2024,2024-01-01T00:00:00,2024-12-31T23:59:59,NO_INDEX,Sem índice,--,2,2,100.0,0,--,--,1,--,687775.5,7 dias e 23 horas,2026-09-22T03:22:44+00:00
88,Vgh6wKszYhUsejOG,FATOR SEGURADORA,fator-seguradora,https://www.reclameaqui.com.br/empresa/fator-seguradora/,33061862000183,1.0,LAST_THREE_YEARS,Últimos 3 anos (rótulo 'Geral' na interface do RA),2023-09-22T00:00:00,2026-09-21T23:59:59,NO_INDEX,Sem índice,--,9,8,88.9,1,--,--,3,--,393853.375,4 dias e 13 horas,2026-09-22T03:22:44+00:00
89,1707,Seguradora Zurich,zurich-seguros,https://www.reclameaqui.com.br/empresa/zurich-seguros/,17197385000121,1.0,SIX_MONTHS,Últimos 6 meses,2026-03-01T00:00:00,2026-08-31T23:59:59,GOOD,Boa,7.3,2291,2197,95.9,85,77.7,62.2,1148,6.05,471827.3218024579,5 dias e 11 horas,2026-09-22T03:22:44+00:00
89,1707,Seguradora Zurich,zurich-seguros,https://www.reclameaqui.com.br/empresa/zurich-seguros/,17197385000121,1.0,TWELVE_MONTHS,Últimos 12 meses,2025-09-01T00:00:00,2026-08-31T23:59:59,GOOD,Boa,7.4,4325,4155,96.1,147,79.1,62.3,2167,6.08,509720.14753309265,5 dias e 21 horas,2026-09-22T03:22:44+00:00
89,1707,Seguradora Zurich,zurich-seguros,https://www.reclameaqui.com.br/empresa/zurich-seguros/,17197385000121,1.0,LAST_YEAR,Ano civil 2025,2025-01-01T00:00:00,2025-12-31T23:59:59,GOOD,Boa,7.1,4366,4204,96.3,124,77.6,57.8,2220,5.75,616975.7716460514,7 dias e 3 horas,2026-09-22T03:22:44+00:00
89,1707,Seguradora Zurich,zurich-seguros,https://www.reclameaqui.com.br/empresa/zurich-seguros/,17197385000121,1.0,PAST_LAST_YEAR,Ano civil 2024,2024-01-01T00:00:00,2024-12-31T23:59:59,GOOD,Boa,7.0,3653,3535,96.8,85,76.6,55.5,1964,5.64,594852.3315417256,6 dias e 21 horas,2026-09-22T03:22:44+00:00
89,1707,Seguradora Zurich,zurich-seguros,https://www.reclameaqui.com.br/empresa/zurich-seguros/,17197385000121,1.0,LAST_THREE_YEARS,Últimos 3 anos (rótulo 'Geral' na interface do RA),2023-09-22T00:00:00,2026-09-21T23:59:59,GOOD,Boa,7.1,12166,11675,96.0,404,77.7,58.0,6231,5.79,572761.4498501071,6 dias e 15 horas,2026-09-22T03:22:44+00:00
91,RWRYJTNiPJ6hHo7r,BRASILVEICULOS COMPANHIA DE SEGUROS,brasilveiculos-companhia-de-seguros,https://www.reclameaqui.com.br/empresa/brasilveiculos-companhia-de-seguros/,01356570003369,1.0,SIX_MONTHS,Últimos 6 meses,2026-03-01T00:00:00,2026-08-31T23:59:59,NO_INDEX,Sem índice,--,0,0,0.0,0,--,--,0,--,--,,2026-09-22T03:22:44+00:00
91,RWRYJTNiPJ6hHo7r,BRASILVEICULOS COMPANHIA DE SEGUROS,brasilveiculos-companhia-de-seguros,https://www.reclameaqui.com.br/empresa/brasilveiculos-companhia-de-seguros/,01356570003369,1.0,TWELVE_MONTHS,Últimos 12 meses,2025-09-01T00:00:00,2026-08-31T23:59:59,NO_INDEX,Sem índice,--,0,0,0.0,0,--,--,0,--,--,,2026-09-22T03:22:44+00:00
91,RWRYJTNiPJ6hHo7r,BRASILVEICULOS COMPANHIA DE SEGUROS,brasilveiculos-companhia-de-seguros,https://www.reclameaqui.com.br/empresa/brasilveiculos-companhia-de-seguros/,01356570003369,1.0,LAST_YEAR,Ano civil 2025,2025-01-01T00:00:00,2025-12-31T23:59:59,NO_INDEX,Sem índice,--,0,0,0.0,0,--,--,0,--,--,,2026-09-22T03:22:44+00:00
91,RWRYJTNiPJ6hHo7r,BRASILVEICULOS COMPANHIA DE SEGUROS,brasilveiculos-companhia-de-seguros,https://www.reclameaqui.com.br/empresa/brasilveiculos-companhia-de-seguros/,01356570003369,1.0,PAST_LAST_YEAR,Ano civil 2024,2024-01-01T00:00:00,2024-12-31T23:59:59,NO_INDEX,Sem índice,--,1,0,0.0,1,--,--,0,--,--,,2026-09-22T03:22:44+00:00
91,RWRYJTNiPJ6hHo7r,BRASILVEICULOS COMPANHIA DE SEGUROS,brasilveiculos-companhia-de-seguros,https://www.reclameaqui.com.br/empresa/brasilveiculos-companhia-de-seguros/,01356570003369,1.0,LAST_THREE_YEARS,Últimos 3 anos (rótulo 'Geral' na interface do RA),2023-09-22T00:00:00,2026-09-21T23:59:59,NO_INDEX,Sem índice,--,1,0,0.0,1,--,--,0,--,--,,2026-09-22T03:22:44+00:00
92,5722,Tokio Marine Seguradora,tokio-marine-seguradora,https://www.reclameaqui.com.br/empresa/tokio-marine-seguradora/,33164021000100,1.0,SIX_MONTHS,Últimos 6 meses,2026-03-01T00:00:00,2026-08-31T23:59:59,GOOD,Boa,7.1,2157,2157,100.0,0,73.4,59.2,1079,5.68,815551.1515994436,9 dias e 10 horas,2026-09-22T03:22:44+00:00
92,5722,Tokio Marine Seguradora,tokio-marine-seguradora,https://www.reclameaqui.com.br/empresa/tokio-marine-seguradora/,33164021000100,1.0,TWELVE_MONTHS,Últimos 12 meses,2025-09-01T00:00:00,2026-08-31T23:59:59,GOOD,Boa,7.1,4306,4305,100.0,1,73.5,60.0,2251,5.67,811996.9853658536,9 dias e 9 horas,2026-09-22T03:22:44+00:00
92,5722,Tokio Marine Seguradora,tokio-marine-seguradora,https://www.reclameaqui.com.br/empresa/tokio-marine-seguradora/,33164021000100,1.0,LAST_YEAR,Ano civil 2025,2025-01-01T00:00:00,2025-12-31T23:59:59,REGULAR,Regular,6.9,3940,3939,100.0,1,72.4,56.6,2178,5.42,884864.7585681645,10 dias e 5 horas,2026-09-22T03:22:44+00:00
92,5722,Tokio Marine Seguradora,tokio-marine-seguradora,https://www.reclameaqui.com.br/empresa/tokio-marine-seguradora/,33164021000100,1.0,PAST_LAST_YEAR,Ano civil 2024,2024-01-01T00:00:00,2024-12-31T23:59:59,REGULAR,Regular,6.6,4052,4052,100.0,0,69.5,51.5,2152,4.94,698259.7443237908,8 dias e 1 horas,2026-09-22T03:22:44+00:00
92,5722,Tokio Marine Seguradora,tokio-marine-seguradora,https://www.reclameaqui.com.br/empresa/tokio-marine-seguradora/,33164021000100,1.0,LAST_THREE_YEARS,Últimos 3 anos (rótulo 'Geral' na interface do RA),2023-09-22T00:00:00,2026-09-21T23:59:59,REGULAR,Regular,6.8,12366,12225,98.9,141,72.2,55.3,6488,5.33,780267.9222085889,9 dias e 0 horas,2026-09-22T03:22:44+00:00
93,XmytmoOLpCAP55b_,ALIANCA DO BRASIL SEGUROS S/A.,alianca-do-brasil-seguros-s-a,https://www.reclameaqui.com.br/empresa/alianca-do-brasil-seguros-s-a/,01378407000110,1.0,SIX_MONTHS,Últimos 6 meses,2026-03-01T00:00:00,2026-08-31T23:59:59,NOT_RECOMMENDED,Não recomendada,--,27,0,0.0,20,--,--,7,--,--,,2026-09-22T03:22:44+00:00
93,XmytmoOLpCAP55b_,ALIANCA DO BRASIL SEGUROS S/A.,alianca-do-brasil-seguros-s-a,https://www.reclameaqui.com.br/empresa/alianca-do-brasil-seguros-s-a/,01378407000110,1.0,TWELVE_MONTHS,Últimos 12 meses,2025-09-01T00:00:00,2026-08-31T23:59:59,NOT_RECOMMENDED,Não recomendada,--,48,0,0.0,32,--,--,16,--,--,,2026-09-22T03:22:44+00:00
93,XmytmoOLpCAP55b_,ALIANCA DO BRASIL SEGUROS S/A.,alianca-do-brasil-seguros-s-a,https://www.reclameaqui.com.br/empresa/alianca-do-brasil-seguros-s-a/,01378407000110,1.0,LAST_YEAR,Ano civil 2025,2025-01-01T00:00:00,2025-12-31T23:59:59,NOT_RECOMMENDED,Não recomendada,--,22,0,0.0,13,--,--,9,--,--,,2026-09-22T03:22:44+00:00
93,XmytmoOLpCAP55b_,ALIANCA DO BRASIL SEGUROS S/A.,alianca-do-brasil-seguros-s-a,https://www.reclameaqui.com.br/empresa/alianca-do-brasil-seguros-s-a/,01378407000110,1.0,PAST_LAST_YEAR,Ano civil 2024,2024-01-01T00:00:00,2024-12-31T23:59:59,NO_INDEX,Sem índice,--,0,0,0.0,0,--,--,0,--,--,,2026-09-22T03:22:44+00:00
93,XmytmoOLpCAP55b_,ALIANCA DO BRASIL SEGUROS S/A.,alianca-do-brasil-seguros-s-a,https://www.reclameaqui.com.br/empresa/alianca-do-brasil-seguros-s-a/,01378407000110,1.0,LAST_THREE_YEARS,Últimos 3 anos (rótulo 'Geral' na interface do RA),2023-09-22T00:00:00,2026-09-21T23:59:59,NOT_RECOMMENDED,Não recomendada,--,61,0,0.0,41,--,--,20,--,--,,2026-09-22T03:22:44+00:00
94,906,Mapfre,mapfre-1,https://www.reclameaqui.com.br/empresa/mapfre-1/,61074175000138,1.0,SIX_MONTHS,Últimos 6 meses,2026-03-01T00:00:00,2026-08-31T23:59:59,REGULAR,Regular,6.6,1243,1178,94.8,47,73.9,49.8,545,4.94,1349746.1213921902,15 dias e 14 horas,2026-09-22T03:22:44+00:00
94,906,Mapfre,mapfre-1,https://www.reclameaqui.com.br/empresa/mapfre-1/,61074175000138,1.0,TWELVE_MONTHS,Últimos 12 meses,2025-09-01T00:00:00,2026-08-31T23:59:59,REGULAR,Regular,6.6,2416,2349,97.2,47,73.2,49.2,1085,4.94,1136355.5236270754,13 dias e 3 horas,2026-09-22T03:22:44+00:00
94,906,Mapfre,mapfre-1,https://www.reclameaqui.com.br/empresa/mapfre-1/,61074175000138,1.0,LAST_YEAR,Ano civil 2025,2025-01-01T00:00:00,2025-12-31T23:59:59,REGULAR,Regular,6.4,3138,3132,99.8,0,70.2,44.7,1450,4.67,751883.0667305236,8 dias e 16 horas,2026-09-22T03:22:44+00:00
94,906,Mapfre,mapfre-1,https://www.reclameaqui.com.br/empresa/mapfre-1/,61074175000138,1.0,PAST_LAST_YEAR,Ano civil 2024,2024-01-01T00:00:00,2024-12-31T23:59:59,REGULAR,Regular,6.2,4158,4132,99.4,0,66.0,43.8,2089,4.43,927290.1858664085,10 dias e 17 horas,2026-09-22T03:22:44+00:00
94,906,Mapfre,mapfre-1,https://www.reclameaqui.com.br/empresa/mapfre-1/,61074175000138,1.0,LAST_THREE_YEARS,Últimos 3 anos (rótulo 'Geral' na interface do RA),2023-09-21T00:00:00,2026-09-20T23:59:59,REGULAR,Regular,6.2,10315,10139,98.3,118,67.6,43.8,4838,4.49,933028.7096360588,10 dias e 19 horas,2026-09-22T03:22:44+00:00
95,s4QlORzGyhFt5K7e,Rio Grande Seguros e Previdência,rio-grande-seguros-e-previdencia,https://www.reclameaqui.com.br/empresa/rio-grande-seguros-e-previdencia/,00000000000,1.0,SIX_MONTHS,Últimos 6 meses,2026-03-01T00:00:00,2026-08-31T23:59:59,NO_INDEX,Sem índice,--,16,16,100.0,0,--,--,6,--,824365.8125,9 dias e 12 horas,2026-09-22T03:22:44+00:00
95,s4QlORzGyhFt5K7e,Rio Grande Seguros e Previdência,rio-grande-seguros-e-previdencia,https://www.reclameaqui.com.br/empresa/rio-grande-seguros-e-previdencia/,00000000000,1.0,TWELVE_MONTHS,Últimos 12 meses,2025-09-01T00:00:00,2026-08-31T23:59:59,REGULAR,Regular,6.2,39,39,100.0,0,58.8,47.1,18,5.12,532220.8461538461,6 dias e 3 horas,2026-09-22T03:22:44+00:00
95,s4QlORzGyhFt5K7e,Rio Grande Seguros e Previdência,rio-grande-seguros-e-previdencia,https://www.reclameaqui.com.br/empresa/rio-grande-seguros-e-previdencia/,00000000000,1.0,LAST_YEAR,Ano civil 2025,2025-01-01T00:00:00,2025-12-31T23:59:59,GOOD,Boa,7.7,43,43,100.0,0,83.3,58.3,24,6.67,441737.18604651163,5 dias e 2 horas,2026-09-22T03:22:44+00:00
95,s4QlORzGyhFt5K7e,Rio Grande Seguros e Previdência,rio-grande-seguros-e-previdencia,https://www.reclameaqui.com.br/empresa/rio-grande-seguros-e-previdencia/,00000000000,1.0,PAST_LAST_YEAR,Ano civil 2024,2024-01-01T00:00:00,2024-12-31T23:59:59,BAD,Ruim,5.4,33,31,93.9,0,60.0,30.0,11,3.60,2631772.9677419355,30 dias e 11 horas,2026-09-22T03:22:44+00:00
95,s4QlORzGyhFt5K7e,Rio Grande Seguros e Previdência,rio-grande-seguros-e-previdencia,https://www.reclameaqui.com.br/empresa/rio-grande-seguros-e-previdencia/,00000000000,1.0,LAST_THREE_YEARS,Últimos 3 anos (rótulo 'Geral' na interface do RA),2023-09-22T00:00:00,2026-09-21T23:59:59,REGULAR,Regular,6.4,118,116,98.3,0,67.3,44.9,51,5.12,1247911.3793103448,14 dias e 10 horas,2026-09-22T03:22:44+00:00
97,3536,Alfa Seguradora,alfa-seguradora,https://www.reclameaqui.com.br/empresa/alfa-seguradora/,02713529000188,1.0,SIX_MONTHS,Últimos 6 meses,2026-03-01T00:00:00,2026-08-31T23:59:59,REGULAR,Regular,6.6,371,366,98.7,5,72.4,48.0,150,4.92,1627544.1147540985,18 dias e 20 horas,2026-09-22T03:22:44+00:00
97,3536,Alfa Seguradora,alfa-seguradora,https://www.reclameaqui.com.br/empresa/alfa-seguradora/,02713529000188,1.0,TWELVE_MONTHS,Últimos 12 meses,2025-09-01T00:00:00,2026-08-31T23:59:59,REGULAR,Regular,6.3,746,741,99.3,5,70.0,42.4,340,4.62,1636425.9892037786,18 dias e 22 horas,2026-09-22T03:22:44+00:00
97,3536,Alfa Seguradora,alfa-seguradora,https://www.reclameaqui.com.br/empresa/alfa-seguradora/,02713529000188,1.0,LAST_YEAR,Ano civil 2025,2025-01-01T00:00:00,2025-12-31T23:59:59,REGULAR,Regular,6.5,804,804,100.0,0,73.7,43.8,391,4.85,1506002.1405472637,17 dias e 10 horas,2026-09-22T03:22:44+00:00
97,3536,Alfa Seguradora,alfa-seguradora,https://www.reclameaqui.com.br/empresa/alfa-seguradora/,02713529000188,1.0,PAST_LAST_YEAR,Ano civil 2024,2024-01-01T00:00:00,2024-12-31T23:59:59,REGULAR,Regular,6.6,564,564,100.0,0,77.8,44.1,290,4.70,1064536.3014184397,12 dias e 7 horas,2026-09-22T03:22:44+00:00
97,3536,Alfa Seguradora,alfa-seguradora,https://www.reclameaqui.com.br/empresa/alfa-seguradora/,02713529000188,1.0,LAST_THREE_YEARS,Últimos 3 anos (rótulo 'Geral' na interface do RA),2023-09-22T00:00:00,2026-09-21T23:59:59,REGULAR,Regular,6.5,1999,1957,97.9,41,75.2,44.6,938,4.81,1396855.417475728,16 dias e 4 horas,2026-09-22T03:22:44+00:00
98,11180,Chubb Seguros Brasil,chubb-seguros-brasil,https://www.reclameaqui.com.br/empresa/chubb-seguros-brasil/,03502099000118,1.0,SIX_MONTHS,Últimos 6 meses,2026-03-01T00:00:00,2026-08-31T23:59:59,GOOD,Boa,7.5,774,772,99.7,1,75.2,65.4,366,6.54,672713.7875647668,7 dias e 18 horas,2026-09-22T03:22:44+00:00
98,11180,Chubb Seguros Brasil,chubb-seguros-brasil,https://www.reclameaqui.com.br/empresa/chubb-seguros-brasil/,03502099000118,1.0,TWELVE_MONTHS,Últimos 12 meses,2025-09-01T00:00:00,2026-08-31T23:59:59,GOOD,Boa,7.6,1566,1564,99.9,1,76.3,66.0,811,6.57,691864.2244245524,8 dias e 0 horas,2026-09-22T03:22:44+00:00
98,11180,Chubb Seguros Brasil,chubb-seguros-brasil,https://www.reclameaqui.com.br/empresa/chubb-seguros-brasil/,03502099000118,1.0,LAST_YEAR,Ano civil 2025,2025-01-01T00:00:00,2025-12-31T23:59:59,GOOD,Boa,7.5,1328,1328,100.0,0,77.1,64.7,725,6.44,590936.0685240964,6 dias e 20 horas,2026-09-22T03:22:44+00:00
98,11180,Chubb Seguros Brasil,chubb-seguros-brasil,https://www.reclameaqui.com.br/empresa/chubb-seguros-brasil/,03502099000118,1.0,PAST_LAST_YEAR,Ano civil 2024,2024-01-01T00:00:00,2024-12-31T23:59:59,GOOD,Boa,7.2,967,965,99.8,0,74.6,57.2,476,5.92,640885.3015544042,7 dias e 10 horas,2026-09-22T03:22:44+00:00
98,11180,Chubb Seguros Brasil,chubb-seguros-brasil,https://www.reclameaqui.com.br/empresa/chubb-seguros-brasil/,03502099000118,1.0,LAST_THREE_YEARS,Últimos 3 anos (rótulo 'Geral' na interface do RA),2023-09-22T00:00:00,2026-09-21T23:59:59,GOOD,Boa,7.4,3693,3638,98.5,52,76.6,62.1,1887,6.35,639999.7108301264,7 dias e 9 horas,2026-09-22T03:22:44+00:00
100,XxFsHl2XP07_jD4D,CARDIF DO BRASIL VIDA E PREVIDENCIA,cardif-do-brasil-vida-e-previdencia,https://www.reclameaqui.com.br/empresa/cardif-do-brasil-vida-e-previdencia/,03546261000108,1.0,SIX_MONTHS,Últimos 6 meses,2026-03-01T00:00:00,2026-08-31T23:59:59,NOT_RECOMMENDED,Não recomendada,--,77,0,0.0,59,--,--,18,--,--,,2026-09-22T03:22:44+00:00
100,XxFsHl2XP07_jD4D,CARDIF DO BRASIL VIDA E PREVIDENCIA,cardif-do-brasil-vida-e-previdencia,https://www.reclameaqui.com.br/empresa/cardif-do-brasil-vida-e-previdencia/,03546261000108,1.0,TWELVE_MONTHS,Últimos 12 meses,2025-09-01T00:00:00,2026-08-31T23:59:59,NOT_RECOMMENDED,Não recomendada,--,94,0,0.0,74,--,--,20,--,--,,2026-09-22T03:22:44+00:00
100,XxFsHl2XP07_jD4D,CARDIF DO BRASIL VIDA E PREVIDENCIA,cardif-do-brasil-vida-e-previdencia,https://www.reclameaqui.com.br/empresa/cardif-do-brasil-vida-e-previdencia/,03546261000108,1.0,LAST_YEAR,Ano civil 2025,2025-01-01T00:00:00,2025-12-31T23:59:59,NO_INDEX,Sem índice,--,0,0,0.0,0,--,--,0,--,--,,2026-09-22T03:22:44+00:00
100,XxFsHl2XP07_jD4D,CARDIF DO BRASIL VIDA E PREVIDENCIA,cardif-do-brasil-vida-e-previdencia,https://www.reclameaqui.com.br/empresa/cardif-do-brasil-vida-e-previdencia/,03546261000108,1.0,PAST_LAST_YEAR,Ano civil 2024,2024-01-01T00:00:00,2024-12-31T23:59:59,NO_INDEX,Sem índice,--,0,0,0.0,0,--,--,0,--,--,,2026-09-22T03:22:44+00:00
100,XxFsHl2XP07_jD4D,CARDIF DO BRASIL VIDA E PREVIDENCIA,cardif-do-brasil-vida-e-previdencia,https://www.reclameaqui.com.br/empresa/cardif-do-brasil-vida-e-previdencia/,03546261000108,1.0,LAST_THREE_YEARS,Últimos 3 anos (rótulo 'Geral' na interface do RA),2023-09-22T00:00:00,2026-09-21T23:59:59,NOT_RECOMMENDED,Não recomendada,--,115,0,0.0,89,--,--,26,--,--,,2026-09-22T03:22:44+00:00
101,a1iZi1oAzx7J2i7A,"zurich santander brasil seguros e previdência,",zurich-santander-brasil-seguros-e-previdencia,https://www.reclameaqui.com.br/empresa/zurich-santander-brasil-seguros-e-previdencia/,,1.0,SIX_MONTHS,Últimos 6 meses,2026-03-01T00:00:00,2026-08-31T23:59:59,NOT_RECOMMENDED,Não recomendada,--,491,0,0.0,318,--,--,173,--,--,,2026-09-22T03:22:44+00:00
101,a1iZi1oAzx7J2i7A,"zurich santander brasil seguros e previdência,",zurich-santander-brasil-seguros-e-previdencia,https://www.reclameaqui.com.br/empresa/zurich-santander-brasil-seguros-e-previdencia/,,1.0,TWELVE_MONTHS,Últimos 12 meses,2025-09-01T00:00:00,2026-08-31T23:59:59,NOT_RECOMMENDED,Não recomendada,--,734,0,0.0,486,--,--,248,--,--,,2026-09-22T03:22:44+00:00
101,a1iZi1oAzx7J2i7A,"zurich santander brasil seguros e previdência,",zurich-santander-brasil-seguros-e-previdencia,https://www.reclameaqui.com.br/empresa/zurich-santander-brasil-seguros-e-previdencia/,,1.0,LAST_YEAR,Ano civil 2025,2025-01-01T00:00:00,2025-12-31T23:59:59,NOT_RECOMMENDED,Não recomendada,--,89,0,0.0,54,--,--,35,--,--,,2026-09-22T03:22:44+00:00
101,a1iZi1oAzx7J2i7A,"zurich santander brasil seguros e previdência,",zurich-santander-brasil-seguros-e-previdencia,https://www.reclameaqui.com.br/empresa/zurich-santander-brasil-seguros-e-previdencia/,,1.0,PAST_LAST_YEAR,Ano civil 2024,2024-01-01T00:00:00,2024-12-31T23:59:59,NO_INDEX,Sem índice,--,0,0,0.0,0,--,--,0,--,--,,2026-09-22T03:22:44+00:00
101,a1iZi1oAzx7J2i7A,"zurich santander brasil seguros e previdência,",zurich-santander-brasil-seguros-e-previdencia,https://www.reclameaqui.com.br/empresa/zurich-santander-brasil-seguros-e-previdencia/,,1.0,LAST_THREE_YEARS,Últimos 3 anos (rótulo 'Geral' na interface do RA),2023-09-21T00:00:00,2026-09-20T23:59:59,NOT_RECOMMENDED,Não recomendada,--,772,0,0.0,514,--,--,258,--,--,,2026-09-22T03:22:44+00:00
102,9227,HDI Seguros,hdi-seguros,https://www.reclameaqui.com.br/empresa/hdi-seguros/,29980158000157,1.0,SIX_MONTHS,Últimos 6 meses,2026-03-01T00:00:00,2026-08-31T23:59:59,REGULAR,Regular,6.7,1396,1395,99.9,1,70.0,53.6,564,5.11,774704.488172043,8 dias e 23 horas,2026-09-22T03:22:44+00:00
102,9227,HDI Seguros,hdi-seguros,https://www.reclameaqui.com.br/empresa/hdi-seguros/,29980158000157,1.0,TWELVE_MONTHS,Últimos 12 meses,2025-09-01T00:00:00,2026-08-31T23:59:59,REGULAR,Regular,6.5,2782,2779,99.9,1,67.9,51.3,1208,4.96,891951.0996761424,10 dias e 7 horas,2026-09-22T03:22:44+00:00
102,9227,HDI Seguros,hdi-seguros,https://www.reclameaqui.com.br/empresa/hdi-seguros/,29980158000157,1.0,LAST_YEAR,Ano civil 2025,2025-01-01T00:00:00,2025-12-31T23:59:59,REGULAR,Regular,6.5,2814,2812,99.9,0,68.7,50.0,1420,4.88,815357.3378378379,9 dias e 10 horas,2026-09-22T03:22:44+00:00
102,9227,HDI Seguros,hdi-seguros,https://www.reclameaqui.com.br/empresa/hdi-seguros/,29980158000157,1.0,PAST_LAST_YEAR,Ano civil 2024,2024-01-01T00:00:00,2024-12-31T23:59:59,REGULAR,Regular,6.4,3768,3768,100.0,0,68.5,47.4,1962,4.82,662493.9694798301,7 dias e 16 horas,2026-09-22T03:22:44+00:00
102,9227,HDI Seguros,hdi-seguros,https://www.reclameaqui.com.br/empresa/hdi-seguros/,29980158000157,1.0,LAST_THREE_YEARS,Últimos 3 anos (rótulo 'Geral' na interface do RA),2023-09-21T00:00:00,2026-09-20T23:59:59,REGULAR,Regular,6.5,9736,9666,99.3,64,69.1,49.1,4729,4.92,774298.3704738258,8 dias e 23 horas,2026-09-22T03:22:44+00:00
103,2143,Mitsui Sumitomo Seguros,mitsui-sumitomo-seguros,https://www.reclameaqui.com.br/empresa/mitsui-sumitomo-seguros/,33016221000107,1.0,SIX_MONTHS,Últimos 6 meses,2026-03-01T00:00:00,2026-08-31T23:59:59,NO_INDEX,Sem índice,--,25,20,80.0,5,--,--,8,--,963866.0,11 dias e 3 horas,2026-09-22T03:22:44+00:00
103,2143,Mitsui Sumitomo Seguros,mitsui-sumitomo-seguros,https://www.reclameaqui.com.br/empresa/mitsui-sumitomo-seguros/,33016221000107,1.0,TWELVE_MONTHS,Últimos 12 meses,2025-09-01T00:00:00,2026-08-31T23:59:59,GOOD,Boa,7.6,48,43,89.6,5,77.8,72.2,22,6.67,874028.3953488372,10 dias e 2 horas,2026-09-22T03:22:44+00:00
103,2143,Mitsui Sumitomo Seguros,mitsui-sumitomo-seguros,https://www.reclameaqui.com.br/empresa/mitsui-sumitomo-seguros/,33016221000107,1.0,LAST_YEAR,Ano civil 2025,2025-01-01T00:00:00,2025-12-31T23:59:59,GREAT,Ótima,8.0,73,73,100.0,0,88.2,66.7,53,6.80,551419.6575342466,6 dias e 9 horas,2026-09-22T03:22:44+00:00
103,2143,Mitsui Sumitomo Seguros,mitsui-sumitomo-seguros,https://www.reclameaqui.com.br/empresa/mitsui-sumitomo-seguros/,33016221000107,1.0,PAST_LAST_YEAR,Ano civil 2024,2024-01-01T00:00:00,2024-12-31T23:59:59,GOOD,Boa,7.4,237,237,100.0,0,80.2,56.9,171,6.20,426910.6371308017,4 dias e 22 horas,2026-09-22T03:22:44+00:00
103,2143,Mitsui Sumitomo Seguros,mitsui-sumitomo-seguros,https://www.reclameaqui.com.br/empresa/mitsui-sumitomo-seguros/,33016221000107,1.0,LAST_THREE_YEARS,Últimos 3 anos (rótulo 'Geral' na interface do RA),2023-09-21T00:00:00,2026-09-20T23:59:59,GOOD,Boa,7.5,414,406,98.1,8,82.1,58.6,277,6.27,472010.8620689655,5 dias e 11 horas,2026-09-22T03:22:44+00:00
104,95257,Too Seguros,pan-seguros,https://www.reclameaqui.com.br/empresa/pan-seguros/,33245762000107,1.0,SIX_MONTHS,Últimos 6 meses,2026-03-01T00:00:00,2026-08-31T23:59:59,REGULAR,Regular,6.4,699,699,100.0,0,67.6,44.1,244,5.13,423224.54649499286,4 dias e 21 horas,2026-09-22T03:22:44+00:00
104,95257,Too Seguros,pan-seguros,https://www.reclameaqui.com.br/empresa/pan-seguros/,33245762000107,1.0,TWELVE_MONTHS,Últimos 12 meses,2025-09-01T00:00:00,2026-08-31T23:59:59,REGULAR,Regular,6.7,1401,1401,100.0,0,70.4,48.9,502,5.30,546118.0157030693,6 dias e 7 horas,2026-09-22T03:22:44+00:00
104,95257,Too Seguros,pan-seguros,https://www.reclameaqui.com.br/empresa/pan-seguros/,33245762000107,1.0,LAST_YEAR,Ano civil 2025,2025-01-01T00:00:00,2025-12-31T23:59:59,REGULAR,Regular,6.7,1694,1694,100.0,0,71.5,47.5,676,5.37,462480.19126328215,5 dias e 8 horas,2026-09-22T03:22:44+00:00
104,95257,Too Seguros,pan-seguros,https://www.reclameaqui.com.br/empresa/pan-seguros/,33245762000107,1.0,PAST_LAST_YEAR,Ano civil 2024,2024-01-01T00:00:00,2024-12-31T23:59:59,REGULAR,Regular,6.5,1644,1644,100.0,0,72.7,42.7,727,5.00,655278.1879562044,7 dias e 14 horas,2026-09-22T03:22:44+00:00
104,95257,Too Seguros,pan-seguros,https://www.reclameaqui.com.br/empresa/pan-seguros/,33245762000107,1.0,LAST_THREE_YEARS,Últimos 3 anos (rótulo 'Geral' na interface do RA),2023-09-21T00:00:00,2026-09-20T23:59:59,REGULAR,Regular,6.6,4791,4750,99.1,41,72.0,44.5,1948,5.19,557314.675368421,6 dias e 10 horas,2026-09-22T03:22:44+00:00
107,31543,Seguros SURA,seguros-sura,https://www.reclameaqui.com.br/empresa/seguros-sura/,33065699000127,1.0,SIX_MONTHS,Últimos 6 meses,2026-03-01T00:00:00,2026-08-31T23:59:59,GOOD,Boa,7.0,342,338,98.8,4,79.3,48.6,148,5.54,1157913.627218935,13 dias e 9 horas,2026-09-22T03:22:44+00:00
107,31543,Seguros SURA,seguros-sura,https://www.reclameaqui.com.br/empresa/seguros-sura/,33065699000127,1.0,TWELVE_MONTHS,Últimos 12 meses,2025-09-01T00:00:00,2026-08-31T23:59:59,REGULAR,Regular,6.9,630,626,99.4,4,78.5,48.7,298,5.40,1035292.3418530351,11 dias e 23 horas,2026-09-22T03:22:44+00:00
107,31543,Seguros SURA,seguros-sura,https://www.reclameaqui.com.br/empresa/seguros-sura/,33065699000127,1.0,LAST_YEAR,Ano civil 2025,2025-01-01T00:00:00,2025-12-31T23:59:59,GOOD,Boa,7.5,470,470,100.0,0,82.9,57.6,270,6.21,806862.4595744681,9 dias e 8 horas,2026-09-22T03:22:44+00:00
107,31543,Seguros SURA,seguros-sura,https://www.reclameaqui.com.br/empresa/seguros-sura/,33065699000127,1.0,PAST_LAST_YEAR,Ano civil 2024,2024-01-01T00:00:00,2024-12-31T23:59:59,GOOD,Boa,7.8,390,390,100.0,0,90.5,60.0,224,6.40,913073.0179487179,10 dias e 13 horas,2026-09-22T03:22:44+00:00
107,31543,Seguros SURA,seguros-sura,https://www.reclameaqui.com.br/empresa/seguros-sura/,33065699000127,1.0,LAST_THREE_YEARS,Últimos 3 anos (rótulo 'Geral' na interface do RA),2023-09-22T00:00:00,2026-09-21T23:59:59,GOOD,Boa,7.4,1463,1435,98.1,28,84.0,54.8,762,5.99,928147.4076655052,10 dias e 17 horas,2026-09-22T03:22:44+00:00
109,84244,Gente Seguradora,gente-seguradora,https://www.reclameaqui.com.br/empresa/gente-seguradora/,90180605000102,1.0,SIX_MONTHS,Últimos 6 meses,2026-03-01T00:00:00,2026-08-31T23:59:59,BAD,Ruim,5.4,37,37,100.0,0,53.8,30.8,13,4.00,314168.4324324324,3 dias e 15 horas,2026-09-22T03:22:44+00:00
109,84244,Gente Seguradora,gente-seguradora,https://www.reclameaqui.com.br/empresa/gente-seguradora/,90180605000102,1.0,TWELVE_MONTHS,Últimos 12 meses,2025-09-01T00:00:00,2026-08-31T23:59:59,BAD,Ruim,5.6,64,64,100.0,0,58.3,33.3,24,3.79,288385.65625,3 dias e 8 horas,2026-09-22T03:22:44+00:00
109,84244,Gente Seguradora,gente-seguradora,https://www.reclameaqui.com.br/empresa/gente-seguradora/,90180605000102,1.0,LAST_YEAR,Ano civil 2025,2025-01-01T00:00:00,2025-12-31T23:59:59,BAD,Ruim,5.8,61,61,100.0,0,66.7,33.3,27,3.70,215103.24590163934,2 dias e 11 horas,2026-09-22T03:22:44+00:00
109,84244,Gente Seguradora,gente-seguradora,https://www.reclameaqui.com.br/empresa/gente-seguradora/,90180605000102,1.0,PAST_LAST_YEAR,Ano civil 2024,2024-01-01T00:00:00,2024-12-31T23:59:59,NO_INDEX,Sem índice,--,30,30,100.0,0,--,--,8,--,365878.06666666665,4 dias e 5 horas,2026-09-22T03:22:44+00:00
109,84244,Gente Seguradora,gente-seguradora,https://www.reclameaqui.com.br/empresa/gente-seguradora/,90180605000102,1.0,LAST_THREE_YEARS,Últimos 3 anos (rótulo 'Geral' na interface do RA),2023-09-22T00:00:00,2026-09-21T23:59:59,BAD,Ruim,5.6,150,147,98.0,3,64.8,29.6,54,3.70,280265.96598639456,3 dias e 5 horas,2026-09-22T03:22:44+00:00
110,65637,SINAF Seguros,sinaf-seguros,https://www.reclameaqui.com.br/empresa/sinaf-seguros/,44019198000120,1.0,SIX_MONTHS,Últimos 6 meses,2026-03-01T00:00:00,2026-08-31T23:59:59,GREAT,Ótima,8.1,104,104,100.0,0,81.9,75.0,72,7.19,194676.75,2 dias e 6 horas,2026-09-22T03:22:44+00:00
110,65637,SINAF Seguros,sinaf-seguros,https://www.reclameaqui.com.br/empresa/sinaf-seguros/,44019198000120,1.0,TWELVE_MONTHS,Últimos 12 meses,2025-09-01T00:00:00,2026-08-31T23:59:59,GREAT,Ótima,8.3,223,223,100.0,0,85.7,76.2,147,7.31,160194.1793721973,1 dias e 20 horas,2026-09-22T03:22:44+00:00
110,65637,SINAF Seguros,sinaf-seguros,https://www.reclameaqui.com.br/empresa/sinaf-seguros/,44019198000120,1.0,LAST_YEAR,Ano civil 2025,2025-01-01T00:00:00,2025-12-31T23:59:59,RA1000,RA1000,8.5,211,211,100.0,0,90.7,75.3,150,7.57,125695.73459715639,1 dias e 10 horas,2026-09-22T03:22:44+00:00
110,65637,SINAF Seguros,sinaf-seguros,https://www.reclameaqui.com.br/empresa/sinaf-seguros/,44019198000120,1.0,PAST_LAST_YEAR,Ano civil 2024,2024-01-01T00:00:00,2024-12-31T23:59:59,GOOD,Boa,7.3,188,188,100.0,0,72.0,56.8,125,6.54,278454.28723404254,3 dias e 5 horas,2026-09-22T03:22:44+00:00
110,65637,SINAF Seguros,sinaf-seguros,https://www.reclameaqui.com.br/empresa/sinaf-seguros/,44019198000120,1.0,LAST_THREE_YEARS,Últimos 3 anos (rótulo 'Geral' na interface do RA),2023-09-22T00:00:00,2026-09-21T23:59:59,GOOD,Boa,7.9,592,588,99.3,4,81.9,68.1,398,7.09,196832.74149659864,2 dias e 6 horas,2026-09-22T03:22:44+00:00
111,1202852,Bradesco Vida e Previdência,bradesco-vida-e-previdencia,https://www.reclameaqui.com.br/empresa/bradesco-vida-e-previdencia/,51990695000137,1.0,SIX_MONTHS,Últimos 6 meses,2026-03-01T00:00:00,2026-08-31T23:59:59,REGULAR,Regular,6.6,2158,1778,82.4,309,73.1,54.8,650,5.63,1977397.116985377,22 dias e 21 horas,2026-09-22T03:22:44+00:00
111,1202852,Bradesco Vida e Previdência,bradesco-vida-e-previdencia,https://www.reclameaqui.com.br/empresa/bradesco-vida-e-previdencia/,51990695000137,1.0,TWELVE_MONTHS,Últimos 12 meses,2025-09-01T00:00:00,2026-08-31T23:59:59,REGULAR,Regular,6.5,3952,3320,84.0,499,72.6,50.8,1346,5.39,1633087.2677710843,18 dias e 21 horas,2026-09-22T03:22:44+00:00
111,1202852,Bradesco Vida e Previdência,bradesco-vida-e-previdencia,https://www.reclameaqui.com.br/empresa/bradesco-vida-e-previdencia/,51990695000137,1.0,LAST_YEAR,Ano civil 2025,2025-01-01T00:00:00,2025-12-31T23:59:59,REGULAR,Regular,6.5,3731,3504,93.9,177,71.7,47.2,1600,5.08,887062.5844748858,10 dias e 6 horas,2026-09-22T03:22:44+00:00
111,1202852,Bradesco Vida e Previdência,bradesco-vida-e-previdencia,https://www.reclameaqui.com.br/empresa/bradesco-vida-e-previdencia/,51990695000137,1.0,PAST_LAST_YEAR,Ano civil 2024,2024-01-01T00:00:00,2024-12-31T23:59:59,REGULAR,Regular,6.4,3677,3672,99.9,0,67.3,45.3,1656,4.79,683411.9931917212,7 dias e 21 horas,2026-09-22T03:22:44+00:00
111,1202852,Bradesco Vida e Previdência,bradesco-vida-e-previdencia,https://www.reclameaqui.com.br/empresa/bradesco-vida-e-previdencia/,51990695000137,1.0,LAST_THREE_YEARS,Últimos 3 anos (rótulo 'Geral' na interface do RA),2023-09-21T00:00:00,2026-09-20T23:59:59,REGULAR,Regular,6.5,11498,10626,92.4,727,70.3,48.2,4556,5.10,970492.1279879541,11 dias e 5 horas,2026-09-22T03:22:44+00:00
114,9293,Seguros Unimed,unimed-seguradora,https://www.reclameaqui.com.br/empresa/unimed-seguradora/,92863505000106,1.0,SIX_MONTHS,Últimos 6 meses,2026-03-01T00:00:00,2026-08-31T23:59:59,REGULAR,Regular,6.7,989,976,98.7,7,67.0,59.7,397,5.21,1158129.3063524591,13 dias e 9 horas,2026-09-22T03:22:44+00:00
114,9293,Seguros Unimed,unimed-seguradora,https://www.reclameaqui.com.br/empresa/unimed-seguradora/,92863505000106,1.0,TWELVE_MONTHS,Últimos 12 meses,2025-09-01T00:00:00,2026-08-31T23:59:59,REGULAR,Regular,6.6,1961,1928,98.3,8,65.4,58.0,875,5.09,1279952.6934647304,14 dias e 19 horas,2026-09-22T03:22:44+00:00
114,9293,Seguros Unimed,unimed-seguradora,https://www.reclameaqui.com.br/empresa/unimed-seguradora/,92863505000106,1.0,LAST_YEAR,Ano civil 2025,2025-01-01T00:00:00,2025-12-31T23:59:59,REGULAR,Regular,6.1,2317,2295,99.1,1,60.9,47.2,1076,4.34,1126274.0418300654,13 dias e 0 horas,2026-09-22T03:22:44+00:00
114,9293,Seguros Unimed,unimed-seguradora,https://www.reclameaqui.com.br/empresa/unimed-seguradora/,92863505000106,1.0,PAST_LAST_YEAR,Ano civil 2024,2024-01-01T00:00:00,2024-12-31T23:59:59,BAD,Ruim,5.9,1883,1883,100.0,0,56.1,47.7,923,4.08,241835.3191715348,2 dias e 19 horas,2026-09-22T03:22:44+00:00
114,9293,Seguros Unimed,unimed-seguradora,https://www.reclameaqui.com.br/empresa/unimed-seguradora/,92863505000106,1.0,LAST_THREE_YEARS,Últimos 3 anos (rótulo 'Geral' na interface do RA),2023-09-22T00:00:00,2026-09-21T23:59:59,REGULAR,Regular,6.1,6091,5962,97.9,94,60.8,50.1,2771,4.42,817762.9000335458,9 dias e 11 horas,2026-09-22T03:22:44+00:00
116,32346,AIG Seguros Brasil,aig-seguros-brasil,https://www.reclameaqui.com.br/empresa/aig-seguros-brasil/,33040981000150,1.0,SIX_MONTHS,Últimos 6 meses,2026-03-01T00:00:00,2026-08-31T23:59:59,GOOD,Boa,7.3,321,321,100.0,0,70.7,66.8,197,6.20,55313.42367601246,0 dias e 15 horas,2026-09-22T03:22:44+00:00
116,32346,AIG Seguros Brasil,aig-seguros-brasil,https://www.reclameaqui.com.br/empresa/aig-seguros-brasil/,33040981000150,1.0,TWELVE_MONTHS,Últimos 12 meses,2025-09-01T00:00:00,2026-08-31T23:59:59,GOOD,Boa,7.6,638,638,100.0,0,76.6,69.1,422,6.53,145128.97492163008,1 dias e 16 horas,2026-09-22T03:22:44+00:00
116,32346,AIG Seguros Brasil,aig-seguros-brasil,https://www.reclameaqui.com.br/empresa/aig-seguros-brasil/,33040981000150,1.0,LAST_YEAR,Ano civil 2025,2025-01-01T00:00:00,2025-12-31T23:59:59,GOOD,Boa,7.7,468,468,100.0,0,81.5,68.5,310,6.31,352285.6623931624,4 dias e 1 horas,2026-09-22T03:22:44+00:00
116,32346,AIG Seguros Brasil,aig-seguros-brasil,https://www.reclameaqui.com.br/empresa/aig-seguros-brasil/,33040981000150,1.0,PAST_LAST_YEAR,Ano civil 2024,2024-01-01T00:00:00,2024-12-31T23:59:59,GOOD,Boa,7.7,603,603,100.0,0,78.4,71.4,415,6.53,44099.583747927034,0 dias e 12 horas,2026-09-22T03:22:44+00:00
116,32346,AIG Seguros Brasil,aig-seguros-brasil,https://www.reclameaqui.com.br/empresa/aig-seguros-brasil/,33040981000150,1.0,LAST_THREE_YEARS,Últimos 3 anos (rótulo 'Geral' na interface do RA),2023-09-21T00:00:00,2026-09-20T23:59:59,GOOD,Boa,7.6,1766,1763,99.8,3,78.1,68.7,1162,6.40,129508.78048780488,1 dias e 11 horas,2026-09-22T03:22:44+00:00
64,757,"Bradesco Seguros – Auto, Residencial e Patrimonial",bradesco-seguros,https://www.reclameaqui.com.br/empresa/bradesco-seguros/,92682038000100,replicado_mesmo_cnpj_de_empresa_id_69_grupo_G09,SIX_MONTHS,Últimos 6 meses,2026-03-01T00:00:00,2026-08-31T23:59:59,BAD,Ruim,5.8,2968,2070,69.7,721,67.1,50.9,1112,4.72,2053837.6951690821,23 dias e 18 horas,2026-09-22T03:22:44+00:00
64,757,"Bradesco Seguros – Auto, Residencial e Patrimonial",bradesco-seguros,https://www.reclameaqui.com.br/empresa/bradesco-seguros/,92682038000100,replicado_mesmo_cnpj_de_empresa_id_69_grupo_G09,TWELVE_MONTHS,Últimos 12 meses,2025-09-01T00:00:00,2026-08-31T23:59:59,BAD,Ruim,5.7,5689,4149,72.9,1163,63.8,47.1,2268,4.47,2212991.9737286093,25 dias e 14 horas,2026-09-22T03:22:44+00:00
64,757,"Bradesco Seguros – Auto, Residencial e Patrimonial",bradesco-seguros,https://www.reclameaqui.com.br/empresa/bradesco-seguros/,92682038000100,replicado_mesmo_cnpj_de_empresa_id_69_grupo_G09,LAST_YEAR,Ano civil 2025,2025-01-01T00:00:00,2025-12-31T23:59:59,BAD,Ruim,5.5,5325,4754,89.3,416,58.1,40.8,2689,3.95,1114487.3763146824,12 dias e 21 horas,2026-09-22T03:22:44+00:00
64,757,"Bradesco Seguros – Auto, Residencial e Patrimonial",bradesco-seguros,https://www.reclameaqui.com.br/empresa/bradesco-seguros/,92682038000100,replicado_mesmo_cnpj_de_empresa_id_69_grupo_G09,PAST_LAST_YEAR,Ano civil 2024,2024-01-01T00:00:00,2024-12-31T23:59:59,BAD,Ruim,5.5,4540,4527,99.7,1,56.6,36.5,2492,3.75,656191.047271924,7 dias e 14 horas,2026-09-22T03:22:44+00:00
64,757,"Bradesco Seguros – Auto, Residencial e Patrimonial",bradesco-seguros,https://www.reclameaqui.com.br/empresa/bradesco-seguros/,92682038000100,replicado_mesmo_cnpj_de_empresa_id_69_grupo_G09,LAST_THREE_YEARS,Últimos 3 anos (rótulo 'Geral' na interface do RA),2023-09-22T00:00:00,2026-09-21T23:59:59,BAD,Ruim,5.5,15450,13574,87.9,1471,59.2,40.6,7373,4.01,1153273.273979667,13 dias e 8 horas,2026-09-22T03:22:44+00:00
