ano_mes,uf,qtd_acidentes,pessoas,mortos,feridos_leves,feridos_graves,feridos,ilesos,veiculos
201601,AC,25,67,1,31,8,39,24,40
201601,AL,95,232,6,87,30,117,97,156
201601,AM,7,9,0,2,1,3,6,9
201601,AP,9,24,0,7,3,10,13,14
201601,BA,525,1329,44,419,115,534,671,837
201601,CE,253,613,32,122,100,222,324,428
201601,DF,84,219,4,69,11,80,118,146
201601,ES,292,713,16,245,98,343,309,494
201601,GO,493,1139,26,299,118,417,635,751
201601,MA,142,354,17,104,34,138,171,258
201601,MG,1520,3377,65,1250,372,1622,1610,2184
201601,MS,225,608,8,150,46,196,389,327
201601,MT,312,748,13,174,49,223,485,487
201601,PA,147,365,16,90,33,123,200,273
201601,PB,205,444,16,114,50,164,230,345
201601,PE,342,802,35,219,95,314,406,566
201601,PI,170,431,10,93,44,137,257,291
201601,PR,895,2073,50,667,204,871,1068,1480
201601,RJ,542,1217,37,422,108,530,587,835
201601,RN,167,371,16,114,39,153,167,277
201601,RO,140,338,7,98,24,122,195,241
201601,RR,39,100,3,29,12,41,44,60
201601,RS,712,1755,41,427,123,550,1117,1242
201601,SC,925,2132,25,675,186,861,1162,1700
201601,SE,85,184,4,59,13,72,85,145
201601,SP,539,1086,10,301,47,348,678,863
201601,TO,62,229,10,54,22,76,139,103
201602,AC,31,83,0,23,6,29,47,52
201602,AL,81,177,9,44,28,72,85,129
201602,AM,13,36,1,21,2,23,12,15
201602,AP,14,38,1,13,4,17,18,21
201602,BA,362,854,45,262,77,339,433,597
201602,CE,180,396,13,112,50,162,197,300
201602,DF,69,177,1,70,13,83,83,117
201602,ES,234,509,12,172,81,253,211,394
201602,GO,431,987,35,287,113,400,500,668
201602,MA,134,323,16,83,49,132,145,249
201602,MG,1020,2174,60,771,247,1018,1037,1500
201602,MS,232,514,24,130,55,185,293,349
201602,MT,275,584,22,127,43,170,351,443
201602,PA,162,394,10,112,39,151,207,312
201602,PB,144,323,10,105,46,151,140,242
201602,PE,244,584,35,148,98,246,262,416
201602,PI,105,239,12,63,38,101,117,177
201602,PR,911,1977,39,571,212,783,1043,1435
201602,RJ,491,1123,31,365,80,445,601,801
201602,RN,126,272,9,84,40,124,120,225
201602,RO,144,314,7,95,37,132,165,238
201602,RR,22,58,2,18,2,20,32,36
201602,RS,648,1538,24,432,96,528,950,1114
201602,SC,876,1930,38,590,169,759,1072,1599
201602,SE,62,140,3,37,10,47,84,102
201602,SP,564,1170,13,338,49,387,717,920
201602,TO,68,150,7,38,15,53,80,104
201603,AC,26,65,2,22,4,26,36,41
201603,AL,72,149,6,39,30,69,67,104
201603,AM,11,31,4,7,3,10,16,13
201603,AP,20,38,0,17,2,19,16,28
201603,BA,471,1060,51,307,88,395,561,745
201603,CE,232,576,23,165,74,239,274,410
201603,DF,81,192,5,63,20,83,91,135
201603,ES,275,605,17,194,94,288,262,474
201603,GO,420,913,27,248,100,348,494,655
201603,MA,122,287,19,64,35,99,151,217
201603,MG,1205,2475,60,815,307,1122,1215,1777
201603,MS,229,507,12,147,41,188,291,329
201603,MT,286,660,21,161,46,207,414,449
201603,PA,132,306,6,69,26,95,189,237
201603,PB,157,320,9,97,43,140,150,251
201603,PE,282,635,33,151,89,240,301,490
201603,PI,133,291,18,68,59,127,130,221
201603,PR,913,2005,48,650,178,828,1048,1498
201603,RJ,492,1098,23,385,90,475,540,790
201603,RN,128,291,6,97,45,142,124,223
201603,RO,181,459,16,106,50,156,254,325
201603,RR,24,58,5,23,10,33,18,36
201603,RS,747,1659,23,392,113,505,1091,1242
201603,SC,918,1978,60,591,179,770,1073,1579
201603,SE,53,111,2,26,12,38,63,87
201603,SP,582,1181,23,346,51,397,693,944
201603,TO,82,179,4,52,18,70,90,130
201604,AC,21,57,1,15,5,20,33,38
201604,AL,61,122,8,24,16,40,63,93
201604,AM,9,62,0,11,2,13,48,12
201604,AP,15,38,0,12,3,15,22,25
201604,BA,446,1032,49,312,108,420,503,731
201604,CE,197,417,18,111,58,169,208,324
201604,DF,81,235,2,87,20,107,108,148
201604,ES,264,564,17,214,73,287,226,448
201604,GO,383,850,28,242,91,333,444,627
201604,MA,126,281,16,79,36,115,131,213
201604,MG,1152,2407,65,847,269,1116,1130,1735
201604,MS,218,488,13,136,66,202,253,328
201604,MT,236,473,13,140,32,172,264,374
201604,PA,144,337,18,89,24,113,187,262
201604,PB,155,335,7,97,41,138,167,259
201604,PE,284,642,30,178,82,260,302,487
201604,PI,129,270,8,81,46,127,117,216
201604,PR,967,2201,65,700,246,946,1083,1619
201604,RJ,505,1161,31,403,85,488,586,843
201604,RN,123,290,10,91,47,138,125,217
201604,RO,143,355,6,100,29,129,205,248
201604,RR,26,64,2,22,10,32,24,43
201604,RS,651,1385,29,351,88,439,870,1063
201604,SC,928,1923,49,639,189,828,965,1593
201604,SE,62,142,4,37,17,54,69,99
201604,SP,575,1266,21,364,45,409,743,1048
201604,TO,56,108,4,31,14,45,51,89
201605,AC,25,63,2,21,10,31,23,41
201605,AL,79,177,13,36,38,74,78,114
201605,AM,4,10,0,2,0,2,8,9
201605,AP,20,52,2,11,2,13,32,30
201605,BA,524,1182,71,374,108,482,559,841
201605,CE,211,510,19,142,62,204,245,365
201605,DF,98,237,12,76,29,105,107,159
201605,ES,267,618,12,194,113,307,263,463
201605,GO,354,788,21,209,105,314,411,543
201605,MA,130,298,15,68,40,108,160,234
201605,MG,1108,2406,76,822,251,1073,1155,1720
201605,MS,204,455,6,111,42,153,285,302
201605,MT,261,568,19,150,40,190,341,426
201605,PA,122,286,17,68,20,88,162,224
201605,PB,158,319,17,84,44,128,147,245
201605,PE,347,798,48,217,71,288,394,613
201605,PI,104,232,18,68,34,102,95,184
201605,PR,1001,2115,61,589,214,803,1153,1614
201605,RJ,502,1076,39,403,66,469,514,800
201605,RN,128,300,15,115,44,159,106,231
201605,RO,159,358,9,105,49,154,187,258
201605,RR,27,59,1,20,6,26,28,45
201605,RS,672,1491,33,370,107,477,938,1135
201605,SC,924,1882,44,563,150,713,1056,1580
201605,SE,52,118,5,33,15,48,55,87
201605,SP,573,1217,25,325,54,379,745,1003
201605,TO,73,156,8,50,29,79,63,115
201606,AC,27,66,1,21,7,28,35,44
201606,AL,72,147,3,39,30,69,70,109
201606,AM,14,47,1,16,9,25,19,24
201606,AP,18,46,2,14,8,22,18,29
201606,BA,484,1111,54,328,109,437,556,826
201606,CE,195,444,20,116,40,156,228,337
201606,DF,85,212,5,68,19,87,110,151
201606,ES,287,630,18,200,117,317,265,497
201606,GO,393,929,30,249,110,359,494,658
201606,MA,121,261,18,57,38,95,126,221
201606,MG,1142,2408,83,781,250,1031,1205,1710
201606,MS,202,502,14,136,32,168,305,312
201606,MT,273,547,19,158,43,201,305,429
201606,PA,151,360,13,108,24,132,189,285
201606,PB,155,354,19,83,48,131,178,265
201606,PE,327,758,21,199,84,283,398,588
201606,PI,112,255,15,75,37,112,105,193
201606,PR,894,2003,47,578,194,772,1082,1491
201606,RJ,455,955,32,309,79,388,480,733
201606,RN,138,321,9,94,61,155,127,244
201606,RO,141,329,8,94,25,119,186,248
201606,RR,21,63,3,23,6,29,23,30
201606,RS,589,1285,22,303,83,386,832,997
201606,SC,857,1804,37,560,172,732,973,1515
201606,SE,55,130,4,24,13,37,77,98
201606,SP,534,1139,19,312,54,366,674,914
201606,TO,74,157,6,41,26,67,71,115
201607,AC,39,92,1,26,10,36,51,65
201607,AL,82,188,9,58,26,84,70,130
201607,AM,22,54,4,20,7,27,17,28
201607,AP,24,66,5,25,5,30,28,36
201607,BA,489,1143,45,337,99,436,594,807
201607,CE,207,515,11,152,55,207,266,351
201607,DF,98,243,4,83,30,113,113,164
201607,ES,273,612,16,170,126,296,262,469
201607,GO,410,1083,32,298,115,413,580,689
201607,MA,123,297,25,67,48,115,135,224
201607,MG,1135,2688,74,951,281,1232,1275,1809
201607,MS,197,475,13,114,45,159,288,293
201607,MT,288,698,15,182,67,249,410,478
201607,PA,176,441,18,137,46,183,217,339
201607,PB,154,352,15,103,57,160,152,250
201607,PE,269,582,26,152,60,212,292,464
201607,PI,139,346,11,122,53,175,137,230
201607,PR,903,2051,69,645,221,866,1009,1530
201607,RJ,508,1181,25,421,88,509,590,835
201607,RN,165,363,17,104,59,163,156,285
201607,RO,175,436,10,112,33,145,257,321
201607,RR,12,27,0,7,2,9,15,18
201607,RS,640,1473,38,387,92,479,912,1067
201607,SC,864,1979,35,605,188,793,1075,1556
201607,SE,81,167,5,51,26,77,69,124
201607,SP,573,1240,28,352,67,419,704,1007
201607,TO,79,226,19,63,29,92,101,122
201608,AC,29,67,1,24,8,32,28,50
201608,AL,85,205,12,40,29,69,113,133
201608,AM,23,56,3,19,2,21,21,35
201608,AP,21,52,1,27,3,30,17,32
201608,BA,474,1099,55,354,105,459,534,779
201608,CE,187,421,19,111,46,157,218,333
201608,DF,102,255,3,100,16,116,120,182
201608,ES,266,571,15,188,102,290,232,448
201608,GO,416,977,32,279,111,390,515,677
201608,MA,131,304,21,61,54,115,153,245
201608,MG,1150,2488,64,859,267,1126,1219,1732
201608,MS,207,427,8,123,40,163,243,299
201608,MT,267,601,19,149,48,197,359,438
201608,PA,150,390,17,84,22,106,241,288
201608,PB,179,476,15,114,63,177,171,316
201608,PE,294,661,30,176,62,238,341,509
201608,PI,123,259,9,70,41,111,122,205
201608,PR,969,2062,54,588,201,789,1113,1588
201608,RJ,531,1136,28,383,85,468,580,830
201608,RN,137,327,12,122,41,163,128,246
201608,RO,121,285,6,99,27,126,145,206
201608,RR,30,83,1,31,4,35,38,49
201608,RS,581,1263,35,321,80,401,781,944
201608,SC,879,1862,31,640,178,818,950,1530
201608,SE,52,112,5,25,12,37,59,95
201608,SP,572,1190,30,351,69,420,677,955
201608,TO,65,138,13,27,25,52,67,105
201609,AC,30,81,9,27,5,32,33,50
201609,AL,66,152,7,34,21,55,81,106
201609,AM,16,46,2,12,2,14,26,22
201609,AP,23,51,0,24,2,26,22,37
201609,BA,412,926,42,260,83,343,471,685
201609,CE,194,456,15,104,52,156,263,334
201609,DF,94,238,9,94,12,106,104,153
201609,ES,254,542,8,184,86,270,236,436
201609,GO,387,845,30,264,95,359,401,594
201609,MA,110,251,14,69,36,105,111,200
201609,MG,1042,2280,62,760,238,998,1133,1607
201609,MS,195,445,10,108,47,155,258,287
201609,MT,264,552,14,141,36,177,352,401
201609,PA,152,366,15,112,25,137,184,283
201609,PB,155,350,12,117,48,165,147,268
201609,PE,300,679,41,170,91,261,313,517
201609,PI,106,237,10,64,33,97,119,186
201609,PR,878,1925,45,541,197,738,1019,1463
201609,RJ,504,1015,28,334,85,419,512,785
201609,RN,137,309,12,89,53,142,129,248
201609,RO,124,281,7,98,18,116,145,201
201609,RR,15,49,1,19,3,22,19,24
201609,RS,547,1208,23,360,103,463,689,878
201609,SC,812,1831,32,623,165,788,943,1454
201609,SE,68,168,1,59,20,79,80,110
201609,SP,483,1022,9,311,52,363,595,792
201609,TO,60,136,6,45,16,61,60,92
201610,AC,29,69,0,26,7,33,30,42
201610,AL,86,184,8,40,33,73,94,146
201610,AM,10,25,0,6,1,7,16,15
201610,AP,10,27,4,10,3,13,9,19
201610,BA,453,1036,48,298,123,421,485,696
201610,CE,192,452,18,103,58,161,231,362
201610,DF,95,226,3,72,19,91,118,161
201610,ES,275,593,22,180,102,282,248,453
201610,GO,404,903,28,279,94,373,454,632
201610,MA,122,345,15,110,58,168,142,234
201610,MG,1268,2781,92,1012,321,1333,1262,1909
201610,MS,203,451,13,126,43,169,248,289
201610,MT,265,562,24,165,46,211,305,395
201610,PA,145,387,16,107,44,151,181,285
201610,PB,158,363,21,96,47,143,178,276
201610,PE,310,695,38,172,85,257,341,564
201610,PI,124,292,10,92,56,148,111,207
201610,PR,918,1943,57,618,199,817,970,1419
201610,RJ,530,1145,29,417,104,521,532,828
201610,RN,140,307,15,85,61,146,123,239
201610,RO,138,301,6,105,21,126,158,232
201610,RR,27,63,1,20,9,29,32,45
201610,RS,593,1317,26,418,94,512,744,948
201610,SC,827,1744,36,548,170,718,913,1423
201610,SE,63,147,6,44,21,65,67,104
201610,SP,557,1242,27,382,65,447,690,922
201610,TO,69,146,8,40,25,65,63,108
201611,AC,21,46,1,11,5,16,27,33
201611,AL,82,188,15,50,32,82,76,129
201611,AM,16,59,5,7,10,17,15,23
201611,AP,10,26,0,10,2,12,13,16
201611,BA,368,857,37,251,74,325,427,595
201611,CE,178,414,17,113,49,162,195,306
201611,DF,80,191,6,67,20,87,82,133
201611,ES,273,638,15,213,107,320,259,476
201611,GO,408,907,28,292,89,381,464,616
201611,MA,114,250,17,56,30,86,129,205
201611,MG,1254,2680,42,943,248,1191,1348,1804
201611,MS,153,409,14,113,36,149,203,228
201611,MT,235,475,23,141,36,177,258,331
201611,PA,120,311,27,85,33,118,147,231
201611,PB,135,313,5,87,46,133,150,245
201611,PE,288,658,23,173,77,250,329,504
201611,PI,101,211,14,60,33,93,90,160
201611,PR,850,1852,50,596,171,767,952,1344
201611,RJ,519,1118,27,386,78,464,565,788
201611,RN,121,270,7,80,44,124,111,208
201611,RO,130,306,7,106,24,130,156,223
201611,RR,25,56,3,18,5,23,29,43
201611,RS,503,1120,19,312,75,387,685,838
201611,SC,756,1623,25,562,153,715,812,1310
201611,SE,59,125,11,31,14,45,61,93
201611,SP,490,1168,21,324,49,373,701,822
201611,TO,64,143,11,31,20,51,78,101
201612,AC,27,64,4,16,8,24,29,44
201612,AL,90,215,8,49,29,78,120,145
201612,AM,21,46,2,10,9,19,24,28
201612,AP,14,28,1,7,2,9,18,22
201612,BA,488,1276,69,401,136,537,601,784
201612,CE,193,488,19,128,67,195,254,331
201612,DF,99,231,4,76,14,90,125,159
201612,ES,270,637,19,220,80,300,269,482
201612,GO,469,1128,34,337,130,467,581,725
201612,MA,138,343,28,75,56,131,167,256
201612,MG,1375,2978,87,999,302,1301,1483,2084
201612,MS,201,489,11,136,50,186,280,285
201612,MT,300,650,18,174,40,214,392,433
201612,PA,132,297,11,91,24,115,149,227
201612,PB,177,386,10,115,45,160,185,291
201612,PE,336,726,26,184,106,290,352,553
201612,PI,155,410,14,82,51,133,196,249
201612,PR,933,2225,67,626,186,812,1265,1516
201612,RJ,539,1233,40,419,116,535,613,862
201612,RN,116,258,16,84,35,119,109,210
201612,RO,119,274,13,94,23,117,131,201
201612,RR,28,63,2,23,9,32,22,46
201612,RS,632,1585,35,473,125,598,908,1055
201612,SC,1039,2297,38,742,188,930,1247,1810
201612,SE,71,182,7,37,27,64,92,122
201612,SP,590,1459,29,406,74,480,872,989
201612,TO,84,216,13,65,28,93,100,128
201701,AC,31,77,1,22,8,30,41,51
201701,AL,97,237,10,53,38,91,105,194
201701,AM,7,20,0,3,0,3,9,11
201701,AP,10,20,2,8,0,8,6,13
201701,BA,401,1101,66,334,85,419,479,773
201701,CE,162,374,11,102,33,135,190,284
201701,DF,88,210,5,92,11,103,85,151
201701,ES,257,677,17,253,88,341,271,484
201701,GO,354,895,38,272,76,348,420,658
201701,MA,145,377,27,93,45,138,168,309
201701,MG,1158,3144,83,1098,257,1355,1404,2053
201701,MS,166,440,9,161,31,192,191,288
201701,MT,295,737,14,166,35,201,402,661
201701,PA,122,323,19,87,31,118,140,254
201701,PB,156,358,12,113,33,146,167,273
201701,PE,275,717,21,188,63,251,384,553
201701,PI,144,338,14,104,45,149,149,256
201701,PR,852,2213,51,650,155,805,1132,1648
201701,RJ,486,1175,29,402,83,485,588,834
201701,RN,105,239,8,80,33,113,94,201
201701,RO,116,311,10,82,24,106,148,260
201701,RR,19,63,4,27,1,28,26,35
201701,RS,523,1464,30,380,80,460,845,1016
201701,SC,827,2018,34,632,137,769,1037,1649
201701,SE,68,171,7,36,14,50,88,128
201701,SP,503,1220,12,337,37,374,698,926
201701,TO,67,185,4,52,26,78,69,129
201702,AC,21,57,0,14,3,17,40,36
201702,AL,73,162,5,47,27,74,64,129
201702,AM,8,19,0,4,1,5,10,14
201702,AP,15,49,0,7,1,8,33,24
201702,BA,380,905,43,271,102,373,382,728
201702,CE,172,417,10,122,33,155,218,305
201702,DF,67,172,1,41,12,53,105,123
201702,ES,200,479,18,169,67,236,177,363
201702,GO,385,975,32,254,70,324,527,685
201702,MA,117,289,26,76,33,109,113,214
201702,MG,1113,2679,70,899,237,1136,1175,2027
201702,MS,169,446,18,147,37,184,191,297
201702,MT,300,702,15,163,32,195,374,680
201702,PA,114,304,10,85,29,114,150,241
201702,PB,119,310,9,88,30,118,158,218
201702,PE,253,604,25,171,47,218,298,470
201702,PI,108,262,24,61,46,107,112,197
201702,PR,851,2086,67,609,156,765,1022,1665
201702,RJ,446,1054,22,372,93,465,485,793
201702,RN,107,268,5,72,33,105,138,206
201702,RO,135,376,9,97,20,117,191,342
201702,RR,18,40,0,18,5,23,16,28
201702,RS,515,1323,28,380,81,461,726,950
201702,SC,801,1949,28,672,140,812,969,1571
201702,SE,48,125,1,32,7,39,64,89
201702,SP,477,1118,22,308,43,351,627,921
201702,TO,65,165,8,34,17,51,80,132
201703,AC,25,57,2,12,8,20,31,48
201703,AL,73,165,8,57,17,74,65,128
201703,AM,12,35,4,11,0,11,12,28
201703,AP,14,31,0,9,2,11,16,25
201703,BA,372,880,39,269,87,356,379,731
201703,CE,195,455,10,126,67,193,193,349
201703,DF,97,249,4,87,17,104,134,167
201703,ES,268,599,9,213,77,290,245,496
201703,GO,399,932,28,326,40,366,429,753
201703,MA,121,292,13,59,31,90,153,247
201703,MG,1013,2422,58,826,206,1032,1034,1830
201703,MS,170,398,19,131,34,165,175,297
201703,MT,260,647,6,144,34,178,350,603
201703,PA,152,387,15,116,32,148,180,331
201703,PB,168,384,12,111,37,148,190,300
201703,PE,288,669,22,175,79,254,321,546
201703,PI,112,279,15,73,29,102,134,206
201703,PR,968,2286,53,661,181,842,1117,1925
201703,RJ,452,1065,22,359,68,427,541,799
201703,RN,133,316,11,98,31,129,161,242
201703,RO,144,391,6,92,24,116,219,356
201703,RR,20,49,4,24,3,27,13,38
201703,RS,565,1372,30,381,94,475,695,1087
201703,SC,848,1935,33,615,173,788,942,1631
201703,SE,52,118,2,28,21,49,53,93
201703,SP,498,1152,20,315,37,352,650,955
201703,TO,75,201,4,42,19,61,98,170
201704,AC,21,73,0,12,6,18,51,36
201704,AL,82,188,9,38,29,67,89,140
201704,AM,22,58,0,10,3,13,29,34
201704,AP,11,35,2,27,2,29,3,15
201704,BA,419,1121,59,313,89,402,536,808
201704,CE,175,430,8,111,41,152,228,332
201704,DF,86,214,2,74,12,86,106,161
201704,ES,260,625,11,210,91,301,259,500
201704,GO,370,859,26,309,64,373,375,654
201704,MA,143,390,19,82,53,135,180,311
201704,MG,1045,2486,72,814,224,1038,1098,1805
201704,MS,168,432,12,136,43,179,194,284
201704,MT,268,708,18,163,35,198,380,616
201704,PA,127,312,10,79,29,108,159,263
201704,PB,179,442,15,143,50,193,198,311
201704,PE,325,737,31,209,73,282,352,602
201704,PI,128,293,14,79,38,117,136,237
201704,PR,911,2165,64,586,196,782,1049,1790
201704,RJ,518,1266,28,445,103,548,598,898
201704,RN,140,319,15,112,44,156,123,266
201704,RO,155,377,8,111,20,131,181,334
201704,RR,24,65,2,25,5,30,28,45
201704,RS,614,1562,39,431,115,546,799,1227
201704,SC,942,2229,22,693,164,857,1174,1809
201704,SE,80,194,1,56,15,71,105,139
201704,SP,476,1182,21,332,53,385,654,950
201704,TO,73,213,7,70,7,77,88,156
201705,AC,23,63,0,18,1,19,42,43
201705,AL,86,222,11,56,31,87,105,155
201705,AM,11,24,2,6,0,6,10,19
201705,AP,9,22,2,5,1,6,9,20
201705,BA,403,1037,44,271,123,394,484,808
201705,CE,145,324,9,97,33,130,158,273
201705,DF,108,295,4,94,17,111,150,222
201705,ES,240,527,10,168,69,237,233,449
201705,GO,375,904,21,296,58,354,438,703
201705,MA,142,344,18,67,40,107,173,315
201705,MG,1134,2608,75,871,209,1080,1120,2023
201705,MS,158,435,8,153,26,179,201,301
201705,MT,323,815,23,188,48,236,429,717
201705,PA,130,312,10,96,17,113,158,267
201705,PB,158,367,12,110,34,144,186,275
201705,PE,324,720,33,190,73,263,349,601
201705,PI,126,295,21,79,39,118,133,225
201705,PR,939,2237,55,593,204,797,1120,1857
201705,RJ,511,1186,31,388,83,471,590,893
201705,RN,123,273,5,89,48,137,106,233
201705,RO,163,433,10,130,28,158,216,369
201705,RR,27,76,3,32,6,38,26,51
201705,RS,552,1275,31,365,90,455,662,1029
201705,SC,883,1939,31,619,135,754,958,1678
201705,SE,80,176,6,48,9,57,92,142
201705,SP,521,1210,22,331,54,385,655,996
201705,TO,63,155,6,37,23,60,67,129
201706,AC,28,77,2,30,8,38,34,50
201706,AL,78,181,5,38,33,71,87,139
201706,AM,8,20,2,1,0,1,10,16
201706,AP,8,22,0,9,0,9,11,15
201706,BA,522,1375,59,349,138,487,672,1067
201706,CE,170,408,17,122,46,168,176,328
201706,DF,115,290,4,98,30,128,143,217
201706,ES,265,663,36,216,101,317,253,517
201706,GO,357,899,18,313,88,401,395,650
201706,MA,117,305,21,60,52,112,137,253
201706,MG,1017,2487,88,835,233,1068,1005,1892
201706,MS,165,439,11,165,27,192,182,301
201706,MT,273,652,10,156,28,184,337,652
201706,PA,138,333,16,108,22,130,161,276
201706,PB,169,407,5,122,38,160,200,299
201706,PE,314,750,37,206,75,281,361,609
201706,PI,132,358,36,118,65,183,109,237
201706,PR,898,2158,45,570,190,760,1097,1846
201706,RJ,493,1095,28,376,88,464,522,862
201706,RN,119,252,13,77,44,121,98,210
201706,RO,161,464,12,164,44,208,186,379
201706,RR,24,60,1,25,7,32,19,44
201706,RS,524,1267,37,320,85,405,688,1017
201706,SC,831,1850,35,552,165,717,903,1614
201706,SE,84,186,5,42,16,58,99,155
201706,SP,448,1035,18,303,41,344,558,853
201706,TO,59,158,2,35,7,42,88,130
201707,AC,25,68,3,25,8,33,24,42
201707,AL,73,180,8,39,23,62,82,141
201707,AM,14,37,1,11,0,11,22,26
201707,AP,15,36,0,16,2,18,14,29
201707,BA,362,937,68,229,92,321,435,716
201707,CE,142,355,11,109,51,160,145,282
201707,DF,106,267,5,93,22,115,131,198
201707,ES,271,661,27,217,93,310,255,542
201707,GO,368,922,37,284,58,342,425,714
201707,MA,135,357,22,86,41,127,171,285
201707,MG,1040,2657,104,906,235,1141,1077,2005
201707,MS,127,330,15,119,22,141,140,250
201707,MT,319,847,16,216,49,265,425,729
201707,PA,146,392,18,96,27,123,209,308
201707,PB,147,355,13,96,39,135,184,275
201707,PE,285,745,34,223,85,308,326,550
201707,PI,135,414,19,108,51,159,197,274
201707,PR,833,2034,40,587,164,751,998,1636
201707,RJ,517,1166,27,379,86,465,578,956
201707,RN,114,283,15,90,45,135,110,216
201707,RO,145,408,13,115,32,147,198,344
201707,RR,26,68,3,21,6,27,32,52
201707,RS,517,1298,26,360,94,454,681,981
201707,SC,887,2034,35,598,152,750,1064,1731
201707,SE,47,112,2,29,11,40,56,92
201707,SP,454,1155,28,326,44,370,636,905
201707,TO,69,217,7,56,19,75,105,135
201708,AC,30,90,4,29,3,32,47,53
201708,AL,61,137,4,33,20,53,61,107
201708,AM,3,8,1,0,0,0,5,7
201708,AP,8,21,1,5,4,9,9,16
201708,BA,321,856,37,275,115,390,333,645
201708,CE,120,314,21,69,40,109,152,239
201708,DF,101,243,5,99,17,116,110,185
201708,ES,246,575,10,196,95,291,202,491
201708,GO,346,875,26,277,72,349,401,657
201708,MA,135,375,21,117,55,172,144,275
201708,MG,905,2146,54,709,210,919,889,1654
201708,MS,161,396,12,159,33,192,139,308
201708,MT,285,658,18,188,43,231,285,662
201708,PA,103,231,10,62,33,95,102,204
201708,PB,134,313,12,84,46,130,134,244
201708,PE,259,586,28,157,65,222,280,480
201708,PI,146,378,16,94,52,146,181,265
201708,PR,901,2173,60,622,206,828,1020,1785
201708,RJ,489,1078,36,364,93,457,492,829
201708,RN,111,239,11,66,39,105,99,204
201708,RO,137,363,5,116,35,151,165,314
201708,RR,36,91,6,37,7,44,31,71
201708,RS,560,1387,45,381,87,468,725,1079
201708,SC,865,1962,31,579,158,737,993,1697
201708,SE,60,162,7,43,17,60,73,118
201708,SP,497,1096,17,328,51,379,569,912
201708,TO,65,161,5,47,31,78,54,139
201709,AC,20,48,1,25,3,28,17,36
201709,AL,68,156,4,45,21,66,69,124
201709,AM,10,22,0,4,1,5,13,15
201709,AP,18,44,0,21,1,22,16,27
201709,BA,376,984,41,310,95,405,409,762
201709,CE,173,432,19,103,53,156,212,353
201709,DF,78,182,1,61,9,70,101,145
201709,ES,237,592,23,195,70,265,238,461
201709,GO,375,897,32,296,66,362,406,696
201709,MA,129,312,24,75,42,117,144,246
201709,MG,949,2291,51,780,209,989,967,1744
201709,MS,190,516,24,175,48,223,216,384
201709,MT,276,693,22,158,45,203,333,663
201709,PA,137,360,19,85,51,136,168,309
201709,PB,149,336,12,105,24,129,153,265
201709,PE,276,638,35,176,73,249,308,521
201709,PI,118,262,10,72,55,127,87,216
201709,PR,796,1904,35,583,179,762,893,1537
201709,RJ,473,1048,27,335,85,420,517,814
201709,RN,115,255,11,72,43,115,104,215
201709,RO,158,374,14,109,35,144,176,314
201709,RR,19,46,3,15,3,18,13,33
201709,RS,503,1300,32,397,87,484,636,942
201709,SC,910,2018,30,647,172,819,992,1733
201709,SE,65,155,4,43,20,63,68,132
201709,SP,449,1044,19,335,51,386,523,821
201709,TO,67,172,14,41,21,62,66,141
201710,AC,31,77,2,21,6,27,41,59
201710,AL,63,157,9,40,16,56,71,124
201710,AM,13,34,0,9,2,11,12,32
201710,AP,20,52,1,22,5,27,20,34
201710,BA,362,893,43,265,59,324,395,745
201710,CE,158,415,25,106,34,140,208,322
201710,DF,98,260,7,86,14,100,140,178
201710,ES,219,521,10,167,81,248,208,425
201710,GO,325,747,30,226,55,281,336,623
201710,MA,138,336,24,74,47,121,151,302
201710,MG,1052,2529,52,840,217,1057,1102,1843
201710,MS,157,396,10,143,42,185,155,295
201710,MT,295,708,23,171,38,209,344,677
201710,PA,106,292,15,81,31,112,122,230
201710,PB,166,407,12,138,43,181,176,309
201710,PE,271,645,29,190,67,257,300,523
201710,PI,121,278,12,82,34,116,128,222
201710,PR,855,2054,48,585,207,792,976,1634
201710,RJ,511,1167,21,408,94,502,542,864
201710,RN,130,314,16,98,46,144,137,248
201710,RO,174,465,11,138,43,181,215,374
201710,RR,18,42,3,14,6,20,13,32
201710,RS,492,1155,30,373,93,466,529,888
201710,SC,906,2033,26,626,193,819,1020,1762
201710,SE,61,146,9,26,13,39,78,124
201710,SP,583,1395,24,402,60,462,736,1124
201710,TO,66,156,6,35,14,49,73,140
201711,AC,25,64,1,31,5,36,21,46
201711,AL,65,161,17,45,18,63,61,134
201711,AM,9,25,3,4,4,8,11,14
201711,AP,14,34,0,17,2,19,14,23
201711,BA,337,816,42,235,75,310,352,675
201711,CE,146,397,20,81,39,120,211,299
201711,DF,72,163,4,57,9,66,81,131
201711,ES,251,555,7,203,76,279,199,466
201711,GO,323,761,31,278,69,347,287,560
201711,MA,123,303,16,66,43,109,137,265
201711,MG,1011,2457,105,781,240,1021,1040,1814
201711,MS,138,347,16,124,17,141,153,244
201711,MT,305,745,9,172,35,207,390,723
201711,PA,105,279,10,83,34,117,126,224
201711,PB,132,339,9,79,44,123,173,258
201711,PE,238,522,18,135,63,198,254,435
201711,PI,126,304,16,71,36,107,145,243
201711,PR,825,1811,48,539,154,693,843,1553
201711,RJ,525,1172,31,421,65,486,552,885
201711,RN,103,249,8,74,36,110,110,193
201711,RO,155,435,14,134,31,165,187,359
201711,RR,21,49,4,17,4,21,19,36
201711,RS,476,1163,27,324,96,420,581,900
201711,SC,858,1999,30,676,191,867,951,1625
201711,SE,46,117,3,17,10,27,72,95
201711,SP,505,1221,20,335,55,390,669,1037
201711,TO,39,103,6,29,5,34,44,84
201712,AC,24,52,2,21,6,27,18,45
201712,AL,85,221,12,60,24,84,88,159
201712,AM,14,45,1,11,8,19,24,23
201712,AP,24,71,1,25,4,29,35,37
201712,BA,432,1282,53,427,118,545,545,841
201712,CE,196,496,29,126,56,182,225,388
201712,DF,77,206,4,80,10,90,99,133
201712,ES,290,699,23,222,99,321,289,569
201712,GO,393,953,25,332,71,403,412,708
201712,MA,138,360,15,91,55,146,157,293
201712,MG,1293,3133,57,1089,249,1338,1432,2198
201712,MS,164,380,8,127,33,160,179,271
201712,MT,327,880,17,219,54,273,459,722
201712,PA,124,314,10,90,37,127,148,259
201712,PB,175,418,16,122,40,162,197,328
201712,PE,333,775,30,217,91,308,378,624
201712,PI,144,388,12,96,51,147,190,269
201712,PR,1060,2565,46,696,243,939,1300,1942
201712,RJ,551,1225,39,390,88,478,617,932
201712,RN,157,392,21,125,72,197,133,304
201712,RO,188,480,7,127,36,163,246,383
201712,RR,34,104,4,41,6,47,47,66
201712,RS,545,1343,36,410,89,499,701,999
201712,SC,1107,2638,46,852,232,1084,1298,2110
201712,SE,72,188,5,60,22,82,83,145
201712,SP,600,1446,32,396,57,453,828,1116
201712,TO,77,227,13,47,16,63,124,164
201801,AC,16,44,2,17,2,19,17,28
201801,AL,86,225,14,51,29,80,103,174
201801,AM,8,29,1,13,1,14,13,13
201801,AP,13,32,2,10,2,12,15,23
201801,BA,360,1013,55,307,121,428,418,732
201801,CE,166,395,15,97,44,141,188,333
201801,DF,77,188,8,67,9,76,88,134
201801,ES,218,550,9,195,80,275,213,424
201801,GO,329,826,32,304,64,368,349,555
201801,MA,118,292,15,58,42,100,144,239
201801,MG,1058,2816,72,960,222,1182,1283,1838
201801,MS,140,356,3,120,30,150,174,238
201801,MT,293,698,18,178,34,212,355,620
201801,PA,118,320,8,96,32,128,141,247
201801,PB,154,408,5,112,43,155,201,285
201801,PE,270,597,28,138,58,196,320,487
201801,PI,126,319,16,88,37,125,151,231
201801,PR,733,1790,25,516,187,703,836,1448
201801,RJ,461,1157,20,395,85,480,560,850
201801,RN,113,299,3,87,45,132,137,217
201801,RO,124,346,4,91,31,122,165,298
201801,RR,25,65,2,29,3,32,26,47
201801,RS,462,1206,28,350,71,421,645,872
201801,SC,847,2075,40,664,131,795,1066,1674
201801,SE,60,149,1,40,10,50,79,123
201801,SP,510,1298,19,340,57,397,743,956
201801,TO,56,231,11,38,40,78,124,105
201802,AC,14,26,2,9,3,12,10,22
201802,AL,75,168,4,48,26,74,71,127
201802,AM,10,29,0,6,2,8,16,21
201802,AP,18,73,0,14,1,15,57,30
201802,BA,321,862,36,269,81,350,391,638
201802,CE,155,359,10,108,45,153,161,286
201802,DF,48,107,4,40,2,42,57,84
201802,ES,210,496,8,174,78,252,186,400
201802,GO,281,744,21,270,66,336,313,519
201802,MA,106,290,27,55,25,80,133,224
201802,MG,892,2149,49,679,193,872,954,1589
201802,MS,129,304,6,120,27,147,121,229
201802,MT,297,747,20,204,33,237,356,702
201802,PA,96,254,12,83,26,109,108,200
201802,PB,138,319,14,96,31,127,140,227
201802,PE,243,541,26,133,57,190,257,452
201802,PI,116,272,12,89,29,118,114,203
201802,PR,719,1661,30,474,140,614,764,1406
201802,RJ,357,822,13,287,63,350,399,633
201802,RN,128,299,10,95,33,128,133,251
201802,RO,128,319,2,83,29,112,149,290
201802,RR,19,51,2,20,6,26,20,33
201802,RS,431,1108,27,306,97,403,590,812
201802,SC,786,1893,35,635,145,780,934,1571
201802,SE,35,87,5,33,3,36,40,62
201802,SP,374,859,14,244,43,287,458,680
201802,TO,67,168,5,54,11,65,68,133
201803,AC,14,54,2,12,9,21,22,31
201803,AL,69,169,6,43,26,69,75,126
201803,AM,8,21,1,7,3,10,7,15
201803,AP,17,53,4,17,7,24,22,27
201803,BA,323,871,36,252,79,331,407,668
201803,CE,123,282,18,78,33,111,124,227
201803,DF,74,178,7,68,14,82,80,126
201803,ES,227,505,16,170,84,254,186,412
201803,GO,318,737,20,253,52,305,325,592
201803,MA,119,296,18,73,34,107,144,239
201803,MG,879,2134,41,727,213,940,866,1602
201803,MS,142,323,7,111,35,146,130,253
201803,MT,294,714,21,163,55,218,340,662
201803,PA,122,295,9,89,34,123,121,265
201803,PB,147,310,8,104,31,135,137,254
201803,PE,271,620,21,198,57,255,264,506
201803,PI,109,258,7,68,38,106,117,201
201803,PR,778,1867,36,521,189,710,870,1556
201803,RJ,412,1045,33,321,88,409,498,793
201803,RN,148,360,9,116,42,158,150,305
201803,RO,157,421,11,126,29,155,194,366
201803,RR,21,46,2,14,6,20,16,39
201803,RS,453,1188,24,395,111,506,537,865
201803,SC,890,2069,42,679,184,863,960,1728
201803,SE,50,128,2,29,15,44,61,107
201803,SP,465,1104,18,343,59,402,563,912
201803,TO,54,135,7,29,12,41,60,120
201804,AC,18,54,4,21,2,23,21,37
201804,AL,64,169,8,37,31,68,67,124
201804,AM,12,33,2,3,4,7,22,23
201804,AP,9,23,0,10,3,13,6,16
201804,BA,267,771,35,274,77,351,294,565
201804,CE,154,396,18,127,55,182,151,307
201804,DF,61,174,1,57,5,62,95,127
201804,ES,199,462,4,152,81,233,194,370
201804,GO,270,677,24,244,98,342,235,518
201804,MA,111,287,19,65,44,109,127,229
201804,MG,690,1822,65,697,205,902,647,1320
201804,MS,140,359,8,156,38,194,118,251
201804,MT,188,466,13,137,40,177,188,444
201804,PA,119,315,16,94,30,124,142,257
201804,PB,127,311,13,104,28,132,116,236
201804,PE,213,525,20,181,63,244,221,394
201804,PI,102,273,13,67,39,106,131,186
201804,PR,677,1674,53,563,174,737,697,1382
201804,RJ,345,812,20,335,53,388,353,631
201804,RN,118,285,14,96,45,141,116,221
201804,RO,122,327,3,111,27,138,148,274
201804,RR,17,33,1,9,5,14,16,27
201804,RS,398,1070,34,340,97,437,474,825
201804,SC,683,1676,30,667,173,840,679,1341
201804,SE,43,97,2,28,16,44,37,83
201804,SP,342,808,16,311,45,356,354,650
201804,TO,41,105,3,28,14,42,42,103
201805,AC,26,88,3,22,6,28,54,51
201805,AL,36,74,4,22,13,35,24,61
201805,AM,9,31,1,10,4,14,13,20
201805,AP,12,49,0,19,3,22,21,18
201805,BA,261,676,24,242,75,317,269,485
201805,CE,134,340,15,91,42,133,161,257
201805,DF,68,175,3,63,6,69,92,134
201805,ES,195,480,10,166,89,255,176,376
201805,GO,241,608,15,214,60,274,270,426
201805,MA,83,224,16,40,38,78,93,181
201805,MG,556,1408,55,537,157,694,480,1095
201805,MS,113,286,4,116,36,152,97,205
201805,MT,164,409,14,134,44,178,149,373
201805,PA,102,251,14,73,31,104,112,218
201805,PB,114,256,7,93,41,134,83,207
201805,PE,190,514,29,157,50,207,228,368
201805,PI,100,258,11,87,22,109,118,200
201805,PR,531,1327,41,458,154,612,541,1025
201805,RJ,328,807,25,333,69,402,317,597
201805,RN,121,290,17,103,39,142,111,236
201805,RO,110,305,11,86,34,120,141,253
201805,RR,25,88,3,30,7,37,33,55
201805,RS,320,865,21,319,81,400,358,618
201805,SC,607,1389,22,541,145,686,555,1181
201805,SE,44,97,4,38,10,48,33,75
201805,SP,294,686,13,273,47,320,284,551
201805,TO,35,104,7,29,13,42,38,74
201806,AC,21,51,3,19,8,27,16,41
201806,AL,48,134,4,55,30,85,30,89
201806,AM,13,29,0,10,0,10,13,23
201806,AP,8,19,0,6,1,7,11,15
201806,BA,305,827,37,265,86,351,315,658
201806,CE,144,356,18,89,55,144,153,289
201806,DF,71,182,6,71,11,82,81,130
201806,ES,220,510,13,169,74,243,198,442
201806,GO,298,755,19,261,68,329,328,611
201806,MA,102,291,18,73,48,121,100,208
201806,MG,645,1594,42,625,171,796,538,1245
201806,MS,144,403,14,134,39,173,176,267
201806,MT,193,490,23,147,38,185,188,496
201806,PA,122,302,13,76,44,120,135,252
201806,PB,136,312,13,120,41,161,102,252
201806,PE,200,486,26,144,63,207,216,377
201806,PI,127,304,13,98,48,146,110,253
201806,PR,706,1672,46,535,187,722,702,1407
201806,RJ,384,891,20,341,91,432,373,718
201806,RN,102,242,10,90,33,123,97,188
201806,RO,139,363,8,122,40,162,149,307
201806,RR,14,37,1,14,8,22,9,20
201806,RS,355,922,30,288,88,376,395,733
201806,SC,630,1484,35,552,137,689,603,1248
201806,SE,54,119,5,42,13,55,48,91
201806,SP,342,834,19,304,63,367,341,682
201806,TO,45,117,9,36,13,49,45,93
201807,AC,18,49,4,18,2,20,20,32
201807,AL,40,96,7,21,23,44,34,73
201807,AM,11,39,1,13,2,15,22,18
201807,AP,16,49,3,15,8,23,18,31
201807,BA,243,746,47,245,94,339,286,495
201807,CE,110,307,7,94,37,131,138,226
201807,DF,73,177,6,69,10,79,81,137
201807,ES,242,568,13,197,95,292,209,468
201807,GO,286,735,30,230,83,313,296,557
201807,MA,105,331,20,103,38,141,118,228
201807,MG,685,1965,90,724,212,936,712,1379
201807,MS,119,344,11,123,38,161,127,235
201807,MT,200,581,13,175,47,222,247,500
201807,PA,138,375,17,111,39,150,170,293
201807,PB,127,311,15,92,41,133,130,249
201807,PE,218,537,25,180,65,245,206,426
201807,PI,123,413,10,110,58,168,203,241
201807,PR,598,1530,48,502,162,664,652,1209
201807,RJ,351,907,16,348,59,407,428,651
201807,RN,108,246,8,79,44,123,95,199
201807,RO,152,420,6,141,40,181,186,315
201807,RR,17,41,0,16,2,18,21,29
201807,RS,308,793,20,267,60,327,350,627
201807,SC,698,1630,38,617,150,767,703,1384
201807,SE,40,109,4,51,11,62,37,69
201807,SP,359,905,29,334,59,393,382,715
201807,TO,48,192,3,54,25,79,87,100
201808,AC,21,51,2,23,7,30,16,38
201808,AL,48,120,13,27,19,46,46,90
201808,AM,15,39,3,15,4,19,11,21
201808,AP,10,24,1,12,3,15,8,19
201808,BA,288,768,39,277,70,347,278,610
201808,CE,137,353,17,103,45,148,146,282
201808,DF,107,270,2,112,13,125,126,206
201808,ES,226,590,13,240,80,320,213,440
201808,GO,266,667,16,232,68,300,279,510
201808,MA,101,292,14,79,41,120,118,226
201808,MG,710,1782,63,679,191,870,604,1387
201808,MS,131,347,8,143,25,168,119,258
201808,MT,214,525,20,163,53,216,183,495
201808,PA,92,213,11,54,18,72,106,194
201808,PB,121,285,7,94,32,126,114,239
201808,PE,196,490,21,153,53,206,198,401
201808,PI,105,239,14,67,33,100,97,197
201808,PR,648,1666,61,533,143,676,702,1351
201808,RJ,343,835,24,287,85,372,362,656
201808,RN,127,284,11,99,40,139,107,238
201808,RO,132,364,9,114,27,141,169,295
201808,RR,16,41,2,20,1,21,15,27
201808,RS,321,839,32,274,74,348,371,640
201808,SC,641,1461,23,513,157,670,647,1257
201808,SE,48,120,6,31,25,56,46,93
201808,SP,339,831,17,344,42,386,326,629
201808,TO,42,113,5,34,11,45,50,82
201809,AC,23,53,2,17,11,28,20,42
201809,AL,47,127,5,37,27,64,37,93
201809,AM,10,32,3,5,2,7,20,19
201809,AP,20,51,1,16,5,21,25,37
201809,BA,281,735,46,258,90,348,243,574
201809,CE,144,351,16,96,40,136,148,284
201809,DF,95,272,2,102,18,120,133,181
201809,ES,214,566,21,189,95,284,204,440
201809,GO,258,669,27,227,81,308,251,506
201809,MA,110,288,20,67,39,106,123,234
201809,MG,706,1796,56,681,195,876,638,1296
201809,MS,105,287,12,90,43,133,110,198
201809,MT,216,581,21,208,50,258,200,501
201809,PA,105,309,17,94,37,131,140,227
201809,PB,135,328,20,106,29,135,131,256
201809,PE,216,535,28,174,77,251,198,421
201809,PI,109,260,16,81,28,109,99,212
201809,PR,657,1637,44,538,197,735,699,1297
201809,RJ,320,759,24,299,51,350,330,591
201809,RN,110,246,15,85,31,116,88,204
201809,RO,135,413,11,137,45,182,180,270
201809,RR,20,56,2,16,7,23,27,40
201809,RS,291,721,20,242,63,305,308,556
201809,SC,677,1648,29,624,167,791,688,1338
201809,SE,40,93,4,27,20,47,30,79
201809,SP,354,860,20,349,46,395,360,677
201809,TO,53,143,10,48,13,61,50,109
201810,AC,22,75,2,29,9,38,32,40
201810,AL,52,113,8,28,17,45,43,97
201810,AM,5,15,0,9,0,9,5,11
201810,AP,21,61,3,22,3,25,30,37
201810,BA,292,751,28,261,88,349,266,573
201810,CE,149,346,14,105,52,157,136,297
201810,DF,53,135,2,51,11,62,61,100
201810,ES,229,562,10,169,102,271,220,456
201810,GO,311,812,27,285,72,357,347,575
201810,MA,87,252,11,85,29,114,92,172
201810,MG,729,1923,47,773,182,955,707,1331
201810,MS,106,254,12,86,33,119,92,192
201810,MT,161,380,13,131,49,180,128,353
201810,PA,91,257,9,84,32,116,111,195
201810,PB,122,294,9,115,39,154,101,214
201810,PE,212,537,19,155,61,216,245,421
201810,PI,114,295,8,95,44,139,120,213
201810,PR,594,1469,34,512,146,658,612,1175
201810,RJ,427,1021,22,383,77,460,463,778
201810,RN,107,242,6,66,47,113,103,207
201810,RO,138,393,8,134,30,164,184,301
201810,RR,19,47,4,12,5,17,24,33
201810,RS,335,830,22,271,95,366,347,629
201810,SC,615,1531,32,570,159,729,633,1232
201810,SE,45,104,2,40,11,51,35,84
201810,SP,352,835,14,306,47,353,366,685
201810,TO,48,120,10,30,13,43,49,95
201811,AC,16,32,0,15,6,21,11,27
201811,AL,51,127,7,34,22,56,49,103
201811,AM,10,33,3,4,6,10,17,19
201811,AP,17,60,1,17,6,23,34,32
201811,BA,287,765,32,277,108,385,253,558
201811,CE,127,320,16,105,45,150,125,261
201811,DF,70,167,1,56,13,69,85,133
201811,ES,199,488,7,173,81,254,182,391
201811,GO,263,645,22,224,63,287,256,513
201811,MA,118,374,32,80,57,137,160,247
201811,MG,664,1792,56,695,190,885,651,1228
201811,MS,115,316,18,120,25,145,110,252
201811,MT,187,477,20,161,53,214,165,431
201811,PA,76,179,9,69,18,87,66,152
201811,PB,124,331,7,106,45,151,144,237
201811,PE,236,631,23,196,67,263,271,455
201811,PI,112,266,15,69,38,107,110,219
201811,PR,628,1508,40,474,191,665,617,1226
201811,RJ,382,975,22,374,66,440,437,719
201811,RN,107,252,7,99,37,136,96,196
201811,RO,146,416,9,129,41,170,189,362
201811,RR,21,62,1,20,11,31,26,45
201811,RS,377,955,27,310,105,415,418,727
201811,SC,661,1605,28,599,143,742,701,1276
201811,SE,55,145,2,39,22,61,63,118
201811,SP,372,969,16,347,59,406,416,769
201811,TO,46,148,5,48,11,59,65,94
201812,AC,29,71,0,33,3,36,27,50
201812,AL,75,212,11,66,26,92,80,146
201812,AM,13,33,2,10,6,16,9,20
201812,AP,12,52,0,13,14,27,23,24
201812,BA,331,900,41,320,95,415,343,687
201812,CE,154,382,16,114,46,160,144,294
201812,DF,70,189,2,67,11,78,101,139
201812,ES,263,633,9,252,105,357,211,484
201812,GO,344,876,29,284,82,366,386,618
201812,MA,115,325,23,98,37,135,115,241
201812,MG,859,2407,57,965,245,1210,906,1588
201812,MS,146,404,6,134,43,177,177,256
201812,MT,225,606,33,195,72,267,214,510
201812,PA,79,187,8,61,22,83,71,154
201812,PB,144,367,15,110,45,155,153,277
201812,PE,251,647,30,200,73,273,263,487
201812,PI,128,311,24,89,36,125,136,229
201812,PR,689,1806,36,672,183,855,748,1308
201812,RJ,467,1150,37,437,107,544,489,875
201812,RN,128,307,8,108,43,151,137,236
201812,RO,147,425,9,142,33,175,183,330
201812,RR,22,53,2,13,9,22,27,38
201812,RS,398,1021,29,361,110,471,426,728
201812,SC,764,1843,33,704,201,905,782,1488
201812,SE,45,112,4,38,13,51,39,83
201812,SP,414,1213,12,428,53,481,610,822
201812,TO,54,187,10,55,8,63,94,125
201901,AC,18,33,1,16,2,18,11,26
201901,AL,53,134,4,43,27,70,39,97
201901,AM,8,19,1,2,3,5,7,12
201901,AP,12,27,1,10,3,13,8,21
201901,BA,257,817,33,331,113,444,263,521
201901,CE,149,385,6,130,54,184,163,289
201901,DF,63,154,1,70,10,80,66,110
201901,ES,196,460,7,148,80,228,185,386
201901,GO,228,644,30,254,81,335,215,409
201901,MA,98,271,13,77,48,125,105,196
201901,MG,715,1968,41,775,202,977,726,1339
201901,MS,101,276,13,86,37,123,109,185
201901,MT,155,479,23,143,28,171,215,375
201901,PA,73,206,8,65,20,85,97,143
201901,PB,123,327,14,97,48,145,134,242
201901,PE,203,531,34,186,47,233,207,385
201901,PI,106,280,17,108,28,136,110,198
201901,PR,583,1609,39,528,178,706,703,1168
201901,RJ,375,970,30,352,95,447,429,684
201901,RN,101,257,10,94,35,129,94,203
201901,RO,96,285,4,85,29,114,132,213
201901,RR,19,58,1,24,8,32,22,35
201901,RS,300,838,22,295,88,383,360,580
201901,SC,613,1533,29,614,133,747,647,1182
201901,SE,48,112,6,38,13,51,38,86
201901,SP,399,1021,14,401,63,464,431,759
201901,TO,41,134,5,47,15,62,55,73
201902,AC,19,43,0,18,6,24,18,33
201902,AL,60,158,10,51,22,73,55,114
201902,AM,7,13,0,1,2,3,7,10
201902,AP,6,24,5,8,1,9,10,10
201902,BA,240,658,26,222,66,288,279,471
201902,CE,125,285,9,93,36,129,115,234
201902,DF,78,217,6,78,22,100,91,146
201902,ES,211,502,14,168,69,237,207,414
201902,GO,240,626,21,222,57,279,263,449
201902,MA,87,253,24,45,33,78,119,167
201902,MG,672,1786,49,715,192,907,622,1271
201902,MS,109,336,10,97,31,128,162,208
201902,MT,165,419,12,151,33,184,156,373
201902,PA,48,131,11,40,9,49,52,117
201902,PB,120,285,10,104,34,138,111,217
201902,PE,213,520,25,165,57,222,214,411
201902,PI,98,221,5,57,55,112,92,171
201902,PR,550,1271,34,460,145,605,510,1035
201902,RJ,340,810,27,320,60,380,336,606
201902,RN,95,216,5,87,17,104,90,177
201902,RO,109,315,11,115,35,150,120,254
201902,RR,16,48,3,27,4,31,10,26
201902,RS,319,843,21,301,78,379,358,628
201902,SC,625,1516,30,632,119,751,623,1199
201902,SE,49,121,6,38,18,56,46,94
201902,SP,318,747,11,295,48,343,300,592
201902,TO,49,117,9,37,11,48,41,103
201903,AC,16,46,3,13,5,18,18,32
201903,AL,48,119,8,33,15,48,54,90
201903,AM,4,13,0,11,1,12,1,5
201903,AP,12,31,0,11,2,13,16,25
201903,BA,317,862,30,293,98,391,356,632
201903,CE,140,341,12,121,45,166,128,269
201903,DF,83,237,5,108,13,121,95,158
201903,ES,229,558,16,186,88,274,225,444
201903,GO,288,772,17,254,94,348,324,537
201903,MA,90,224,11,63,28,91,91,191
201903,MG,709,1865,48,728,190,918,658,1363
201903,MS,126,353,16,114,34,148,147,235
201903,MT,168,460,15,152,36,188,199,385
201903,PA,82,233,13,74,19,93,101,177
201903,PB,145,336,10,105,57,162,123,259
201903,PE,232,579,26,172,79,251,239,426
201903,PI,113,253,11,83,49,132,93,199
201903,PR,676,1715,45,540,183,723,747,1384
201903,RJ,367,873,22,335,90,425,354,653
201903,RN,102,249,9,88,34,122,95,207
201903,RO,110,364,3,110,38,148,186,245
201903,RR,17,32,4,9,3,12,12,30
201903,RS,385,987,25,342,102,444,400,742
201903,SC,713,1727,31,652,172,824,707,1415
201903,SE,62,146,3,47,22,69,54,124
201903,SP,323,878,13,304,45,349,421,642
201903,TO,38,103,11,31,14,45,35,83
201904,AC,14,29,0,16,3,19,9,19
201904,AL,52,119,7,37,18,55,44,93
201904,AM,7,22,2,3,0,3,7,13
201904,AP,12,37,0,15,4,19,18,20
201904,BA,262,699,35,259,71,330,256,515
201904,CE,127,368,8,131,38,169,147,256
201904,DF,78,200,3,83,16,99,88,147
201904,ES,248,612,16,194,93,287,225,500
201904,GO,298,694,21,265,87,352,235,537
201904,MA,73,207,16,45,44,89,69,163
201904,MG,658,1663,39,656,157,813,590,1316
201904,MS,97,263,5,97,31,128,108,161
201904,MT,182,485,19,186,41,227,190,344
201904,PA,50,129,6,39,16,55,46,111
201904,PB,129,277,7,89,33,122,120,237
201904,PE,218,496,23,157,60,217,205,409
201904,PI,106,276,13,69,43,112,135,186
201904,PR,635,1549,44,515,154,669,646,1232
201904,RJ,378,921,30,350,66,416,383,684
201904,RN,120,267,2,105,35,140,96,228
201904,RO,129,330,11,120,33,153,137,247
201904,RR,18,50,3,12,3,15,26,32
201904,RS,396,1032,31,357,75,432,460,792
201904,SC,707,1718,34,705,166,871,641,1399
201904,SE,54,155,4,73,17,90,52,96
201904,SP,355,860,11,349,45,394,367,644
201904,TO,34,77,3,28,10,38,28,61
201905,AC,21,50,3,23,4,27,16,35
201905,AL,50,124,9,34,24,58,46,93
201905,AM,6,14,0,4,3,7,6,13
201905,AP,9,27,3,10,4,14,8,13
201905,BA,305,810,42,267,128,395,276,632
201905,CE,118,301,8,93,42,135,110,245
201905,DF,84,215,5,79,23,102,94,163
201905,ES,241,570,8,189,95,284,222,481
201905,GO,274,673,22,255,52,307,268,537
201905,MA,64,157,11,35,29,64,58,139
201905,MG,641,1746,73,643,230,873,582,1285
201905,MS,107,283,7,98,49,147,102,201
201905,MT,186,479,22,163,40,203,186,404
201905,PA,70,190,17,49,24,73,73,174
201905,PB,129,298,9,111,34,145,103,232
201905,PE,216,522,30,159,50,209,210,437
201905,PI,106,226,11,63,45,108,90,188
201905,PR,644,1571,44,515,171,686,662,1335
201905,RJ,351,813,36,313,67,380,313,632
201905,RN,119,249,7,87,47,134,89,210
201905,RO,132,336,4,114,30,144,149,268
201905,RR,15,47,2,25,6,31,7,26
201905,RS,416,1109,26,366,109,475,507,829
201905,SC,686,1626,34,591,158,749,670,1361
201905,SE,60,138,6,57,13,70,50,103
201905,SP,380,905,25,330,60,390,376,748
201905,TO,44,110,7,45,7,52,39,88
201906,AC,24,52,1,20,5,25,21,39
201906,AL,43,116,11,41,17,58,38,73
201906,AM,5,19,0,3,1,4,13,9
201906,AP,8,25,2,7,6,13,9,15
201906,BA,290,813,39,267,90,357,325,600
201906,CE,126,336,14,112,48,160,117,253
201906,DF,80,192,3,66,18,84,95,152
201906,ES,235,540,11,191,94,285,182,439
201906,GO,279,719,23,232,83,315,299,552
201906,MA,83,228,19,54,24,78,102,165
201906,MG,661,1699,45,653,195,848,601,1279
201906,MS,124,320,8,119,33,152,126,223
201906,MT,197,552,23,156,40,196,243,505
201906,PA,73,193,9,68,12,80,81,157
201906,PB,139,301,13,94,42,136,122,241
201906,PE,230,552,29,180,55,235,226,449
201906,PI,117,316,16,88,47,135,140,220
201906,PR,646,1697,45,538,215,753,725,1334
201906,RJ,372,911,23,350,102,452,364,689
201906,RN,114,264,6,95,23,118,113,215
201906,RO,136,378,11,121,43,164,162,285
201906,RR,22,65,4,20,12,32,21,46
201906,RS,403,978,26,326,110,436,413,767
201906,SC,720,1748,38,617,213,830,722,1421
201906,SE,61,151,7,48,29,77,50,107
201906,SP,355,875,23,341,62,403,337,699
201906,TO,40,104,9,26,13,39,41,86
201907,AC,22,57,3,20,14,34,13,39
201907,AL,61,145,11,50,21,71,52,98
201907,AM,11,31,2,12,3,15,8,19
201907,AP,10,22,0,8,4,12,9,18
201907,BA,330,1015,56,295,124,419,433,684
201907,CE,126,341,13,99,58,157,138,240
201907,DF,87,232,6,80,14,94,119,157
201907,ES,252,604,10,216,88,304,214,507
201907,GO,307,787,29,266,103,369,311,585
201907,MA,106,308,18,77,41,118,143,232
201907,MG,741,2053,69,720,247,967,782,1493
201907,MS,118,312,11,99,40,139,123,229
201907,MT,204,575,15,182,45,227,227,483
201907,PA,80,225,18,48,21,69,99,192
201907,PB,141,342,14,132,52,184,108,249
201907,PE,239,549,23,167,71,238,221,433
201907,PI,109,265,6,86,37,123,108,217
201907,PR,654,1716,43,554,193,747,727,1390
201907,RJ,366,924,25,358,89,447,387,666
201907,RN,119,286,8,105,28,133,122,233
201907,RO,160,528,9,149,50,199,259,356
201907,RR,16,34,2,13,0,13,15,29
201907,RS,382,968,22,332,80,412,432,736
201907,SC,699,1671,37,595,186,781,716,1386
201907,SE,52,120,7,38,13,51,49,97
201907,SP,359,898,22,344,48,392,389,717
201907,TO,49,148,8,40,11,51,60,126
201908,AC,34,91,2,43,14,57,25,55
201908,AL,51,121,5,33,17,50,52,87
201908,AM,12,27,4,8,2,10,7,22
201908,AP,8,17,1,4,1,5,10,17
201908,BA,283,778,47,262,86,348,293,590
201908,CE,134,317,20,102,41,143,115,257
201908,DF,101,237,0,95,16,111,114,175
201908,ES,264,633,10,221,98,319,235,517
201908,GO,287,689,25,242,86,328,255,551
201908,MA,81,240,10,72,52,124,84,168
201908,MG,728,1928,51,710,188,898,738,1385
201908,MS,126,336,15,119,41,160,106,269
201908,MT,178,491,25,151,43,194,184,451
201908,PA,60,161,11,54,13,67,59,132
201908,PB,132,286,12,99,31,130,114,228
201908,PE,208,513,20,159,69,228,199,411
201908,PI,131,288,13,93,41,134,107,241
201908,PR,666,1660,41,550,188,738,703,1381
201908,RJ,391,939,29,363,95,458,384,712
201908,RN,139,389,15,158,51,209,140,265
201908,RO,150,368,8,117,42,159,158,294
201908,RR,26,56,2,18,9,27,24,44
201908,RS,407,1018,30,369,87,456,418,790
201908,SC,662,1576,27,601,177,778,635,1293
201908,SE,45,111,5,50,13,63,29,77
201908,SP,366,841,23,322,59,381,326,685
201908,TO,39,98,4,37,9,46,32,75
201909,AC,20,52,6,17,9,26,12,41
201909,AL,52,137,6,35,17,52,51,101
201909,AM,14,39,4,8,4,12,15,26
201909,AP,16,45,1,20,2,22,20,26
201909,BA,277,705,44,205,74,279,285,560
201909,CE,154,374,21,114,53,167,139,297
201909,DF,121,306,7,121,17,138,147,225
201909,ES,236,553,15,178,95,273,213,449
201909,GO,293,723,20,263,63,326,287,586
201909,MA,109,314,24,91,43,134,113,234
201909,MG,711,1795,53,735,192,927,598,1361
201909,MS,129,287,5,114,29,143,100,218
201909,MT,183,517,23,166,30,196,214,471
201909,PA,77,196,18,54,20,74,74,158
201909,PB,128,309,9,103,36,139,124,247
201909,PE,251,578,28,167,71,238,249,475
201909,PI,128,303,16,75,43,118,128,264
201909,PR,669,1605,27,572,175,747,651,1258
201909,RJ,419,992,30,394,87,481,402,734
201909,RN,148,344,9,120,57,177,133,266
201909,RO,141,355,7,128,31,159,153,291
201909,RR,22,61,2,27,6,33,23,37
201909,RS,398,1050,21,388,93,481,449,764
201909,SC,746,1713,36,631,191,822,708,1422
201909,SE,47,141,3,67,11,78,49,88
201909,SP,342,875,10,323,59,382,386,685
201909,TO,44,100,4,31,11,42,41,86
201910,AC,28,70,3,26,14,40,21,49
201910,AL,52,135,7,42,28,70,35,97
201910,AM,8,16,1,1,1,2,10,14
201910,AP,10,22,2,8,4,12,6,18
201910,BA,283,721,37,264,74,338,264,572
201910,CE,159,396,13,113,49,162,169,317
201910,DF,115,283,6,95,22,117,142,216
201910,ES,248,571,14,205,96,301,207,468
201910,GO,280,726,15,248,78,326,315,537
201910,MA,84,200,12,45,36,81,84,183
201910,MG,829,2224,76,848,256,1104,745,1710
201910,MS,130,308,7,104,34,138,121,240
201910,MT,187,523,20,152,55,207,219,427
201910,PA,75,226,3,104,19,123,80,166
201910,PB,135,309,10,101,44,145,122,248
201910,PE,244,585,21,192,78,270,228,448
201910,PI,100,248,14,72,36,108,100,189
201910,PR,681,1635,38,558,211,769,655,1314
201910,RJ,384,1003,40,391,79,470,423,720
201910,RN,108,278,6,97,33,130,121,219
201910,RO,128,342,5,107,35,142,157,274
201910,RR,20,59,4,20,9,29,19,35
201910,RS,394,985,21,345,100,445,429,725
201910,SC,748,1809,36,673,200,873,726,1438
201910,SE,39,87,3,35,9,44,28,68
201910,SP,376,901,15,340,65,405,378,733
201910,TO,49,116,6,40,10,50,37,97
201911,AC,22,45,1,25,2,27,13,35
201911,AL,51,141,12,37,28,65,46,103
201911,AM,12,36,3,16,2,18,12,22
201911,AP,12,31,0,6,1,7,19,26
201911,BA,306,754,36,255,80,335,294,611
201911,CE,159,399,16,144,43,187,155,325
201911,DF,91,210,5,86,18,104,98,158
201911,ES,229,574,12,215,101,316,183,434
201911,GO,290,693,26,241,76,317,262,561
201911,MA,96,248,19,56,32,88,102,205
201911,MG,829,2131,78,854,229,1083,734,1523
201911,MS,125,339,15,92,44,136,129,248
201911,MT,161,440,20,147,33,180,164,419
201911,PA,64,165,9,55,22,77,64,141
201911,PB,114,292,9,83,35,118,131,209
201911,PE,217,539,25,141,77,218,232,456
201911,PI,120,271,14,72,42,114,116,234
201911,PR,645,1569,45,516,149,665,690,1259
201911,RJ,401,976,26,352,81,433,450,716
201911,RN,139,332,3,126,45,171,133,277
201911,RO,119,312,6,104,34,138,138,259
201911,RR,26,70,5,25,6,31,26,46
201911,RS,356,1040,35,385,107,492,440,664
201911,SC,748,1813,29,694,169,863,771,1466
201911,SE,45,103,4,33,11,44,40,82
201911,SP,404,986,21,349,76,425,419,786
201911,TO,36,78,6,22,6,28,31,72
201912,AC,24,63,1,20,5,25,26,47
201912,AL,57,166,8,45,25,70,61,110
201912,AM,8,16,1,3,2,5,6,13
201912,AP,13,30,1,9,2,11,15,21
201912,BA,337,895,52,319,95,414,330,659
201912,CE,177,452,17,151,57,208,171,347
201912,DF,110,292,5,105,19,124,144,218
201912,ES,257,680,14,246,111,357,242,517
201912,GO,294,809,27,301,102,403,304,548
201912,MA,110,281,22,81,34,115,106,217
201912,MG,842,2281,57,881,259,1140,831,1580
201912,MS,144,416,12,172,40,212,155,248
201912,MT,173,442,9,158,43,201,166,354
201912,PA,71,188,14,60,26,86,70,141
201912,PB,130,321,13,94,51,145,109,250
201912,PE,268,663,24,212,82,294,281,516
201912,PI,113,297,13,97,39,136,118,202
201912,PR,673,1791,55,561,201,762,816,1305
201912,RJ,472,1124,36,429,96,525,488,831
201912,RN,138,329,10,119,37,156,140,266
201912,RO,126,383,10,133,40,173,168,228
201912,RR,20,67,6,17,5,22,31,38
201912,RS,442,1128,24,403,123,526,478,784
201912,SC,765,1956,42,785,210,995,786,1508
201912,SE,50,116,8,34,18,52,42,92
201912,SP,402,1006,16,382,58,440,451,757
201912,TO,57,167,7,55,19,74,67,133
202001,AC,19,45,2,12,3,15,16,33
202001,AL,36,84,3,34,14,48,25,63
202001,AM,7,20,1,11,2,13,3,16
202001,AP,13,31,0,18,2,20,11,22
202001,BA,311,1017,54,388,103,491,383,631
202001,CE,141,371,11,123,45,168,159,278
202001,DF,76,177,4,62,10,72,90,127
202001,ES,171,420,5,156,60,216,155,328
202001,GO,295,799,15,351,68,419,279,540
202001,MA,81,213,14,48,42,90,84,162
202001,MG,794,2346,56,930,223,1153,866,1503
202001,MS,117,307,12,117,27,144,113,209
202001,MT,195,504,14,170,36,206,201,452
202001,PA,64,193,10,66,21,87,80,124
202001,PB,122,269,7,94,41,135,97,211
202001,PE,242,606,23,210,67,277,235,473
202001,PI,115,299,11,104,39,143,119,210
202001,PR,578,1466,45,516,163,679,575,1112
202001,RJ,356,964,21,342,96,438,438,685
202001,RN,129,320,15,110,48,158,118,248
202001,RO,119,317,3,91,34,125,162,259
202001,RR,18,52,5,16,3,19,25,31
202001,RS,363,958,19,383,82,465,383,662
202001,SC,652,1646,21,665,165,830,668,1257
202001,SE,44,131,2,48,13,61,55,79
202001,SP,380,1039,29,414,65,479,436,723
202001,TO,59,186,8,49,40,89,71,123
202002,AC,26,58,1,22,4,26,21,43
202002,AL,59,176,7,50,23,73,77,110
202002,AM,8,17,1,7,1,8,4,15
202002,AP,11,29,0,14,0,14,14,18
202002,BA,254,693,39,238,83,321,260,519
202002,CE,144,352,15,116,47,163,150,266
202002,DF,104,263,2,105,19,124,122,182
202002,ES,201,542,9,183,83,266,214,404
202002,GO,284,866,20,273,98,371,395,540
202002,MA,94,265,15,80,40,120,95,205
202002,MG,705,1788,55,734,194,928,567,1338
202002,MS,132,316,6,124,14,138,127,239
202002,MT,182,456,11,171,43,214,158,414
202002,PA,80,234,11,78,20,98,106,176
202002,PB,129,307,6,108,46,154,110,233
202002,PE,200,511,25,173,56,229,204,374
202002,PI,100,240,12,85,28,113,89,183
202002,PR,638,1579,39,545,176,721,653,1205
202002,RJ,353,912,18,330,79,409,405,637
202002,RN,116,257,3,85,35,120,111,214
202002,RO,130,304,8,106,31,137,117,278
202002,RR,17,39,2,12,4,16,16,29
202002,RS,351,912,16,353,80,433,386,649
202002,SC,684,1627,36,577,179,756,669,1346
202002,SE,48,125,3,40,15,55,49,81
202002,SP,378,978,19,362,62,424,386,774
202002,TO,42,104,7,34,11,45,34,85
202003,AC,25,62,1,27,3,30,25,44
202003,AL,54,119,4,38,16,54,47,91
202003,AM,10,21,0,8,4,12,6,14
202003,AP,8,25,1,9,0,9,7,11
202003,BA,276,705,39,264,69,333,240,536
202003,CE,108,241,9,71,42,113,95,191
202003,DF,82,187,1,68,15,83,83,152
202003,ES,180,420,10,137,60,197,152,348
202003,GO,274,650,19,231,76,307,240,509
202003,MA,79,200,12,51,22,73,89,172
202003,MG,578,1446,64,509,186,695,478,1140
202003,MS,96,223,8,79,29,108,66,180
202003,MT,169,412,18,136,41,177,144,384
202003,PA,92,221,17,68,26,94,75,190
202003,PB,115,269,4,120,41,161,78,191
202003,PE,228,512,27,160,53,213,188,422
202003,PI,87,179,10,55,20,75,71,148
202003,PR,559,1341,33,459,132,591,531,1107
202003,RJ,315,711,22,270,75,345,283,546
202003,RN,79,186,4,70,20,90,71,148
202003,RO,100,254,4,76,38,114,107,225
202003,RR,22,60,6,20,8,28,21,41
202003,RS,297,805,13,294,60,354,352,612
202003,SC,568,1323,35,537,109,646,512,1076
202003,SE,49,113,4,37,15,52,39,88
202003,SP,296,707,19,270,47,317,272,555
202003,TO,46,113,7,27,8,35,49,100
202004,AC,20,53,1,17,6,23,23,37
202004,AL,39,85,11,31,16,47,17,58
202004,AM,9,25,3,4,3,7,11,17
202004,AP,5,13,0,4,0,4,8,9
202004,BA,190,426,25,162,60,222,134,319
202004,CE,79,171,7,64,20,84,50,136
202004,DF,64,157,5,64,6,70,68,121
202004,ES,168,366,12,120,59,179,132,304
202004,GO,193,450,22,159,52,211,167,351
202004,MA,68,171,14,51,15,66,69,150
202004,MG,484,1186,45,478,131,609,366,876
202004,MS,101,226,5,88,28,116,62,189
202004,MT,154,378,21,109,41,150,139,354
202004,PA,63,146,4,48,21,69,59,124
202004,PB,79,167,10,71,13,84,59,124
202004,PE,151,339,16,132,31,163,115,273
202004,PI,57,128,7,48,17,65,40,94
202004,PR,474,1079,39,374,111,485,402,918
202004,RJ,219,482,24,184,50,234,184,382
202004,RN,94,193,6,74,32,106,63,155
202004,RO,115,281,3,104,30,134,107,255
202004,RR,15,36,3,12,9,21,9,24
202004,RS,284,668,17,249,52,301,279,543
202004,SC,471,1047,30,407,122,529,370,873
202004,SE,44,99,9,34,14,48,28,74
202004,SP,205,413,8,141,41,182,156,360
202004,TO,40,147,8,70,10,80,39,87
202005,AC,22,40,1,14,7,21,16,30
202005,AL,52,127,9,30,15,45,51,90
202005,AM,9,25,1,11,1,12,8,12
202005,AP,10,27,0,7,11,18,5,18
202005,BA,256,634,34,202,66,268,230,519
202005,CE,83,197,12,60,35,95,67,149
202005,DF,90,193,5,70,16,86,86,158
202005,ES,198,454,14,160,70,230,157,366
202005,GO,245,571,17,193,57,250,222,447
202005,MA,69,155,13,38,25,63,52,143
202005,MG,604,1435,40,535,171,706,497,1097
202005,MS,95,232,8,77,19,96,88,195
202005,MT,156,407,18,111,45,156,161,393
202005,PA,52,131,6,37,14,51,49,115
202005,PB,89,177,6,61,24,85,67,141
202005,PE,144,339,22,98,45,143,120,273
202005,PI,81,176,4,52,32,84,65,153
202005,PR,621,1436,56,473,129,602,565,1242
202005,RJ,291,627,20,242,47,289,256,518
202005,RN,99,203,8,65,38,103,69,170
202005,RO,136,311,5,110,38,148,111,290
202005,RR,22,45,0,21,3,24,10,37
202005,RS,324,787,30,279,62,341,314,631
202005,SC,577,1300,27,509,139,648,483,1117
202005,SE,46,107,3,36,12,48,44,80
202005,SP,255,568,22,202,41,243,220,476
202005,TO,33,88,6,21,8,29,31,76
202006,AC,22,43,0,21,9,30,10,30
202006,AL,46,99,4,29,11,40,35,84
202006,AM,13,34,0,15,1,16,14,22
202006,AP,9,17,0,5,5,10,6,14
202006,BA,271,728,26,258,54,312,279,586
202006,CE,103,249,12,73,38,111,93,213
202006,DF,83,201,4,70,18,88,96,157
202006,ES,195,425,6,158,64,222,148,345
202006,GO,235,593,30,193,68,261,221,467
202006,MA,87,214,12,58,39,97,69,182
202006,MG,603,1472,61,506,171,677,526,1125
202006,MS,121,281,7,94,28,122,109,231
202006,MT,139,365,11,88,27,115,150,370
202006,PA,73,169,5,45,17,62,77,145
202006,PB,105,234,6,89,25,114,76,180
202006,PE,191,445,22,117,64,181,171,367
202006,PI,81,185,13,52,28,80,67,156
202006,PR,539,1235,49,362,126,488,496,1088
202006,RJ,297,664,14,225,73,298,282,527
202006,RN,85,181,4,58,29,87,67,156
202006,RO,113,297,4,89,25,114,135,280
202006,RR,19,42,2,19,5,24,8,31
202006,RS,328,773,7,260,80,340,346,603
202006,SC,619,1456,36,515,145,660,607,1200
202006,SE,34,72,3,21,10,31,25,60
202006,SP,289,654,15,219,42,261,283,571
202006,TO,36,82,5,21,10,31,31,70
202007,AC,20,41,0,9,7,16,16,35
202007,AL,59,161,8,42,29,71,65,105
202007,AM,14,32,3,11,4,15,11,22
202007,AP,10,26,1,13,5,18,6,18
202007,BA,276,658,36,214,64,278,244,554
202007,CE,135,356,13,105,53,158,141,282
202007,DF,83,193,4,60,13,73,103,157
202007,ES,225,514,15,166,72,238,199,435
202007,GO,243,615,23,206,57,263,237,474
202007,MA,96,295,19,90,44,134,105,227
202007,MG,652,1670,53,598,144,742,595,1350
202007,MS,124,319,14,102,30,132,109,253
202007,MT,169,465,21,134,42,176,166,457
202007,PA,105,331,15,101,37,138,133,242
202007,PB,121,287,11,93,27,120,118,228
202007,PE,220,514,31,152,58,210,199,415
202007,PI,98,222,13,60,32,92,79,193
202007,PR,543,1273,47,374,121,495,533,1087
202007,RJ,364,849,21,320,66,386,377,631
202007,RN,101,211,10,69,22,91,93,183
202007,RO,144,362,11,106,52,158,148,325
202007,RR,22,49,4,16,3,19,18,39
202007,RS,379,929,34,316,84,400,404,714
202007,SC,513,1150,27,451,113,564,438,964
202007,SE,48,116,1,36,19,55,43,87
202007,SP,316,732,14,262,50,312,310,609
202007,TO,50,134,6,39,20,59,45,105
202008,AC,37,74,2,22,13,35,32,61
202008,AL,56,145,8,38,19,57,52,115
202008,AM,16,52,0,20,5,25,22,33
202008,AP,20,49,0,18,8,26,19,37
202008,BA,313,807,39,252,102,354,299,678
202008,CE,153,379,11,126,63,189,132,304
202008,DF,91,215,3,79,6,85,103,188
202008,ES,222,482,13,180,78,258,151,410
202008,GO,256,620,18,213,64,277,239,464
202008,MA,110,297,30,89,35,124,107,236
202008,MG,742,1814,61,585,228,813,683,1452
202008,MS,151,397,19,125,51,176,152,311
202008,MT,211,534,29,167,58,225,192,486
202008,PA,96,254,13,76,27,103,107,200
202008,PB,117,262,6,86,34,120,94,211
202008,PE,217,552,30,161,81,242,201,434
202008,PI,98,223,10,63,39,102,84,179
202008,PR,616,1502,44,465,157,622,609,1272
202008,RJ,402,909,26,345,72,417,388,711
202008,RN,110,233,8,83,28,111,96,196
202008,RO,134,324,7,92,41,133,154,264
202008,RR,25,75,0,20,10,30,34,52
202008,RS,388,972,15,375,73,448,403,737
202008,SC,578,1406,26,503,144,647,567,1144
202008,SE,60,160,5,48,18,66,67,118
202008,SP,372,921,24,284,66,350,427,733
202008,TO,54,129,8,35,18,53,39,115
202009,AC,23,50,0,21,3,24,22,40
202009,AL,52,112,3,32,23,55,36,87
202009,AM,16,79,1,30,5,35,35,46
202009,AP,15,38,2,10,5,15,15,27
202009,BA,352,940,49,318,87,405,356,741
202009,CE,143,320,22,96,45,141,108,288
202009,DF,84,223,4,72,32,104,104,160
202009,ES,237,549,9,189,88,277,203,446
202009,GO,315,830,28,250,86,336,338,656
202009,MA,97,269,22,94,28,122,85,223
202009,MG,789,2016,75,745,228,973,689,1589
202009,MS,126,349,8,107,29,136,153,268
202009,MT,188,486,19,168,49,217,181,440
202009,PA,98,268,10,75,38,113,103,205
202009,PB,114,275,11,80,37,117,112,219
202009,PE,241,587,34,168,72,240,223,463
202009,PI,102,263,21,43,46,89,123,201
202009,PR,660,1504,46,481,182,663,603,1241
202009,RJ,400,1015,40,378,76,454,419,759
202009,RN,133,337,12,92,37,129,157,273
202009,RO,124,308,8,97,40,137,108,272
202009,RR,21,48,2,15,1,16,26,40
202009,RS,306,755,15,260,67,327,328,562
202009,SC,607,1435,31,538,155,693,554,1181
202009,SE,41,102,2,32,13,45,35,75
202009,SP,355,796,18,289,60,349,315,661
202009,TO,58,163,7,41,19,60,64,124
202010,AC,25,49,0,22,10,32,15,38
202010,AL,38,87,6,27,11,38,24,74
202010,AM,12,38,3,10,5,15,15,21
202010,AP,19,58,0,25,3,28,30,36
202010,BA,307,832,39,237,107,344,323,675
202010,CE,148,363,20,123,60,183,118,281
202010,DF,92,218,4,85,17,102,93,170
202010,ES,237,563,12,190,94,284,206,445
202010,GO,296,761,16,257,80,337,317,567
202010,MA,111,299,22,86,35,121,114,242
202010,MG,841,2161,70,825,258,1083,699,1622
202010,MS,169,457,26,131,53,184,182,330
202010,MT,220,585,22,190,57,247,225,506
202010,PA,84,224,12,56,33,89,88,182
202010,PB,137,320,16,92,48,140,116,248
202010,PE,234,539,30,162,74,236,198,434
202010,PI,131,312,13,96,42,138,110,269
202010,PR,710,1760,48,586,205,791,697,1365
202010,RJ,405,938,16,393,70,463,379,737
202010,RN,142,339,10,121,55,176,121,255
202010,RO,130,301,7,99,29,128,129,236
202010,RR,18,52,1,21,4,25,17,36
202010,RS,395,1093,27,355,89,444,507,762
202010,SC,677,1704,31,607,191,798,707,1381
202010,SE,54,134,2,54,13,67,41,110
202010,SP,437,1086,22,422,80,502,432,872
202010,TO,58,174,13,53,19,72,58,131
202011,AC,29,78,4,21,18,39,27,52
202011,AL,70,188,12,64,28,92,59,129
202011,AM,10,36,1,9,3,12,12,20
202011,AP,15,39,0,15,9,24,14,26
202011,BA,321,831,62,265,81,346,294,643
202011,CE,175,419,23,133,44,177,167,357
202011,DF,97,246,3,94,11,105,126,171
202011,ES,237,574,15,186,96,282,212,476
202011,GO,283,744,28,246,85,331,300,541
202011,MA,131,365,39,77,62,139,119,294
202011,MG,723,1873,57,698,218,916,619,1478
202011,MS,174,451,15,145,34,179,196,321
202011,MT,183,459,18,161,42,203,161,430
202011,PA,76,183,9,47,28,75,63,169
202011,PB,127,304,9,91,46,137,119,242
202011,PE,243,613,30,182,76,258,231,460
202011,PI,101,268,18,72,44,116,89,205
202011,PR,622,1486,44,468,177,645,593,1271
202011,RJ,393,989,19,388,75,463,442,712
202011,RN,121,297,10,108,28,136,123,234
202011,RO,121,285,11,103,41,144,96,243
202011,RR,27,65,1,14,5,19,34,49
202011,RS,365,918,22,331,100,431,381,690
202011,SC,631,1512,39,581,159,740,582,1226
202011,SE,51,132,5,44,18,62,41,100
202011,SP,359,856,23,279,70,349,345,731
202011,TO,63,168,9,45,26,71,51,170
202012,AC,32,80,1,32,13,45,29,57
202012,AL,67,196,7,51,23,74,84,135
202012,AM,14,37,2,20,5,25,8,22
202012,AP,20,49,1,17,8,25,11,34
202012,BA,335,895,65,298,100,398,337,645
202012,CE,161,385,21,112,64,176,143,313
202012,DF,94,228,0,94,14,108,111,170
202012,ES,264,602,22,206,117,323,181,481
202012,GO,309,807,35,276,84,360,321,584
202012,MA,131,367,32,82,64,146,141,291
202012,MG,861,2340,80,873,265,1138,847,1619
202012,MS,136,361,11,133,40,173,135,256
202012,MT,229,624,30,197,59,256,256,493
202012,PA,81,230,11,71,28,99,87,180
202012,PB,146,342,11,107,54,161,118,267
202012,PE,251,667,28,216,77,293,248,465
202012,PI,155,382,28,108,65,173,136,284
202012,PR,640,1539,36,529,157,686,647,1202
202012,RJ,443,1084,31,403,106,509,449,796
202012,RN,130,307,10,92,43,135,133,256
202012,RO,120,331,11,108,43,151,131,236
202012,RR,24,69,1,20,10,30,32,44
202012,RS,397,1036,21,397,97,494,425,755
202012,SC,646,1579,43,573,187,760,640,1243
202012,SE,56,127,3,39,21,60,50,98
202012,SP,401,1065,27,379,68,447,453,785
202012,TO,56,170,14,46,29,75,51,134
202101,AC,20,49,0,21,6,27,19,36
202101,AL,52,133,6,34,27,61,46,97
202101,AM,7,19,1,5,0,5,7,17
202101,AP,15,45,4,19,4,23,15,30
202101,BA,303,896,48,281,87,368,392,592
202101,CE,124,305,21,91,37,128,114,252
202101,DF,92,251,4,84,17,101,132,168
202101,ES,225,588,13,198,94,292,223,439
202101,GO,265,683,15,209,76,285,292,504
202101,MA,97,248,32,60,43,103,79,200
202101,MG,736,1905,54,694,197,891,691,1426
202101,MS,122,345,8,92,49,141,150,240
202101,MT,150,355,16,134,43,177,115,285
202101,PA,74,222,12,66,34,100,83,170
202101,PB,126,284,9,93,41,134,97,226
202101,PE,199,528,31,155,75,230,202,386
202101,PI,106,334,13,95,35,130,161,202
202101,PR,600,1526,57,545,140,685,619,1140
202101,RJ,400,968,25,360,79,439,423,739
202101,RN,102,229,6,81,32,113,89,183
202101,RO,115,303,4,87,30,117,151,232
202101,RR,17,32,0,13,3,16,11,29
202101,RS,407,1007,39,350,97,447,419,751
202101,SC,656,1547,25,605,153,758,626,1250
202101,SE,54,126,3,44,23,67,37,94
202101,SP,358,896,15,361,52,413,392,664
202101,TO,39,119,11,35,10,45,39,89
202102,AC,18,44,3,20,6,26,14,32
202102,AL,43,108,11,22,18,40,38,85
202102,AM,5,13,0,6,1,7,3,10
202102,AP,17,40,2,9,8,17,19,27
202102,BA,252,647,33,242,72,314,214,490
202102,CE,126,299,11,120,38,158,94,240
202102,DF,85,206,3,74,19,93,91,156
202102,ES,186,438,5,135,82,217,154,365
202102,GO,272,752,33,238,86,324,310,526
202102,MA,76,192,14,55,28,83,69,159
202102,MG,652,1534,45,610,185,795,489,1197
202102,MS,138,363,9,127,35,162,143,264
202102,MT,161,416,11,124,35,159,162,425
202102,PA,55,160,8,52,23,75,54,136
202102,PB,119,263,11,81,37,118,97,198
202102,PE,205,501,20,144,63,207,186,404
202102,PI,77,175,6,45,27,72,66,154
202102,PR,559,1410,39,457,134,591,593,1116
202102,RJ,308,728,16,274,57,331,317,547
202102,RN,96,219,4,72,31,103,98,179
202102,RO,124,297,5,102,27,129,121,289
202102,RR,16,33,2,12,0,12,13,31
202102,RS,349,840,16,311,68,379,351,658
202102,SC,623,1511,21,599,139,738,618,1198
202102,SE,44,104,1,36,13,49,36,86
202102,SP,327,800,14,279,66,345,341,643
202102,TO,46,117,5,30,25,55,37,101
202103,AC,22,50,3,19,6,25,16,37
202103,AL,59,139,10,41,13,54,50,106
202103,AM,10,36,2,16,4,20,9,26
202103,AP,6,21,0,9,4,13,4,8
202103,BA,232,601,38,175,71,246,214,486
202103,CE,108,244,12,76,35,111,94,197
202103,DF,54,140,1,68,10,78,53,101
202103,ES,205,482,13,166,69,235,177,419
202103,GO,221,562,28,177,77,254,213,412
202103,MA,85,203,12,60,26,86,66,176
202103,MG,615,1491,39,506,207,713,494,1243
202103,MS,130,293,9,101,23,124,99,280
202103,MT,200,550,27,169,45,214,198,528
202103,PA,68,194,14,52,20,72,75,156
202103,PB,104,233,10,73,31,104,90,191
202103,PE,195,486,25,160,60,220,173,380
202103,PI,88,185,8,69,18,87,69,153
202103,PR,506,1242,45,371,143,514,499,1109
202103,RJ,407,1035,30,388,78,466,446,787
202103,RN,90,186,11,57,20,77,77,160
202103,RO,82,196,3,55,25,80,79,178
202103,RR,21,56,2,18,5,23,24,44
202103,RS,300,770,10,297,51,348,306,609
202103,SC,583,1298,33,518,120,638,493,1112
202103,SE,36,81,4,29,11,40,32,60
202103,SP,291,700,9,250,43,293,300,563
202103,TO,38,90,2,27,10,37,32,87
202104,AC,15,27,1,13,4,17,8,23
202104,AL,38,82,3,29,13,42,22,65
202104,AM,10,30,1,8,3,11,14,17
202104,AP,13,30,0,13,5,18,8,23
202104,BA,293,753,44,254,80,334,272,594
202104,CE,104,238,16,79,31,110,85,194
202104,DF,77,188,0,61,15,76,105,145
202104,ES,211,541,13,180,83,263,199,424
202104,GO,226,539,9,189,56,245,218,429
202104,MA,75,196,11,53,25,78,74,185
202104,MG,589,1394,45,519,174,693,436,1166
202104,MS,120,310,11,99,41,140,112,253
202104,MT,182,460,15,146,48,194,167,467
202104,PA,64,178,18,50,20,70,58,150
202104,PB,112,260,7,92,38,130,80,200
202104,PE,170,432,16,135,79,214,147,337
202104,PI,79,197,9,57,28,85,77,147
202104,PR,573,1368,40,453,165,618,538,1126
202104,RJ,329,795,27,301,75,376,331,618
202104,RN,99,220,2,67,30,97,99,178
202104,RO,89,227,9,57,19,76,98,243
202104,RR,24,56,2,17,4,21,26,40
202104,RS,361,890,33,314,80,394,353,712
202104,SC,634,1517,24,560,169,729,612,1270
202104,SE,35,84,3,17,8,25,40,67
202104,SP,292,650,16,254,48,302,246,525
202104,TO,43,111,4,32,11,43,43,103
202105,AC,20,53,0,16,7,23,25,39
202105,AL,49,108,10,29,15,44,38,98
202105,AM,9,25,1,6,3,9,11,13
202105,AP,17,51,2,23,4,27,15,28
202105,BA,303,750,42,255,96,351,250,611
202105,CE,130,334,16,88,43,131,147,258
202105,DF,85,196,5,64,18,82,100,166
202105,ES,246,592,12,174,113,287,216,481
202105,GO,272,656,16,205,81,286,262,525
202105,MA,97,269,17,67,37,104,103,202
202105,MG,692,1713,59,630,185,815,585,1397
202105,MS,127,301,14,98,34,132,113,251
202105,MT,205,550,17,180,60,240,203,497
202105,PA,80,220,19,62,32,94,76,172
202105,PB,126,307,5,92,40,132,129,236
202105,PE,207,506,25,161,56,217,190,410
202105,PI,98,211,13,56,32,88,70,192
202105,PR,589,1408,46,483,173,656,538,1162
202105,RJ,401,951,27,333,97,430,422,734
202105,RN,119,280,12,99,40,139,96,223
202105,RO,124,328,7,87,57,144,131,275
202105,RR,28,69,0,24,6,30,34,51
202105,RS,404,1025,36,355,80,435,430,811
202105,SC,676,1561,25,550,179,729,653,1314
202105,SE,52,113,2,42,16,58,40,96
202105,SP,390,871,19,297,62,359,372,729
202105,TO,49,131,8,29,26,55,41,116
202106,AC,27,64,3,22,16,38,22,40
202106,AL,41,102,6,29,17,46,43,70
202106,AM,11,25,0,10,5,15,6,18
202106,AP,15,35,1,18,5,23,11,27
202106,BA,285,724,47,252,77,329,256,568
202106,CE,121,287,17,72,38,110,117,244
202106,DF,83,187,2,58,14,72,100,151
202106,ES,206,480,14,151,81,232,172,406
202106,GO,272,711,23,214,76,290,308,551
202106,MA,102,311,19,116,28,144,104,228
202106,MG,681,1638,48,580,187,767,571,1358
202106,MS,119,266,10,93,29,122,93,223
202106,MT,166,419,8,136,39,175,162,389
202106,PA,66,182,14,50,19,69,60,148
202106,PB,95,223,10,76,27,103,79,182
202106,PE,172,428,24,125,49,174,156,367
202106,PI,85,192,7,58,26,84,78,170
202106,PR,612,1517,45,462,141,603,649,1318
202106,RJ,378,884,22,320,67,387,393,686
202106,RN,118,254,3,102,35,137,92,215
202106,RO,146,355,7,99,35,134,171,319
202106,RR,31,73,3,20,9,29,28,66
202106,RS,355,856,23,298,69,367,375,680
202106,SC,702,1602,39,557,163,720,670,1355
202106,SE,46,102,2,41,12,53,36,73
202106,SP,351,847,18,279,43,322,396,685
202106,TO,32,74,6,17,5,22,31,77
202107,AC,26,66,3,22,6,28,26,50
202107,AL,55,134,10,27,22,49,58,109
202107,AM,7,14,1,1,3,4,5,16
202107,AP,14,35,1,12,4,16,15,23
202107,BA,292,762,38,230,83,313,309,620
202107,CE,145,352,13,100,45,145,149,284
202107,DF,82,213,0,83,13,96,101,157
202107,ES,239,588,20,179,100,279,210,487
202107,GO,277,696,25,231,79,310,279,545
202107,MA,105,322,25,91,28,119,127,235
202107,MG,759,1897,74,699,211,910,649,1515
202107,MS,163,472,12,141,52,193,190,357
202107,MT,186,485,13,165,36,201,188,463
202107,PA,89,283,15,71,40,111,124,176
202107,PB,136,345,15,114,34,148,139,258
202107,PE,240,571,32,175,68,243,222,457
202107,PI,100,233,16,63,30,93,91,196
202107,PR,660,1674,48,522,185,707,704,1340
202107,RJ,414,960,30,361,68,429,421,769
202107,RN,115,271,9,103,35,138,104,211
202107,RO,122,333,13,111,32,143,133,282
202107,RR,26,68,1,26,2,28,33,45
202107,RS,416,1082,39,356,117,473,448,817
202107,SC,705,1655,34,558,188,746,702,1399
202107,SE,42,111,4,29,13,42,46,92
202107,SP,359,892,19,314,55,369,405,729
202107,TO,40,133,11,28,12,40,60,118
202108,AC,25,61,3,20,12,32,24,42
202108,AL,50,109,9,48,9,57,31,84
202108,AM,12,30,1,8,4,12,9,21
202108,AP,10,22,0,5,4,9,10,17
202108,BA,296,770,31,241,82,323,300,641
202108,CE,153,350,18,102,55,157,120,300
202108,DF,93,241,5,85,15,100,121,179
202108,ES,253,619,8,210,82,292,248,508
202108,GO,292,687,29,223,84,307,242,556
202108,MA,98,297,14,69,42,111,126,207
202108,MG,671,1698,71,563,199,762,608,1404
202108,MS,143,349,8,115,48,163,121,294
202108,MT,195,567,28,169,75,244,206,471
202108,PA,61,172,7,50,11,61,73,142
202108,PB,130,312,8,106,38,144,108,239
202108,PE,229,546,24,155,67,222,214,451
202108,PI,99,215,6,66,37,103,80,186
202108,PR,676,1612,57,498,200,698,636,1326
202108,RJ,402,989,29,372,65,437,442,715
202108,RN,124,274,7,98,37,135,103,226
202108,RO,125,331,3,116,50,166,128,266
202108,RR,21,50,2,13,1,14,26,45
202108,RS,363,858,24,292,65,357,383,700
202108,SC,622,1431,25,516,153,669,580,1205
202108,SE,43,112,2,32,16,48,54,82
202108,SP,388,932,24,333,72,405,388,769
202108,TO,50,135,10,35,17,52,48,105
202109,AC,21,52,0,20,13,33,17,32
202109,AL,46,108,2,34,24,58,30,81
202109,AM,9,32,0,12,1,13,16,16
202109,AP,18,48,0,23,9,32,9,31
202109,BA,230,684,41,231,93,324,238,507
202109,CE,124,282,11,84,34,118,102,251
202109,DF,83,202,2,65,15,80,112,148
202109,ES,180,419,12,145,63,208,142,358
202109,GO,286,725,33,279,94,373,244,522
202109,MA,114,324,23,93,49,142,108,239
202109,MG,718,1776,64,624,222,846,597,1444
202109,MS,154,402,13,125,47,172,163,326
202109,MT,194,531,22,161,59,220,204,464
202109,PA,83,236,8,67,30,97,100,182
202109,PB,111,265,3,90,37,127,103,196
202109,PE,260,678,36,179,82,261,290,482
202109,PI,106,230,9,60,43,103,82,199
202109,PR,624,1573,42,491,174,665,651,1260
202109,RJ,365,894,22,329,73,402,386,698
202109,RN,115,267,14,91,33,124,102,225
202109,RO,129,335,6,123,46,169,118,252
202109,RR,13,34,2,7,3,10,19,25
202109,RS,390,1004,22,339,84,423,443,726
202109,SC,635,1496,42,533,166,699,610,1228
202109,SE,44,105,3,27,23,50,44,75
202109,SP,355,852,26,301,48,349,367,673
202109,TO,34,114,8,24,7,31,61,77
202110,AC,19,39,1,12,6,18,12,31
202110,AL,50,119,9,39,15,54,31,97
202110,AM,5,16,0,13,2,15,0,7
202110,AP,14,33,0,20,2,22,8,22
202110,BA,294,835,46,270,108,378,292,602
202110,CE,141,371,18,121,71,192,119,277
202110,DF,83,233,0,79,16,95,128,139
202110,ES,185,458,11,164,72,236,152,366
202110,GO,291,763,36,252,86,338,280,578
202110,MA,95,246,17,60,34,94,102,200
202110,MG,816,2117,72,805,221,1026,717,1565
202110,MS,131,318,12,94,37,131,131,249
202110,MT,174,486,41,148,46,194,177,397
202110,PA,72,183,14,38,27,65,82,153
202110,PB,148,319,15,113,49,162,99,259
202110,PE,242,617,23,188,86,274,218,482
202110,PI,115,303,15,108,61,169,76,213
202110,PR,662,1614,47,495,181,676,679,1258
202110,RJ,384,882,24,325,70,395,369,669
202110,RN,119,284,7,93,35,128,116,238
202110,RO,129,312,4,105,36,141,134,259
202110,RR,23,71,6,19,6,25,36,47
202110,RS,399,979,28,301,88,389,448,765
202110,SC,663,1554,24,559,143,702,663,1278
202110,SE,40,114,7,31,17,48,49,81
202110,SP,434,1100,24,405,69,474,466,849
202110,TO,49,146,9,41,21,62,51,116
202111,AC,19,45,5,13,11,24,15,31
202111,AL,49,119,11,32,36,68,29,80
202111,AM,3,9,2,1,3,4,2,8
202111,AP,19,40,0,8,7,15,23,29
202111,BA,249,771,44,246,85,331,304,524
202111,CE,133,310,14,87,52,139,105,258
202111,DF,83,193,5,75,11,86,82,150
202111,ES,199,491,11,168,93,261,169,379
202111,GO,236,625,23,195,72,267,264,448
202111,MA,96,284,15,54,40,94,128,214
202111,MG,630,1564,47,553,186,739,557,1233
202111,MS,136,352,14,119,41,160,120,280
202111,MT,172,529,16,149,57,206,233,408
202111,PA,64,183,15,48,31,79,69,136
202111,PB,104,254,8,87,36,123,100,195
202111,PE,201,528,27,163,88,251,183,388
202111,PI,87,217,11,63,39,102,68,174
202111,PR,567,1402,48,456,140,596,558,1139
202111,RJ,387,938,23,328,53,381,454,731
202111,RN,114,280,10,93,30,123,122,222
202111,RO,116,326,11,116,30,146,146,227
202111,RR,18,79,4,7,9,16,52,35
202111,RS,372,910,18,316,89,405,381,687
202111,SC,630,1498,22,563,159,722,609,1253
202111,SE,35,80,1,28,11,39,28,66
202111,SP,345,825,18,298,53,351,364,671
202111,TO,34,96,4,27,13,40,34,84
202112,AC,24,50,0,15,12,27,23,35
202112,AL,48,123,4,30,18,48,52,93
202112,AM,5,12,0,0,1,1,5,12
202112,AP,12,30,2,5,7,12,13,20
202112,BA,287,915,48,310,99,409,305,561
202112,CE,134,345,17,115,40,155,131,274
202112,DF,82,211,6,63,16,79,111,157
202112,ES,190,533,16,158,81,239,222,380
202112,GO,281,853,33,267,76,343,385,527
202112,MA,91,217,18,59,35,94,72,180
202112,MG,775,2100,75,800,236,1036,744,1482
202112,MS,159,417,23,128,58,186,146,311
202112,MT,155,383,9,140,39,179,137,341
202112,PA,70,206,21,79,24,103,64,136
202112,PB,130,311,8,99,50,149,108,232
202112,PE,236,585,25,191,95,286,191,437
202112,PI,99,284,17,81,28,109,113,181
202112,PR,718,1824,55,590,179,769,790,1402
202112,RJ,394,1026,34,372,78,450,462,721
202112,RN,128,295,16,94,41,135,108,244
202112,RO,118,343,13,125,38,163,123,248
202112,RR,30,80,4,17,14,31,37,58
202112,RS,423,1097,28,427,96,523,426,792
202112,SC,761,1937,43,668,195,863,837,1506
202112,SE,40,102,7,31,9,40,37,70
202112,SP,410,951,18,344,61,405,418,757
202112,TO,47,151,5,40,14,54,74,97
202201,AC,19,55,0,22,8,30,22,37
202201,AL,46,140,5,44,27,71,48,85
202201,AM,6,17,0,7,0,7,8,9
202201,AP,14,39,0,22,3,25,10,24
202201,BA,272,792,46,234,91,325,317,563
202201,CE,114,300,17,104,41,145,106,238
202201,DF,51,124,5,46,9,55,54,95
202201,ES,187,455,9,157,82,239,158,352
202201,GO,263,802,38,270,64,334,349,505
202201,MA,80,276,11,74,40,114,117,168
202201,MG,710,1954,55,744,235,979,700,1290
202201,MS,145,358,19,106,33,139,140,267
202201,MT,166,429,21,148,38,186,149,391
202201,PA,54,140,14,32,19,51,58,108
202201,PB,128,300,15,105,38,143,93,232
202201,PE,210,519,32,139,91,230,190,404
202201,PI,86,231,12,78,37,115,66,174
202201,PR,553,1387,57,447,155,602,547,1095
202201,RJ,320,798,16,280,78,358,359,575
202201,RN,83,197,9,78,18,96,81,155
202201,RO,104,266,2,69,22,91,140,213
202201,RR,23,59,3,16,8,24,25,42
202201,RS,366,936,24,341,75,416,402,679
202201,SC,636,1641,22,616,173,789,696,1266
202201,SE,44,141,5,39,18,57,62,94
202201,SP,330,830,14,324,51,375,338,622
202201,TO,39,97,2,30,7,37,37,90
202202,AC,27,73,0,23,8,31,36,48
202202,AL,40,105,4,34,21,55,31,71
202202,AM,4,10,0,5,2,7,2,7
202202,AP,13,43,3,14,5,19,21,27
202202,BA,249,662,35,203,62,265,263,515
202202,CE,128,305,8,119,40,159,109,247
202202,DF,57,132,2,54,4,58,57,105
202202,ES,178,423,10,156,58,214,163,334
202202,GO,234,589,23,199,61,260,223,464
202202,MA,68,194,15,38,15,53,97,141
202202,MG,588,1455,58,506,167,673,515,1142
202202,MS,106,254,10,80,41,121,88,206
202202,MT,170,455,20,141,56,197,158,403
202202,PA,74,197,9,49,34,83,74,170
202202,PB,108,250,6,94,33,127,79,194
202202,PE,187,444,26,140,53,193,166,356
202202,PI,77,187,10,55,31,86,68,143
202202,PR,549,1364,36,438,139,577,544,1123
202202,RJ,327,790,24,280,76,356,333,613
202202,RN,97,213,4,65,34,99,94,175
202202,RO,139,351,5,98,32,130,169,319
202202,RR,20,51,1,17,4,21,24,35
202202,RS,401,1065,33,362,93,455,448,754
202202,SC,625,1478,27,552,165,717,593,1193
202202,SE,38,96,4,35,13,48,33,78
202202,SP,310,775,19,249,66,315,352,605
202202,TO,55,198,5,64,22,86,86,118
202203,AC,19,57,2,24,3,27,26,39
202203,AL,51,115,6,39,8,47,43,93
202203,AM,8,25,1,8,1,9,8,14
202203,AP,18,41,4,10,7,17,20,30
202203,BA,269,813,63,274,108,382,256,570
202203,CE,113,263,17,84,36,120,95,221
202203,DF,76,179,3,47,18,65,99,141
202203,ES,204,517,12,200,88,288,153,403
202203,GO,215,574,16,176,66,242,250,416
202203,MA,78,199,15,44,33,77,70,163
202203,MG,628,1597,51,540,202,742,597,1187
202203,MS,152,397,17,109,42,151,154,307
202203,MT,173,459,11,143,31,174,188,430
202203,PA,56,161,9,54,19,73,57,118
202203,PB,138,311,9,108,34,142,118,240
202203,PE,217,505,19,156,63,219,197,419
202203,PI,101,239,9,60,31,91,103,189
202203,PR,586,1468,38,515,143,658,555,1202
202203,RJ,390,983,28,354,89,443,412,737
202203,RN,91,210,8,74,33,107,72,176
202203,RO,111,257,5,74,22,96,129,232
202203,RR,19,42,2,16,3,19,18,31
202203,RS,394,1077,32,362,102,464,444,787
202203,SC,623,1483,31,548,157,705,596,1217
202203,SE,48,109,3,39,18,57,36,76
202203,SP,355,882,19,311,63,374,389,672
202203,TO,42,103,9,24,9,33,41,87
202204,AC,13,36,0,12,5,17,16,27
202204,AL,45,97,1,34,11,45,38,77
202204,AM,7,19,3,4,1,5,8,13
202204,AP,14,33,1,18,6,24,4,22
202204,BA,284,788,39,252,89,341,305,613
202204,CE,118,307,7,93,32,125,135,245
202204,DF,81,198,2,62,15,77,107,154
202204,ES,211,529,9,189,78,267,197,407
202204,GO,255,669,22,200,88,288,289,475
202204,MA,86,263,12,67,29,96,118,208
202204,MG,652,1626,52,553,199,752,575,1261
202204,MS,137,387,16,96,52,148,164,293
202204,MT,175,447,20,151,41,192,173,426
202204,PA,62,194,8,69,21,90,66,133
202204,PB,85,228,7,55,36,91,99,152
202204,PE,221,530,15,161,68,229,216,409
202204,PI,87,238,11,95,42,137,58,160
202204,PR,647,1581,43,487,176,663,651,1270
202204,RJ,360,857,19,318,103,421,338,646
202204,RN,100,213,7,78,25,103,78,179
202204,RO,113,271,7,79,36,115,117,237
202204,RR,29,82,3,19,11,30,42,58
202204,RS,455,1203,25,390,99,489,559,876
202204,SC,636,1566,30,581,177,758,620,1231
202204,SE,42,100,2,33,19,52,37,74
202204,SP,385,913,19,327,59,386,408,732
202204,TO,39,88,13,19,8,27,29,87
202205,AC,9,23,1,8,2,10,12,19
202205,AL,48,92,2,38,13,51,28,70
202205,AM,15,45,1,4,2,6,27,30
202205,AP,12,28,1,9,2,11,15,18
202205,BA,266,696,39,200,76,276,278,570
202205,CE,114,287,14,102,39,141,93,228
202205,DF,73,163,3,68,10,78,67,133
202205,ES,207,538,24,197,62,259,188,431
202205,GO,263,660,17,224,96,320,231,515
202205,MA,83,251,9,56,33,89,115,187
202205,MG,688,1719,76,618,227,845,540,1337
202205,MS,129,361,11,102,43,145,149,285
202205,MT,175,615,39,203,56,259,241,415
202205,PA,64,208,22,50,24,74,76,160
202205,PB,129,332,11,117,39,156,125,249
202205,PE,218,531,30,168,79,247,175,409
202205,PI,89,223,10,64,44,108,77,188
202205,PR,630,1572,44,495,165,660,640,1310
202205,RJ,376,871,17,314,82,396,370,689
202205,RN,108,241,12,93,25,118,88,202
202205,RO,130,341,12,99,39,138,161,279
202205,RR,28,77,4,32,7,39,26,49
202205,RS,431,1014,20,340,85,425,460,777
202205,SC,655,1518,39,485,153,638,684,1288
202205,SE,49,123,4,40,23,63,43,89
202205,SP,374,898,25,325,56,381,360,756
202205,TO,36,94,4,27,11,38,33,80
202206,AC,22,40,1,14,14,28,10,33
202206,AL,44,93,5,31,10,41,38,71
202206,AM,10,23,2,5,5,10,3,17
202206,AP,8,24,0,6,3,9,12,12
202206,BA,288,740,48,262,96,358,236,581
202206,CE,123,290,11,89,56,145,97,236
202206,DF,80,178,1,67,15,82,83,149
202206,ES,186,457,15,153,74,227,162,372
202206,GO,225,521,20,159,74,233,173,426
202206,MA,87,233,18,62,35,97,82,186
202206,MG,632,1552,55,532,176,708,568,1222
202206,MS,125,314,9,92,29,121,129,257
202206,MT,183,472,22,136,37,173,179,496
202206,PA,60,162,18,36,15,51,59,137
202206,PB,113,275,5,81,35,116,117,214
202206,PE,233,605,26,157,71,228,268,453
202206,PI,80,174,9,56,19,75,70,146
202206,PR,625,1537,45,472,192,664,590,1304
202206,RJ,386,944,12,353,69,422,433,696
202206,RN,96,229,6,96,20,116,84,182
202206,RO,104,310,9,81,36,117,111,203
202206,RR,30,76,1,23,5,28,39,58
202206,RS,365,942,23,275,89,364,462,688
202206,SC,583,1306,21,430,156,586,554,1118
202206,SE,43,114,2,29,12,41,60,83
202206,SP,341,853,15,293,52,345,386,651
202206,TO,43,133,6,40,23,63,47,104
202207,AC,23,61,7,21,6,27,18,34
202207,AL,52,114,2,41,21,62,37,86
202207,AM,11,23,2,4,5,9,7,20
202207,AP,14,37,0,14,5,19,13,25
202207,BA,314,960,48,293,106,399,417,655
202207,CE,93,226,12,86,20,106,81,184
202207,DF,104,255,1,89,16,105,135,202
202207,ES,202,512,12,168,66,234,205,430
202207,GO,325,906,29,272,82,354,420,639
202207,MA,92,287,16,76,47,123,94,219
202207,MG,739,2073,65,698,185,883,840,1490
202207,MS,123,356,17,101,41,142,142,279
202207,MT,212,584,34,166,70,236,212,540
202207,PA,84,292,19,78,38,116,114,215
202207,PB,114,254,13,88,39,127,83,198
202207,PE,205,491,22,171,65,236,177,374
202207,PI,86,207,9,59,26,85,83,190
202207,PR,664,1765,50,497,171,668,797,1417
202207,RJ,381,887,20,342,89,431,372,674
202207,RN,121,290,8,115,36,151,109,226
202207,RO,130,321,9,115,32,147,131,262
202207,RR,14,39,4,8,5,13,18,25
202207,RS,417,1093,44,323,101,424,493,797
202207,SC,662,1565,26,514,186,700,656,1316
202207,SE,51,153,1,29,32,61,75,99
202207,SP,358,901,12,303,67,370,402,712
202207,TO,68,307,12,89,26,115,146,154
202208,AC,14,40,0,7,12,19,18,28
202208,AL,65,152,7,54,18,72,49,118
202208,AM,14,35,3,11,2,13,14,28
202208,AP,16,52,2,8,6,14,32,30
202208,BA,291,775,55,238,98,336,272,605
202208,CE,111,283,16,72,32,104,123,217
202208,DF,84,219,6,62,16,78,124,155
202208,ES,201,484,17,168,70,238,165,408
202208,GO,281,736,31,277,83,360,235,524
202208,MA,98,327,23,86,40,126,136,248
202208,MG,683,1755,59,607,203,810,624,1368
202208,MS,147,412,15,107,53,160,183,298
202208,MT,202,556,11,167,50,217,237,516
202208,PA,75,216,9,53,28,81,89,199
202208,PB,130,293,4,101,44,145,112,225
202208,PE,239,594,28,201,76,277,207,471
202208,PI,114,290,19,99,48,147,86,226
202208,PR,644,1631,54,511,162,673,673,1333
202208,RJ,434,1104,23,424,89,513,475,781
202208,RN,141,342,6,120,50,170,131,281
202208,RO,100,253,5,91,25,116,99,207
202208,RR,11,26,2,8,3,11,5,24
202208,RS,444,1165,26,370,113,483,519,878
202208,SC,595,1479,38,486,183,669,607,1193
202208,SE,49,107,5,35,23,58,37,79
202208,SP,375,945,16,345,66,411,406,730
202208,TO,52,158,6,37,13,50,76,128
202209,AC,26,57,3,21,9,30,19,48
202209,AL,46,103,3,32,16,48,42,87
202209,AM,11,55,6,23,4,27,15,33
202209,AP,20,56,1,13,11,24,25,39
202209,BA,319,823,40,245,92,337,346,644
202209,CE,100,231,6,85,34,119,80,197
202209,DF,95,242,8,81,24,105,115,174
202209,ES,169,419,10,144,54,198,155,332
202209,GO,268,656,22,231,81,312,232,513
202209,MA,109,296,20,74,37,111,118,248
202209,MG,731,1986,58,699,258,957,701,1451
202209,MS,129,310,11,93,36,129,118,243
202209,MT,200,584,33,156,71,227,235,528
202209,PA,82,241,31,60,33,93,75,185
202209,PB,128,300,14,99,53,152,99,226
202209,PE,245,606,19,185,84,269,235,487
202209,PI,98,228,11,69,34,103,77,190
202209,PR,621,1591,62,499,157,656,669,1225
202209,RJ,444,1068,31,425,89,514,419,776
202209,RN,113,286,7,95,37,132,120,230
202209,RO,120,359,11,111,28,139,176,253
202209,RR,12,26,0,8,5,13,9,18
202209,RS,378,946,23,308,69,377,434,710
202209,SC,596,1499,36,467,178,645,643,1219
202209,SE,38,80,5,16,13,29,34,74
202209,SP,380,1004,19,319,78,397,468,763
202209,TO,54,136,8,34,18,52,59,113
202210,AC,16,31,0,18,3,21,7,27
202210,AL,52,115,4,36,24,60,34,82
202210,AM,7,23,0,8,2,10,12,12
202210,AP,16,34,3,8,3,11,11,26
202210,BA,347,901,42,301,100,401,318,671
202210,CE,121,282,14,83,29,112,122,246
202210,DF,79,194,5,73,14,87,86,144
202210,ES,185,495,10,188,55,243,187,370
202210,GO,262,649,24,214,53,267,255,502
202210,MA,103,288,20,63,43,106,122,251
202210,MG,789,2126,66,826,264,1090,711,1545
202210,MS,152,436,18,139,45,184,169,311
202210,MT,184,558,27,148,50,198,253,447
202210,PA,56,161,10,35,28,63,54,157
202210,PB,151,389,16,108,48,156,183,272
202210,PE,285,704,30,193,119,312,280,555
202210,PI,112,275,13,63,48,111,115,231
202210,PR,643,1627,47,531,162,693,669,1294
202210,RJ,433,1030,27,404,93,497,415,768
202210,RN,117,259,11,93,40,133,105,219
202210,RO,126,319,12,108,28,136,145,252
202210,RR,13,46,0,23,6,29,12,26
202210,RS,436,1233,37,386,121,507,560,862
202210,SC,634,1532,28,541,185,726,620,1235
202210,SE,37,102,6,24,18,42,41,78
202210,SP,385,904,19,330,52,382,394,725
202210,TO,51,133,7,44,17,61,45,107
202211,AC,16,42,2,14,7,21,16,29
202211,AL,46,119,4,29,24,53,48,91
202211,AM,10,29,1,10,2,12,10,26
202211,AP,19,46,3,15,8,23,16,35
202211,BA,264,720,29,250,87,337,255,534
202211,CE,105,237,9,78,40,118,89,196
202211,DF,67,168,2,70,8,78,80,129
202211,ES,181,460,19,149,78,227,142,380
202211,GO,217,574,19,183,56,239,251,416
202211,MA,79,216,23,60,48,108,61,156
202211,MG,677,1775,48,673,217,890,607,1303
202211,MS,142,333,12,89,43,132,134,299
202211,MT,143,403,10,141,36,177,151,342
202211,PA,66,187,17,40,28,68,62,151
202211,PB,118,276,12,113,21,134,91,216
202211,PE,224,549,24,157,69,226,205,426
202211,PI,87,216,10,65,38,103,66,176
202211,PR,620,1641,59,528,167,695,688,1240
202211,RJ,391,931,18,354,71,425,407,702
202211,RN,103,224,6,94,34,128,74,173
202211,RO,88,209,4,58,26,84,91,182
202211,RR,13,33,1,11,4,15,14,24
202211,RS,398,1040,24,362,74,436,480,764
202211,SC,684,1638,24,585,178,763,667,1349
202211,SE,42,107,6,28,13,41,43,86
202211,SP,397,1003,26,362,62,424,439,792
202211,TO,32,102,7,32,16,48,31,74
202212,AC,20,52,2,20,10,30,13,35
202212,AL,60,148,11,40,18,58,47,110
202212,AM,11,36,0,14,4,18,14,27
202212,AP,16,47,2,14,10,24,16,30
202212,BA,286,775,45,226,101,327,297,597
202212,CE,133,330,17,129,46,175,109,242
202212,DF,75,161,6,58,15,73,70,132
202212,ES,169,416,7,151,68,219,146,321
202212,GO,304,828,30,273,80,353,360,554
202212,MA,121,321,29,90,40,130,119,249
202212,MG,778,2205,58,840,197,1037,863,1423
202212,MS,152,424,12,129,42,171,181,316
202212,MT,196,521,15,157,54,211,203,465
202212,PA,101,328,17,92,61,153,106,239
202212,PB,134,337,17,104,54,158,124,232
202212,PE,265,719,34,274,78,352,249,500
202212,PI,98,267,14,66,40,106,123,200
202212,PR,611,1685,36,530,162,692,749,1260
202212,RJ,466,1129,23,428,80,508,495,867
202212,RN,118,275,10,85,45,130,100,218
202212,RO,115,291,5,99,28,127,133,208
202212,RR,17,40,3,15,11,26,7,33
202212,RS,446,1182,23,405,102,507,533,828
202212,SC,664,1630,28,585,161,746,694,1312
202212,SE,30,95,4,26,17,43,32,72
202212,SP,395,1102,20,365,69,434,527,792
202212,TO,57,157,2,57,21,78,56,119
202301,AC,14,30,0,15,2,17,10,23
202301,AL,48,146,7,35,27,62,62,92
202301,AM,7,25,2,9,0,9,12,15
202301,AP,13,34,0,11,4,15,11,24
202301,BA,291,897,38,318,108,426,356,579
202301,CE,100,249,11,87,26,113,90,207
202301,DF,62,157,3,47,9,56,87,108
202301,ES,184,493,23,166,67,233,180,374
202301,GO,256,751,19,268,74,342,308,493
202301,MA,79,245,18,80,23,103,100,169
202301,MG,734,2084,56,755,249,1004,781,1390
202301,MS,126,340,15,109,37,146,115,262
202301,MT,160,516,24,183,43,226,202,369
202301,PA,54,159,11,45,19,64,56,120
202301,PB,120,311,11,118,42,160,113,211
202301,PE,236,602,14,209,79,288,227,449
202301,PI,94,234,15,71,41,112,79,167
202301,PR,553,1674,59,509,180,689,754,1156
202301,RJ,424,1140,23,443,95,538,489,791
202301,RN,104,251,7,93,49,142,84,194
202301,RO,113,319,9,94,40,134,143,245
202301,RR,11,26,1,5,5,10,9,24
202301,RS,384,1083,28,335,105,440,509,741
202301,SC,653,1652,30,532,197,729,739,1341
202301,SE,39,106,3,29,15,44,52,64
202301,SP,348,851,20,334,55,389,354,655
202301,TO,47,143,2,47,16,63,58,92
202302,AC,12,28,0,8,3,11,13,23
202302,AL,39,106,4,38,14,52,40,70
202302,AM,13,39,0,2,6,8,26,25
202302,AP,9,20,1,7,1,8,8,16
202302,BA,256,771,37,273,84,357,295,502
202302,CE,100,240,10,90,33,123,83,187
202302,DF,67,170,3,74,8,82,76,124
202302,ES,182,466,9,161,63,224,187,356
202302,GO,234,584,14,194,68,262,239,430
202302,MA,73,178,12,40,28,68,63,146
202302,MG,594,1545,35,546,165,711,574,1174
202302,MS,119,275,9,88,29,117,103,212
202302,MT,161,445,12,142,36,178,187,406
202302,PA,73,198,7,50,27,77,74,181
202302,PB,112,304,15,83,44,127,126,214
202302,PE,214,511,19,195,56,251,172,402
202302,PI,82,196,12,52,29,81,78,156
202302,PR,519,1414,31,473,125,598,613,1043
202302,RJ,396,979,18,395,73,468,420,750
202302,RN,100,235,6,104,32,136,75,174
202302,RO,85,230,4,69,30,99,99,191
202302,RR,7,21,3,5,3,8,5,11
202302,RS,331,891,26,310,73,383,402,626
202302,SC,555,1421,24,494,123,617,645,1056
202302,SE,28,73,0,35,7,42,24,52
202302,SP,339,848,16,314,52,366,369,638
202302,TO,51,151,7,43,18,61,70,97
202303,AC,12,30,1,13,2,15,14,22
202303,AL,48,111,6,30,25,55,23,85
202303,AM,6,13,0,3,3,6,6,11
202303,AP,13,36,1,7,3,10,23,25
202303,BA,287,796,38,233,97,330,309,620
202303,CE,114,290,14,78,35,113,123,231
202303,DF,81,202,6,68,13,81,97,159
202303,ES,180,430,21,140,55,195,151,352
202303,GO,243,593,18,195,70,265,213,487
202303,MA,83,212,19,43,31,74,82,191
202303,MG,728,1951,64,687,255,942,719,1440
202303,MS,146,376,15,116,64,180,125,280
202303,MT,177,528,24,149,42,191,214,471
202303,PA,78,234,11,45,26,71,107,206
202303,PB,94,217,12,69,41,110,64,169
202303,PE,248,606,25,205,94,299,206,475
202303,PI,101,228,12,69,27,96,92,183
202303,PR,556,1425,37,468,129,597,573,1151
202303,RJ,452,1029,29,428,76,504,412,794
202303,RN,128,323,8,110,44,154,133,256
202303,RO,129,334,6,97,33,130,165,257
202303,RR,13,47,4,18,3,21,19,24
202303,RS,496,1212,38,408,88,496,526,938
202303,SC,670,1575,28,556,166,722,644,1339
202303,SE,50,110,1,50,10,60,34,88
202303,SP,410,1020,21,414,77,491,384,820
202303,TO,53,146,5,41,20,61,51,127
202304,AC,16,39,1,20,4,24,11,29
202304,AL,58,122,5,39,21,60,43,98
202304,AM,4,8,0,2,1,3,3,6
202304,AP,11,29,0,14,1,15,13,24
202304,BA,299,847,34,272,80,352,366,615
202304,CE,113,278,9,83,42,125,109,226
202304,DF,77,182,4,67,14,81,79,148
202304,ES,171,431,13,149,40,189,169,351
202304,GO,243,577,11,196,62,258,236,449
202304,MA,88,228,11,66,38,104,78,185
202304,MG,742,1990,54,733,193,926,760,1382
202304,MS,137,343,15,101,39,140,137,296
202304,MT,177,450,25,134,35,169,167,455
202304,PA,77,193,18,46,18,64,68,198
202304,PB,142,323,6,113,44,157,129,243
202304,PE,252,623,19,225,97,322,211,470
202304,PI,83,214,9,50,34,84,93,156
202304,PR,608,1651,43,455,166,621,789,1207
202304,RJ,476,1148,22,465,69,534,497,865
202304,RN,117,286,11,90,30,120,132,226
202304,RO,105,294,6,94,28,122,138,231
202304,RR,16,47,0,16,4,20,23,27
202304,RS,436,1190,28,331,108,439,595,857
202304,SC,664,1690,31,609,170,779,735,1318
202304,SE,52,119,10,42,20,62,32,87
202304,SP,404,1004,16,397,71,468,421,750
202304,TO,35,86,2,13,23,36,34,75
202305,AC,23,60,0,22,7,29,25,40
202305,AL,55,136,6,35,26,61,53,103
202305,AM,10,51,0,23,6,29,13,22
202305,AP,10,23,1,10,4,14,8,15
202305,BA,296,781,47,279,97,376,263,599
202305,CE,116,342,10,130,42,172,123,244
202305,DF,94,240,8,95,19,114,101,185
202305,ES,194,453,9,153,75,228,169,384
202305,GO,247,592,21,217,71,288,216,477
202305,MA,106,287,17,75,51,126,108,207
202305,MG,718,1971,53,694,225,919,749,1402
202305,MS,136,374,15,116,43,159,155,276
202305,MT,209,545,23,154,56,210,215,510
202305,PA,71,242,21,80,34,114,71,154
202305,PB,128,285,16,99,42,141,102,230
202305,PE,227,527,32,165,76,241,188,427
202305,PI,91,208,5,67,33,100,71,172
202305,PR,597,1679,35,462,164,626,785,1276
202305,RJ,448,1013,26,400,78,478,426,808
202305,RN,103,218,4,74,27,101,95,180
202305,RO,139,366,14,119,51,170,144,321
202305,RR,19,52,4,28,8,36,8,26
202305,RS,433,1123,35,387,109,496,478,823
202305,SC,662,1660,34,536,192,728,736,1327
202305,SE,44,88,2,32,7,39,34,80
202305,SP,408,1078,29,379,71,450,489,822
202305,TO,54,137,8,38,15,53,57,124
202306,AC,20,52,1,24,6,30,18,35
202306,AL,59,134,5,35,19,54,57,98
202306,AM,7,21,2,4,3,7,10,16
202306,AP,12,26,2,10,1,11,9,21
202306,BA,331,948,61,308,89,397,376,677
202306,CE,99,266,13,82,42,124,103,201
202306,DF,83,222,5,68,14,82,123,157
202306,ES,180,452,13,169,64,233,149,353
202306,GO,261,699,33,215,75,290,295,516
202306,MA,106,276,22,59,36,95,115,239
202306,MG,739,2083,80,675,213,888,862,1485
202306,MS,150,406,21,136,42,178,145,310
202306,MT,195,558,24,190,57,247,197,493
202306,PA,72,217,21,48,38,86,74,184
202306,PB,155,342,7,113,48,161,129,259
202306,PE,269,660,29,197,76,273,268,524
202306,PI,112,267,16,74,45,119,106,214
202306,PR,641,1707,57,523,178,701,730,1299
202306,RJ,419,1107,28,364,106,470,508,800
202306,RN,104,251,6,93,32,125,92,203
202306,RO,125,323,9,91,36,127,148,291
202306,RR,13,40,0,18,10,28,11,21
202306,RS,458,1137,24,361,106,467,513,889
202306,SC,646,1603,30,549,159,708,695,1272
202306,SE,47,121,6,41,14,55,50,84
202306,SP,375,921,20,336,67,403,394,737
202306,TO,57,183,8,57,35,92,59,128
202307,AC,23,62,6,28,4,32,18,47
202307,AL,52,114,7,35,15,50,43,88
202307,AM,17,41,1,16,3,19,13,31
202307,AP,9,21,2,4,2,6,10,20
202307,BA,343,916,66,316,105,421,323,658
202307,CE,110,271,14,84,37,121,107,217
202307,DF,100,270,5,88,29,117,128,192
202307,ES,210,526,10,196,62,258,204,431
202307,GO,292,987,40,265,94,359,477,626
202307,MA,111,312,27,83,47,130,115,231
202307,MG,814,2313,64,898,261,1159,809,1680
202307,MS,182,544,25,135,49,184,257,428
202307,MT,194,555,31,160,53,213,218,504
202307,PA,87,244,27,55,30,85,85,214
202307,PB,131,327,10,116,62,178,101,238
202307,PE,232,596,28,185,71,256,237,458
202307,PI,139,368,17,97,58,155,169,254
202307,PR,593,1629,53,465,179,644,720,1234
202307,RJ,483,1175,36,461,85,546,509,886
202307,RN,105,247,12,84,27,111,106,197
202307,RO,130,361,8,86,40,126,191,277
202307,RR,8,23,3,6,0,6,13,14
202307,RS,408,1087,19,368,87,455,494,771
202307,SC,666,1675,27,551,158,709,746,1356
202307,SE,40,86,2,41,4,45,29,68
202307,SP,428,1118,14,392,68,460,533,882
202307,TO,59,251,5,61,17,78,146,133
202308,AC,25,70,7,17,13,30,29,46
202308,AL,40,101,3,42,15,57,27,78
202308,AM,8,26,1,5,4,9,12,19
202308,AP,17,37,2,13,6,19,12,32
202308,BA,304,806,43,263,87,350,300,654
202308,CE,141,388,9,108,45,153,177,291
202308,DF,84,207,5,68,28,96,94,156
202308,ES,183,439,16,146,69,215,165,361
202308,GO,254,613,23,222,43,265,249,481
202308,MA,104,308,28,80,51,131,96,242
202308,MG,745,1994,70,694,234,928,724,1466
202308,MS,148,396,9,110,45,155,178,311
202308,MT,196,520,20,135,48,183,217,519
202308,PA,67,172,10,48,24,72,60,149
202308,PB,123,302,7,102,39,141,113,228
202308,PE,240,580,26,181,78,259,218,467
202308,PI,106,251,10,74,37,111,94,212
202308,PR,604,1603,56,490,158,648,660,1339
202308,RJ,480,1152,31,452,92,544,492,838
202308,RN,103,245,7,104,37,141,75,191
202308,RO,139,366,13,119,46,165,154,293
202308,RR,8,20,1,6,1,7,11,14
202308,RS,388,1011,24,334,98,432,436,767
202308,SC,608,1470,44,496,162,658,601,1225
202308,SE,39,86,1,25,17,42,35,66
202308,SP,398,971,15,344,66,410,433,798
202308,TO,61,150,7,42,18,60,58,127
202309,AC,21,46,2,17,8,25,15,38
202309,AL,56,138,4,46,16,62,52,99
202309,AM,8,57,1,5,6,11,41,12
202309,AP,10,25,0,11,7,18,4,20
202309,BA,339,904,46,287,106,393,324,715
202309,CE,100,262,6,86,36,122,106,223
202309,DF,92,250,4,78,15,93,139,167
202309,ES,193,482,16,178,68,246,163,383
202309,GO,280,840,38,261,95,356,343,575
202309,MA,97,272,15,76,56,132,86,219
202309,MG,731,1952,56,708,236,944,676,1473
202309,MS,154,422,13,149,37,186,157,340
202309,MT,215,513,19,138,51,189,206,541
202309,PA,77,208,22,49,35,84,58,194
202309,PB,122,289,13,89,36,125,112,225
202309,PE,257,637,15,207,97,304,220,504
202309,PI,105,215,7,67,30,97,80,183
202309,PR,598,1745,41,520,157,677,742,1415
202309,RJ,470,1127,16,472,77,549,486,868
202309,RN,119,298,4,116,47,163,111,225
202309,RO,100,251,6,71,29,100,111,206
202309,RR,8,28,1,8,4,12,12,18
202309,RS,382,1000,16,336,66,402,462,735
202309,SC,663,1633,32,547,154,701,714,1297
202309,SE,42,104,2,28,9,37,47,93
202309,SP,371,887,19,330,55,385,381,716
202309,TO,54,142,5,33,26,59,45,123
202310,AC,19,40,0,10,4,14,22,37
202310,AL,48,111,5,31,19,50,41,93
202310,AM,11,27,1,5,4,9,15,22
202310,AP,10,46,1,35,2,37,6,15
202310,BA,324,894,56,274,144,418,284,728
202310,CE,131,318,16,94,52,146,114,255
202310,DF,71,198,6,69,21,90,85,130
202310,ES,180,436,10,151,59,210,155,352
202310,GO,266,688,23,240,74,314,259,545
202310,MA,94,247,19,49,39,88,96,224
202310,MG,834,2213,73,881,253,1134,695,1624
202310,MS,138,357,13,99,53,152,142,273
202310,MT,224,601,30,181,69,250,219,571
202310,PA,69,195,17,43,34,77,60,154
202310,PB,133,334,15,105,31,136,153,235
202310,PE,244,653,24,206,88,294,258,509
202310,PI,121,279,14,102,35,137,96,220
202310,PR,601,1699,51,521,171,692,715,1239
202310,RJ,460,1102,29,443,79,522,445,828
202310,RN,116,299,13,107,34,141,109,218
202310,RO,103,254,4,91,24,115,96,215
202310,RR,16,47,6,17,2,19,17,28
202310,RS,409,1143,15,415,91,506,494,803
202310,SC,609,1397,33,473,136,609,582,1156
202310,SE,49,122,4,40,13,53,48,94
202310,SP,405,1032,20,363,77,440,441,832
202310,TO,55,132,6,44,21,65,46,106
202311,AC,21,49,5,16,7,23,16,38
202311,AL,50,133,2,37,16,53,58,102
202311,AM,9,30,2,9,2,11,9,20
202311,AP,13,30,0,13,4,17,12,23
202311,BA,307,849,45,257,100,357,355,596
202311,CE,125,342,11,122,46,168,125,268
202311,DF,76,192,3,63,12,75,103,141
202311,ES,189,434,8,147,72,219,146,382
202311,GO,266,628,21,204,62,266,246,477
202311,MA,110,298,29,68,51,119,109,253
202311,MG,723,1962,56,758,230,988,692,1419
202311,MS,140,375,11,104,51,155,149,293
202311,MT,180,443,22,133,54,187,148,431
202311,PA,94,239,15,65,37,102,84,204
202311,PB,144,335,10,121,51,172,123,263
202311,PE,250,699,17,212,107,319,283,505
202311,PI,103,231,11,73,46,119,76,188
202311,PR,563,1444,50,445,145,590,599,1157
202311,RJ,477,1194,24,487,104,591,478,901
202311,RN,140,342,14,118,40,158,129,285
202311,RO,106,255,11,74,34,108,109,219
202311,RR,9,24,0,2,5,7,12,16
202311,RS,378,955,17,330,81,411,414,701
202311,SC,632,1550,26,600,141,741,605,1239
202311,SE,45,124,3,43,27,70,31,91
202311,SP,398,1051,20,371,76,447,471,807
202311,TO,44,124,5,23,19,42,56,110
202312,AC,19,50,1,18,5,23,22,34
202312,AL,67,173,10,52,26,78,65,117
202312,AM,5,17,1,6,1,7,5,9
202312,AP,17,37,2,16,6,22,11,28
202312,BA,378,1183,53,369,144,513,515,804
202312,CE,114,303,14,90,35,125,126,243
202312,DF,90,294,5,81,20,101,172,178
202312,ES,195,490,15,173,82,255,164,386
202312,GO,294,830,29,252,82,334,388,563
202312,MA,112,309,34,66,44,110,126,242
202312,MG,905,2624,65,971,272,1243,1028,1725
202312,MS,150,445,23,121,48,169,196,297
202312,MT,229,679,17,191,70,261,309,502
202312,PA,80,244,27,49,32,81,104,183
202312,PB,160,393,10,152,47,199,143,295
202312,PE,332,822,30,259,125,384,323,621
202312,PI,136,371,21,114,69,183,124,254
202312,PR,677,1963,48,644,185,829,845,1441
202312,RJ,590,1429,35,587,111,698,596,1061
202312,RN,128,297,7,113,33,146,118,235
202312,RO,126,329,11,129,40,169,118,251
202312,RR,16,50,4,14,6,20,15,31
202312,RS,433,1129,26,401,93,494,500,837
202312,SC,771,2009,26,736,171,907,887,1565
202312,SE,62,158,4,45,28,73,62,123
202312,SP,470,1198,23,414,84,498,531,956
202312,TO,58,187,10,46,25,71,88,124
202401,AC,16,36,0,15,8,23,11,27
202401,AL,64,148,7,41,19,60,57,127
202401,AM,7,56,1,32,1,33,8,13
202401,AP,11,30,0,5,5,10,15,20
202401,BA,326,1069,91,299,144,443,410,694
202401,CE,114,289,12,98,38,136,107,234
202401,DF,74,183,3,72,8,80,87,119
202401,ES,191,460,10,184,66,250,145,378
202401,GO,265,728,23,213,81,294,337,479
202401,MA,92,237,26,63,26,89,82,185
202401,MG,749,2255,72,874,260,1134,850,1346
202401,MS,146,469,13,109,55,164,243,296
202401,MT,187,568,18,190,57,247,219,442
202401,PA,63,168,13,40,37,77,54,160
202401,PB,149,389,16,119,43,162,165,291
202401,PE,246,637,25,192,99,291,231,479
202401,PI,119,301,16,96,36,132,123,217
202401,PR,569,1570,43,510,156,666,666,1177
202401,RJ,497,1222,14,493,116,609,518,889
202401,RN,143,348,7,122,43,165,143,262
202401,RO,104,253,6,91,26,117,96,226
202401,RR,13,28,3,9,2,11,13,18
202401,RS,411,1156,36,387,93,480,513,797
202401,SC,685,1811,33,666,175,841,771,1346
202401,SE,44,117,2,39,15,54,56,77
202401,SP,405,1030,22,408,65,473,425,801
202401,TO,65,208,4,55,28,83,96,141
202402,AC,19,40,2,22,1,23,14,30
202402,AL,48,130,6,42,17,59,52,81
202402,AM,6,15,2,5,1,6,4,9
202402,AP,9,20,1,7,0,7,9,13
202402,BA,259,773,50,237,133,370,261,519
202402,CE,108,243,14,70,25,95,97,208
202402,DF,72,172,0,55,19,74,88,128
202402,ES,155,394,8,134,59,193,142,312
202402,GO,245,635,13,203,72,275,256,477
202402,MA,70,195,10,53,25,78,81,162
202402,MG,669,1799,55,704,196,900,618,1255
202402,MS,126,367,17,121,44,165,138,263
202402,MT,189,472,13,132,39,171,186,476
202402,PA,72,201,11,48,22,70,82,192
202402,PB,124,303,7,114,36,150,123,228
202402,PE,241,576,16,183,88,271,218,457
202402,PI,104,253,10,61,33,94,119,186
202402,PR,543,1428,40,457,143,600,602,1119
202402,RJ,465,1166,22,494,106,600,463,827
202402,RN,102,254,10,100,30,130,94,189
202402,RO,80,214,6,73,22,95,90,182
202402,RR,6,13,1,5,3,8,2,12
202402,RS,412,1174,15,385,92,477,582,788
202402,SC,703,1756,34,658,171,829,711,1361
202402,SE,40,99,3,33,9,42,42,71
202402,SP,358,824,14,320,64,384,336,655
202402,TO,55,154,10,30,22,52,62,132
202403,AC,23,55,6,18,8,26,20,42
202403,AL,58,137,10,41,20,61,48,108
202403,AM,17,53,1,14,8,22,23,37
202403,AP,14,36,0,11,4,15,21,26
202403,BA,358,942,36,304,106,410,349,730
202403,CE,116,308,17,93,41,134,120,230
202403,DF,84,198,1,65,18,83,97,151
202403,ES,216,529,19,174,81,255,181,440
202403,GO,259,624,27,177,77,254,280,477
202403,MA,73,191,21,34,24,58,82,157
202403,MG,838,2080,55,754,224,978,766,1611
202403,MS,153,366,6,123,46,169,145,300
202403,MT,204,586,16,158,73,231,243,481
202403,PA,79,240,17,54,38,92,95,195
202403,PB,164,368,14,143,57,200,122,286
202403,PE,276,686,22,208,104,312,256,526
202403,PI,117,271,13,80,46,126,105,214
202403,PR,564,1512,42,487,153,640,638,1144
202403,RJ,463,1100,25,442,88,530,465,845
202403,RN,125,310,9,127,32,159,102,225
202403,RO,126,323,9,109,33,142,131,269
202403,RR,7,14,1,7,3,10,3,8
202403,RS,444,1180,32,411,109,520,507,844
202403,SC,676,1629,30,602,165,767,669,1362
202403,SE,49,123,3,51,15,66,36,88
202403,SP,397,912,21,336,67,403,388,748
202403,TO,57,153,7,44,22,66,50,116
202404,AC,29,62,1,26,7,33,19,50
202404,AL,58,150,7,38,11,49,68,103
202404,AM,15,68,3,37,4,41,18,33
202404,AP,12,29,1,6,3,9,14,26
202404,BA,351,1128,56,307,149,456,455,740
202404,CE,121,292,13,111,36,147,106,226
202404,DF,103,266,2,100,18,118,124,197
202404,ES,175,460,11,171,62,233,159,361
202404,GO,266,630,21,225,67,292,238,514
202404,MA,98,275,21,54,50,104,108,225
202404,MG,714,1863,57,635,212,847,696,1427
202404,MS,130,336,18,98,41,139,133,265
202404,MT,224,572,24,177,52,229,202,550
202404,PA,68,191,18,41,31,72,68,176
202404,PB,135,312,6,123,40,163,117,244
202404,PE,261,650,22,200,84,284,260,504
202404,PI,105,255,6,60,47,107,107,217
202404,PR,639,1609,57,511,183,694,633,1308
202404,RJ,493,1150,26,426,98,524,494,921
202404,RN,135,340,9,110,48,158,151,247
202404,RO,130,345,4,105,40,145,148,326
202404,RR,12,39,5,12,8,20,13,20
202404,RS,410,999,21,345,84,429,446,791
202404,SC,658,1599,37,613,158,771,616,1277
202404,SE,53,128,7,33,19,52,47,106
202404,SP,387,980,23,352,70,422,395,780
202404,TO,53,132,2,51,11,62,48,106
202405,AC,26,54,2,24,5,29,16,47
202405,AL,51,141,5,42,20,62,54,100
202405,AM,11,34,2,7,3,10,15,21
202405,AP,10,20,0,9,3,12,7,15
202405,BA,338,916,45,289,119,408,324,717
202405,CE,121,321,14,105,37,142,113,244
202405,DF,92,229,1,91,16,107,102,178
202405,ES,222,547,25,198,86,284,174,441
202405,GO,285,739,23,226,68,294,325,576
202405,MA,119,328,27,75,58,133,98,276
202405,MG,774,2027,62,695,222,917,805,1550
202405,MS,142,361,8,101,37,138,169,284
202405,MT,221,568,19,164,52,216,225,566
202405,PA,83,252,21,58,41,99,91,224
202405,PB,146,353,12,113,46,159,141,264
202405,PE,282,685,44,202,89,291,262,556
202405,PI,119,289,4,93,39,132,124,231
202405,PR,672,1793,46,582,154,736,765,1389
202405,RJ,542,1376,35,517,115,632,591,1018
202405,RN,128,290,10,113,38,151,109,235
202405,RO,148,392,15,124,33,157,170,381
202405,RR,16,53,3,9,7,16,25,39
202405,RS,348,885,35,295,82,377,371,649
202405,SC,744,1794,37,615,187,802,742,1498
202405,SE,53,148,4,52,19,71,55,104
202405,SP,412,964,16,357,81,438,396,778
202405,TO,81,223,16,67,19,86,84,183
202406,AC,27,60,0,23,7,30,24,48
202406,AL,48,118,8,41,13,54,41,91
202406,AM,13,37,4,7,3,10,20,27
202406,AP,15,41,1,11,5,16,19,31
202406,BA,364,1019,55,349,111,460,385,742
202406,CE,121,328,17,90,51,141,136,265
202406,DF,90,252,2,92,14,106,129,186
202406,ES,225,559,15,201,82,283,194,460
202406,GO,324,814,34,225,104,329,356,627
202406,MA,96,277,20,55,43,98,116,206
202406,MG,725,1886,59,648,216,864,711,1452
202406,MS,148,380,14,107,55,162,155,290
202406,MT,214,585,28,179,69,248,211,532
202406,PA,70,199,15,40,24,64,92,161
202406,PB,180,387,19,117,49,166,154,304
202406,PE,277,670,17,222,87,309,253,532
202406,PI,146,342,16,107,54,161,121,277
202406,PR,642,1680,51,524,165,689,714,1356
202406,RJ,552,1359,45,535,114,649,557,1015
202406,RN,146,354,6,131,48,179,140,266
202406,RO,132,319,7,98,41,139,129,292
202406,RR,12,74,2,42,13,55,11,16
202406,RS,494,1244,35,413,117,530,556,922
202406,SC,648,1650,32,593,152,745,701,1337
202406,SE,52,111,7,36,12,48,37,97
202406,SP,402,973,20,371,54,425,407,786
202406,TO,62,219,6,53,17,70,117,156
202407,AC,25,80,0,28,13,41,33,46
202407,AL,75,184,8,59,33,92,59,127
202407,AM,15,45,2,10,4,14,20,33
202407,AP,13,36,1,10,2,12,18,29
202407,BA,391,1089,42,342,143,485,447,771
202407,CE,103,285,17,70,38,108,117,226
202407,DF,84,200,2,67,14,81,108,157
202407,ES,197,507,12,198,64,262,154,419
202407,GO,308,779,27,271,69,340,309,592
202407,MA,81,276,20,75,46,121,94,200
202407,MG,801,2276,68,825,263,1088,851,1610
202407,MS,182,463,22,129,49,178,197,330
202407,MT,238,727,24,185,72,257,310,660
202407,PA,111,314,37,78,36,114,109,287
202407,PB,176,388,8,137,53,190,149,299
202407,PE,297,761,24,219,109,328,312,574
202407,PI,126,339,19,87,63,150,129,252
202407,PR,661,1791,57,568,178,746,751,1338
202407,RJ,533,1337,20,522,102,624,576,1006
202407,RN,112,259,7,78,35,113,110,207
202407,RO,149,444,17,141,49,190,176,354
202407,RR,4,28,0,21,6,27,1,5
202407,RS,448,1168,41,358,87,445,540,907
202407,SC,736,1814,28,636,175,811,784,1478
202407,SE,45,101,5,26,13,39,44,84
202407,SP,414,1026,20,391,51,442,446,798
202407,TO,76,246,9,65,20,85,118,167
202408,AC,26,77,2,21,12,33,36,50
202408,AL,60,138,11,39,23,62,48,106
202408,AM,24,102,1,16,5,21,70,41
202408,AP,16,40,2,12,11,23,10,28
202408,BA,350,933,57,324,107,431,305,735
202408,CE,140,358,19,110,51,161,138,293
202408,DF,112,282,6,102,26,128,124,205
202408,ES,208,504,20,166,66,232,177,425
202408,GO,258,731,21,253,53,306,325,509
202408,MA,104,349,26,63,40,103,169,233
202408,MG,762,2040,80,674,248,922,751,1554
202408,MS,168,475,11,131,50,181,226,351
202408,MT,211,541,27,147,42,189,232,487
202408,PA,83,229,15,53,26,79,95,201
202408,PB,162,397,9,132,50,182,163,304
202408,PE,263,644,29,211,88,299,232,522
202408,PI,124,301,15,86,58,144,101,238
202408,PR,617,1676,57,530,149,679,727,1303
202408,RJ,556,1441,24,592,109,701,598,1068
202408,RN,147,341,9,117,51,168,129,283
202408,RO,120,302,4,114,37,151,126,241
202408,RR,13,45,6,12,4,16,19,27
202408,RS,463,1220,26,436,91,527,538,929
202408,SC,664,1602,34,570,144,714,672,1332
202408,SE,53,127,7,42,19,61,40,94
202408,SP,403,1050,20,371,87,458,454,816
202408,TO,60,191,8,39,21,60,94,142
202409,AC,21,55,1,24,6,30,21,35
202409,AL,66,226,13,56,35,91,104,125
202409,AM,23,112,7,37,5,42,52,47
202409,AP,11,25,3,11,2,13,7,18
202409,BA,355,937,49,298,123,421,335,708
202409,CE,147,356,18,131,48,179,113,289
202409,DF,98,230,4,80,17,97,116,181
202409,ES,206,507,19,179,76,255,170,401
202409,GO,265,649,25,213,67,280,239,550
202409,MA,101,282,31,57,43,100,106,235
202409,MG,706,1811,53,627,203,830,652,1416
202409,MS,156,433,18,130,46,176,173,320
202409,MT,223,546,16,158,54,212,208,542
202409,PA,84,222,17,55,28,83,75,197
202409,PB,153,354,15,129,50,179,126,265
202409,PE,277,707,26,214,105,319,281,530
202409,PI,141,357,13,94,59,153,142,276
202409,PR,674,1769,51,584,156,740,740,1374
202409,RJ,559,1438,27,587,107,694,618,1031
202409,RN,132,309,10,104,34,138,128,257
202409,RO,117,278,9,100,31,131,108,228
202409,RR,14,30,3,17,3,20,5,24
202409,RS,434,1167,29,368,87,455,551,837
202409,SC,709,1710,41,592,178,770,717,1381
202409,SE,52,120,4,50,13,63,35,98
202409,SP,428,993,19,362,77,439,398,838
202409,TO,70,222,11,52,17,69,113,156
202410,AC,29,96,5,26,5,31,48,60
202410,AL,52,136,4,37,34,71,40,107
202410,AM,20,106,1,25,11,36,64,37
202410,AP,18,45,0,23,6,29,9,32
202410,BA,362,974,43,349,101,450,335,760
202410,CE,139,332,12,109,46,155,121,284
202410,DF,86,212,0,75,18,93,107,155
202410,ES,174,426,7,170,48,218,149,323
202410,GO,302,717,28,240,81,321,268,574
202410,MA,101,299,20,66,59,125,115,233
202410,MG,867,2282,67,842,254,1096,818,1707
202410,MS,134,342,19,85,37,122,147,287
202410,MT,223,588,17,197,46,243,226,501
202410,PA,107,322,16,86,47,133,117,250
202410,PB,176,412,5,156,58,214,145,324
202410,PE,265,629,22,171,115,286,258,508
202410,PI,140,351,17,111,58,169,133,260
202410,PR,643,1720,66,576,158,734,676,1305
202410,RJ,583,1426,29,556,132,688,608,1058
202410,RN,136,374,7,142,38,180,159,275
202410,RO,132,395,11,115,48,163,182,278
202410,RR,15,46,4,15,12,27,8,29
202410,RS,457,1171,29,402,94,496,528,907
202410,SC,695,1713,32,638,172,810,712,1388
202410,SE,64,151,5,44,33,77,47,121
202410,SP,431,1095,16,413,86,499,462,814
202410,TO,55,153,11,46,9,55,55,135
202411,AC,28,77,0,29,11,40,29,59
202411,AL,78,199,10,51,30,81,87,154
202411,AM,7,21,2,5,1,6,7,20
202411,AP,11,25,0,3,3,6,15,22
202411,BA,309,836,39,274,102,376,316,611
202411,CE,125,338,16,111,61,172,116,251
202411,DF,84,206,4,68,17,85,102,166
202411,ES,196,522,14,195,52,247,204,414
202411,GO,225,584,17,188,63,251,242,438
202411,MA,93,260,27,57,36,93,92,206
202411,MG,766,2001,65,720,204,924,745,1536
202411,MS,149,400,17,133,34,167,165,306
202411,MT,204,643,20,175,56,231,303,457
202411,PA,85,251,23,51,37,88,98,201
202411,PB,174,408,17,146,65,211,136,297
202411,PE,249,611,30,162,87,249,246,493
202411,PI,149,337,26,79,72,151,108,280
202411,PR,671,1695,45,583,165,748,663,1330
202411,RJ,555,1349,23,547,105,652,574,998
202411,RN,148,387,12,140,57,197,144,304
202411,RO,117,297,6,101,43,144,121,224
202411,RR,14,49,0,23,4,27,18,30
202411,RS,431,1092,22,398,101,499,446,837
202411,SC,731,1807,32,681,160,841,786,1404
202411,SE,48,111,8,29,17,46,44,92
202411,SP,438,1147,22,438,74,512,484,881
202411,TO,50,193,13,55,52,107,54,119
202412,AC,18,43,1,12,6,18,20,32
202412,AL,54,134,8,42,19,61,43,102
202412,AM,11,29,0,8,4,12,12,19
202412,AP,19,38,2,16,8,24,10,25
202412,BA,388,1214,56,471,171,642,390,801
202412,CE,145,360,16,107,58,165,136,286
202412,DF,77,232,3,81,10,91,124,156
202412,ES,230,596,16,204,73,277,230,470
202412,GO,303,1027,38,250,109,359,530,584
202412,MA,110,298,31,68,34,102,116,219
202412,MG,925,2650,101,995,261,1256,1008,1775
202412,MS,169,451,19,126,53,179,201,313
202412,MT,216,600,22,172,71,243,251,425
202412,PA,65,195,13,41,27,68,59,141
202412,PB,181,403,6,149,76,225,126,309
202412,PE,296,833,35,251,91,342,368,575
202412,PI,130,323,16,91,52,143,123,255
202412,PR,681,1859,52,600,184,784,797,1316
202412,RJ,591,1435,43,558,87,645,629,1077
202412,RN,152,363,22,132,36,168,134,270
202412,RO,128,374,17,126,36,162,171,253
202412,RR,9,25,1,7,3,10,11,15
202412,RS,454,1179,25,394,101,495,551,832
202412,SC,732,1794,45,654,180,834,730,1381
202412,SE,44,117,4,42,14,56,43,80
202412,SP,408,994,13,382,56,438,433,756
202412,TO,51,188,27,43,19,62,76,122
202501,AC,14,35,2,6,5,11,15,28
202501,AL,57,182,11,68,14,82,64,117
202501,AM,11,22,2,6,6,12,6,16
202501,AP,8,43,1,8,2,10,29,20
202501,BA,329,1061,42,382,92,474,440,659
202501,CE,109,311,11,96,30,126,133,243
202501,DF,67,158,5,56,9,65,71,132
202501,ES,173,478,10,166,55,221,196,355
202501,GO,229,731,22,229,64,293,334,467
202501,MA,65,179,13,40,25,65,78,129
202501,MG,751,2284,58,853,220,1073,929,1437
202501,MS,123,314,11,105,38,143,116,230
202501,MT,209,628,18,220,57,277,244,445
202501,PA,66,160,11,53,17,70,50,126
202501,PB,198,518,11,157,75,232,221,361
202501,PE,220,554,19,161,70,231,230,443
202501,PI,118,376,19,90,64,154,138,206
202501,PR,608,1614,49,543,154,697,661,1197
202501,RJ,490,1250,25,511,102,613,528,927
202501,RN,123,282,7,107,46,153,104,217
202501,RO,96,273,5,84,27,111,125,211
202501,RR,10,81,1,24,9,33,40,17
202501,RS,402,1118,24,408,109,517,467,783
202501,SC,612,1551,23,582,171,753,613,1205
202501,SE,52,140,3,49,20,69,49,95
202501,SP,348,892,8,329,50,379,391,707
202501,TO,40,137,7,35,16,51,66,90
202502,AC,22,53,2,24,3,27,20,40
202502,AL,53,135,11,50,15,65,44,99
202502,AM,8,19,0,3,2,5,12,15
202502,AP,11,25,0,5,4,9,14,18
202502,BA,277,726,37,266,69,335,265,557
202502,CE,103,252,18,80,28,108,97,196
202502,DF,82,171,1,67,12,79,85,141
202502,ES,209,512,16,190,53,243,194,421
202502,GO,215,532,18,157,59,216,217,439
202502,MA,90,240,16,64,30,94,95,187
202502,MG,639,1592,57,553,193,746,554,1250
202502,MS,108,306,12,101,30,131,122,213
202502,MT,207,526,14,163,63,226,199,483
202502,PA,73,205,12,46,30,76,65,219
202502,PB,153,355,7,114,53,167,147,263
202502,PE,214,533,33,164,71,235,185,423
202502,PI,87,206,9,72,27,99,72,169
202502,PR,557,1495,39,500,150,650,604,1163
202502,RJ,502,1231,26,515,98,613,501,931
202502,RN,117,259,7,115,29,144,95,199
202502,RO,101,249,3,71,23,94,121,210
202502,RR,14,39,1,10,9,19,13,32
202502,RS,393,1060,20,365,83,448,503,734
202502,SC,619,1529,35,547,167,714,614,1235
202502,SE,42,97,3,35,9,44,37,79
202502,SP,349,879,12,289,46,335,427,671
202502,TO,42,97,3,34,18,52,32,83
202503,AC,16,34,2,10,3,13,16,29
202503,AL,53,117,3,34,23,57,46,90
202503,AM,13,44,5,16,1,17,16,33
202503,AP,15,36,5,10,13,23,6,22
202503,BA,342,870,46,268,95,363,343,708
202503,CE,112,280,17,71,42,113,113,236
202503,DF,81,176,4,64,14,78,78,146
202503,ES,208,499,13,191,69,260,154,412
202503,GO,286,728,23,270,69,339,285,552
202503,MA,95,252,17,63,49,112,90,221
202503,MG,802,2126,66,737,228,965,815,1553
202503,MS,149,373,5,119,44,163,154,301
202503,MT,224,558,15,173,61,234,214,501
202503,PA,74,197,17,49,29,78,75,168
202503,PB,156,340,15,128,36,164,110,278
202503,PE,251,625,20,216,90,306,235,451
202503,PI,108,241,8,68,51,119,84,202
202503,PR,616,1620,52,538,155,693,673,1278
202503,RJ,542,1348,27,563,93,656,575,972
202503,RN,113,260,8,92,21,113,111,214
202503,RO,110,280,5,82,27,109,126,232
202503,RR,11,33,1,9,3,12,17,21
202503,RS,417,1078,30,366,96,462,484,785
202503,SC,669,1626,22,577,186,763,692,1318
202503,SE,42,107,7,31,12,43,44,84
202503,SP,396,983,18,384,74,458,376,760
202503,TO,59,166,11,57,14,71,57,132
202504,AC,18,55,3,11,8,19,28,41
202504,AL,56,141,9,40,28,68,45,113
202504,AM,12,27,0,7,5,12,8,20
202504,AP,10,21,0,10,2,12,5,16
202504,BA,342,930,46,334,86,420,334,733
202504,CE,112,283,16,89,29,118,103,239
202504,DF,86,222,5,67,15,82,123,171
202504,ES,197,513,12,189,71,260,184,408
202504,GO,251,658,19,212,75,287,262,500
202504,MA,86,222,13,71,37,108,74,174
202504,MG,715,1833,65,659,209,868,660,1429
202504,MS,149,375,14,118,37,155,161,277
202504,MT,208,609,19,164,62,226,279,509
202504,PA,92,247,21,52,40,92,87,231
202504,PB,183,457,7,155,56,211,190,360
202504,PE,228,583,22,179,86,265,228,444
202504,PI,116,316,19,79,46,125,142,215
202504,PR,578,1598,57,469,150,619,729,1179
202504,RJ,504,1274,29,526,86,612,517,981
202504,RN,119,283,6,96,35,131,119,232
202504,RO,126,379,8,137,48,185,147,299
202504,RR,10,20,3,7,3,10,6,15
202504,RS,417,1116,25,358,101,459,513,830
202504,SC,678,1819,53,595,213,808,791,1400
202504,SE,42,85,2,33,8,41,33,66
202504,SP,394,1052,16,367,57,424,490,785
202504,TO,57,163,6,52,9,61,74,123
202505,AC,25,63,1,16,9,25,30,52
202505,AL,52,120,7,29,20,49,45,97
202505,AM,13,25,3,7,3,10,10,21
202505,AP,14,33,2,11,7,18,9,30
202505,BA,370,992,52,303,125,428,368,800
202505,CE,122,343,11,86,55,141,159,245
202505,DF,85,208,7,74,12,86,104,159
202505,ES,250,648,16,237,85,322,241,496
202505,GO,245,696,32,189,71,260,328,485
202505,MA,109,311,30,64,43,107,117,244
202505,MG,742,1965,71,695,238,933,714,1526
202505,MS,129,314,19,92,33,125,121,238
202505,MT,228,596,17,155,70,225,253,550
202505,PA,88,229,15,59,30,89,69,203
202505,PB,170,371,17,137,55,192,127,282
202505,PE,248,598,36,179,106,285,212,463
202505,PI,106,271,11,99,42,141,92,200
202505,PR,670,1696,65,538,159,697,714,1362
202505,RJ,507,1199,23,484,95,579,483,930
202505,RN,145,343,13,124,42,166,127,266
202505,RO,137,378,14,120,41,161,156,317
202505,RR,12,56,3,9,4,13,32,29
202505,RS,422,1081,16,389,97,486,449,824
202505,SC,694,1669,60,586,180,766,680,1347
202505,SE,47,116,2,51,7,58,35,93
202505,SP,408,908,23,359,59,418,350,767
202505,TO,58,154,8,37,17,54,65,134
202506,AC,26,80,2,28,7,35,34,59
202506,AL,54,139,7,44,14,58,51,110
202506,AM,9,21,0,7,3,10,7,19
202506,AP,16,48,0,17,8,25,17,35
202506,BA,402,1111,61,359,128,487,437,876
202506,CE,147,387,18,105,57,162,162,299
202506,DF,78,188,2,56,18,74,96,146
202506,ES,246,611,12,236,83,319,202,482
202506,GO,270,672,29,205,83,288,249,526
202506,MA,88,230,18,45,32,77,92,203
202506,MG,807,2138,72,752,227,979,783,1665
202506,MS,137,411,14,103,41,144,197,309
202506,MT,218,606,23,162,65,227,253,540
202506,PA,99,246,18,62,27,89,79,239
202506,PB,172,442,12,178,64,242,151,300
202506,PE,239,592,24,181,89,270,221,472
202506,PI,143,342,19,107,54,161,128,280
202506,PR,610,1650,40,521,144,665,750,1235
202506,RJ,524,1300,28,537,122,659,508,980
202506,RN,138,326,12,113,58,171,107,246
202506,RO,123,320,9,99,30,129,145,271
202506,RR,17,43,2,12,4,16,21,27
202506,RS,411,1069,27,352,79,431,499,781
202506,SC,641,1581,37,534,157,691,684,1240
202506,SE,54,124,9,35,19,54,49,94
202506,SP,385,925,24,309,62,371,416,777
202506,TO,68,182,9,65,21,86,60,141
202507,AC,23,44,1,16,5,21,14,40
202507,AL,62,185,11,57,24,81,71,130
202507,AM,16,55,4,4,12,16,26,33
202507,AP,11,60,1,37,9,46,10,22
202507,BA,334,930,52,299,127,426,339,699
202507,CE,136,354,14,99,54,153,140,294
202507,DF,90,220,5,76,16,92,102,177
202507,ES,212,503,15,191,68,259,165,437
202507,GO,281,815,31,221,88,309,377,652
202507,MA,115,333,27,75,49,124,132,247
202507,MG,882,2573,58,829,294,1123,1095,1823
202507,MS,144,344,9,86,46,132,142,281
202507,MT,229,621,22,178,65,243,261,549
202507,PA,96,349,28,96,44,140,110,269
202507,PB,150,340,11,111,54,165,123,272
202507,PE,252,626,30,189,82,271,246,515
202507,PI,165,404,18,115,57,172,163,325
202507,PR,650,1810,47,562,156,718,803,1377
202507,RJ,511,1266,29,478,109,587,552,956
202507,RN,139,332,6,114,32,146,140,270
202507,RO,118,309,9,113,25,138,121,249
202507,RR,13,34,3,7,8,15,12,24
202507,RS,412,1101,30,394,85,479,486,819
202507,SC,727,1836,43,577,220,797,818,1500
202507,SE,45,109,4,31,12,43,50,88
202507,SP,363,847,16,309,62,371,373,691
202507,TO,62,172,12,46,16,62,74,129
202508,AC,23,53,4,23,6,29,17,36
202508,AL,48,113,12,35,20,55,33,82
202508,AM,6,13,3,1,1,2,3,13
202508,AP,22,52,1,22,9,31,19,35
202508,BA,352,1008,42,308,103,411,397,790
202508,CE,124,325,17,99,40,139,141,248
202508,DF,95,255,2,87,24,111,123,183
202508,ES,234,543,12,215,66,281,177,451
202508,GO,272,697,22,222,68,290,298,537
202508,MA,90,247,27,44,38,82,110,189
202508,MG,847,2204,60,729,256,985,858,1731
202508,MS,152,402,15,109,38,147,174,332
202508,MT,224,606,42,153,73,226,239,497
202508,PA,109,315,20,79,34,113,120,273
202508,PB,174,405,17,147,67,214,130,313
202508,PE,265,672,28,201,91,292,267,517
202508,PI,125,301,13,89,51,140,114,248
202508,PR,682,1759,55,598,140,738,738,1393
202508,RJ,501,1188,30,486,94,580,483,896
202508,RN,155,350,12,141,42,183,128,282
202508,RO,126,355,12,114,32,146,156,293
202508,RR,11,42,6,11,7,18,10,28
202508,RS,411,1155,35,349,97,446,568,850
202508,SC,695,1674,41,607,185,792,674,1333
202508,SE,46,107,0,40,13,53,44,84
202508,SP,393,1008,16,367,60,427,451,795
202508,TO,64,173,10,63,12,75,60,136
202509,AC,35,80,3,30,12,42,31,61
202509,AL,46,109,6,28,16,44,42,83
202509,AM,18,47,2,17,6,23,12,35
202509,AP,16,47,3,19,4,23,16,29
202509,BA,327,906,48,247,116,363,375,695
202509,CE,79,206,7,61,19,80,89,165
202509,DF,90,226,6,73,16,89,108,176
202509,ES,225,522,8,188,78,266,175,436
202509,GO,278,697,28,210,90,300,267,559
202509,MA,116,303,24,76,44,120,101,241
202509,MG,812,2213,63,748,287,1035,802,1707
202509,MS,131,344,11,98,40,138,139,267
202509,MT,202,506,13,151,47,198,201,486
202509,PA,108,321,21,76,53,129,98,285
202509,PB,153,356,11,127,59,186,120,259
202509,PE,237,573,28,174,72,246,233,454
202509,PI,132,289,13,92,47,139,100,249
202509,PR,630,1691,49,592,148,740,715,1248
202509,RJ,561,1334,40,549,93,642,560,1031
202509,RN,136,318,12,134,25,159,124,252
202509,RO,141,356,10,132,36,168,140,279
202509,RR,13,56,3,15,5,20,30,23
202509,RS,379,1039,31,346,64,410,466,756
202509,SC,667,1673,27,600,186,786,672,1378
202509,SE,42,112,5,37,8,45,44,79
202509,SP,390,964,19,368,62,430,399,803
202509,TO,53,135,9,42,13,55,45,126
202510,AC,19,42,2,9,8,17,19,36
202510,AL,50,149,1,50,15,65,62,99
202510,AM,10,31,2,8,2,10,9,24
202510,AP,14,36,0,17,5,22,10,27
202510,BA,350,1032,53,313,134,447,407,737
202510,CE,81,216,12,60,31,91,89,171
202510,DF,83,229,4,83,36,119,91,153
202510,ES,232,615,10,214,72,286,241,458
202510,GO,277,699,19,240,72,312,262,557
202510,MA,141,362,27,106,34,140,154,316
202510,MG,840,2182,65,785,274,1059,777,1715
202510,MS,135,391,11,119,35,154,166,310
202510,MT,238,695,25,206,53,259,306,572
202510,PA,93,249,19,66,22,88,86,207
202510,PB,166,367,9,119,61,180,142,303
202510,PE,251,643,41,169,119,288,245,471
202510,PI,137,307,13,89,57,146,109,268
202510,PR,668,1657,42,582,183,765,629,1317
202510,RJ,548,1351,24,547,111,658,577,1003
202510,RN,151,350,10,133,43,176,134,289
202510,RO,121,363,11,110,36,146,165,273
202510,RR,11,37,3,10,2,12,19,24
202510,RS,388,923,28,322,82,404,385,734
202510,SC,711,1788,31,621,195,816,758,1418
202510,SE,71,149,6,52,19,71,51,126
202510,SP,419,1058,20,377,67,444,471,855
202510,TO,47,116,6,40,16,56,37,90
202511,AC,27,59,3,24,6,30,22,47
202511,AL,51,145,8,40,25,65,56,98
202511,AM,10,31,3,10,2,12,12,16
202511,AP,17,46,1,20,3,23,17,33
202511,BA,340,960,50,324,113,437,338,726
202511,CE,82,198,13,55,29,84,73,157
202511,DF,91,252,2,96,24,120,125,157
202511,ES,225,582,22,206,66,272,210,438
202511,GO,265,624,17,201,74,275,235,501
202511,MA,117,301,34,77,43,120,92,241
202511,MG,852,2231,57,779,253,1032,851,1614
202511,MS,145,439,10,109,51,160,218,290
202511,MT,228,625,23,160,61,221,282,533
202511,PA,122,315,21,86,44,130,111,277
202511,PB,145,338,19,124,42,166,114,258
202511,PE,285,714,28,183,111,294,288,570
202511,PI,117,297,11,88,43,131,106,255
202511,PR,671,1787,57,568,181,749,772,1374
202511,RJ,564,1360,23,567,109,676,566,1026
202511,RN,138,325,7,128,39,167,121,267
202511,RO,122,332,8,88,35,123,167,284
202511,RR,15,44,1,16,7,23,14,30
202511,RS,382,967,20,336,86,422,419,731
202511,SC,678,1723,29,607,184,791,718,1344
202511,SE,52,115,5,36,16,52,44,98
202511,SP,421,1014,17,381,71,452,405,833
202511,TO,47,165,9,67,9,76,63,97
202512,AC,32,104,4,51,8,59,35,55
202512,AL,47,128,10,34,17,51,48,87
202512,AM,12,43,2,19,1,20,18,29
202512,AP,15,44,0,12,6,18,26,28
202512,BA,343,1042,54,327,105,432,434,719
202512,CE,95,304,17,75,39,114,130,205
202512,DF,83,195,4,70,16,86,87,159
202512,ES,231,592,15,220,85,305,212,451
202512,GO,327,959,48,277,111,388,429,614
202512,MA,150,432,35,102,44,146,198,298
202512,MG,881,2405,73,944,260,1204,853,1652
202512,MS,152,463,19,119,44,163,216,313
202512,MT,221,639,12,217,56,273,248,478
202512,PA,97,257,21,73,24,97,84,222
202512,PB,158,354,6,110,55,165,137,275
202512,PE,323,841,27,258,107,365,348,614
202512,PI,136,314,15,94,68,162,108,246
202512,PR,690,1887,41,633,173,806,844,1342
202512,RJ,674,1664,26,655,129,784,736,1231
202512,RN,174,400,11,146,47,193,153,335
202512,RO,131,385,8,116,21,137,197,275
202512,RR,5,10,1,2,0,2,7,9
202512,RS,465,1296,41,482,107,589,544,871
202512,SC,795,1955,33,704,219,923,824,1538
202512,SE,54,141,5,41,13,54,54,115
202512,SP,417,1091,32,403,76,479,453,815
202512,TO,80,218,12,63,22,85,81,169
