semestre_ref,regiao,regiao_descricao,uf_aproximada,tipo_cobertura,exposicao,semestre_anterior,exposicao_semestre_anterior,delta_exposicao_segurada
2016S1,01,RS - Met. Porto Alegre e Caxias do Sul,RS,APP,235844.174480595,2015S2,,
2016S1,01,RS - Met. Porto Alegre e Caxias do Sul,RS,CASCO,298335.424286227,2015S2,,
2016S1,01,RS - Met. Porto Alegre e Caxias do Sul,RS,RCDM,307342.980160689,2015S2,,
2016S1,01,RS - Met. Porto Alegre e Caxias do Sul,RS,RCDP,307630.10895321,2015S2,,
2016S1,01,RS - Met. Porto Alegre e Caxias do Sul,RS,TOTAL,320130.842917822,2015S2,,
2016S2,01,RS - Met. Porto Alegre e Caxias do Sul,RS,APP,241753.283771187,2016S1,235844.174480595,5909.109290592023
2016S2,01,RS - Met. Porto Alegre e Caxias do Sul,RS,CASCO,320420.566876458,2016S1,298335.424286227,22085.14259023103
2016S2,01,RS - Met. Porto Alegre e Caxias do Sul,RS,RCDM,317460.635182693,2016S1,307342.980160689,10117.655022004037
2016S2,01,RS - Met. Porto Alegre e Caxias do Sul,RS,RCDP,318036.868060455,2016S1,307630.10895321,10406.759107245016
2016S2,01,RS - Met. Porto Alegre e Caxias do Sul,RS,TOTAL,342004.456867585,2016S1,320130.842917822,21873.613949763007
2017S1,01,RS - Met. Porto Alegre e Caxias do Sul,RS,APP,238886.826659933,2016S2,241753.283771187,-2866.4571112540143
2017S1,01,RS - Met. Porto Alegre e Caxias do Sul,RS,CASCO,301993.634649816,2016S2,320420.566876458,-18426.932226641977
2017S1,01,RS - Met. Porto Alegre e Caxias do Sul,RS,RCDM,309640.127799438,2016S2,317460.635182693,-7820.507383254997
2017S1,01,RS - Met. Porto Alegre e Caxias do Sul,RS,RCDP,310201.051082328,2016S2,318036.868060455,-7835.816978126997
2017S1,01,RS - Met. Porto Alegre e Caxias do Sul,RS,TOTAL,326125.919549651,2016S2,342004.456867585,-15878.537317934039
2017S2,01,RS - Met. Porto Alegre e Caxias do Sul,RS,APP,251844.555113983,2017S1,238886.826659933,12957.728454049997
2017S2,01,RS - Met. Porto Alegre e Caxias do Sul,RS,CASCO,317500.514856977,2017S1,301993.634649816,15506.880207160953
2017S2,01,RS - Met. Porto Alegre e Caxias do Sul,RS,RCDM,325988.479082818,2017S1,309640.127799438,16348.351283380005
2017S2,01,RS - Met. Porto Alegre e Caxias do Sul,RS,RCDP,328095.109147192,2017S1,310201.051082328,17894.05806486396
2017S2,01,RS - Met. Porto Alegre e Caxias do Sul,RS,TOTAL,345724.826651441,2017S1,326125.919549651,19598.907101790013
2018S1,01,RS - Met. Porto Alegre e Caxias do Sul,RS,APP,248290.451360612,2017S2,251844.555113983,-3554.1037533709896
2018S1,01,RS - Met. Porto Alegre e Caxias do Sul,RS,CASCO,315888.179936346,2017S2,317500.514856977,-1612.334920630965
2018S1,01,RS - Met. Porto Alegre e Caxias do Sul,RS,RCDM,323201.114178698,2017S2,325988.479082818,-2787.3649041200406
2018S1,01,RS - Met. Porto Alegre e Caxias do Sul,RS,RCDP,323911.4429411,2017S2,328095.109147192,-4183.666206091992
2018S1,01,RS - Met. Porto Alegre e Caxias do Sul,RS,TOTAL,339603.473038324,2017S2,345724.826651441,-6121.353613117011
2018S2,01,RS - Met. Porto Alegre e Caxias do Sul,RS,APP,260517.902809101,2018S1,248290.451360612,12227.45144848901
2018S2,01,RS - Met. Porto Alegre e Caxias do Sul,RS,CASCO,335401.38021192,2018S1,315888.179936346,19513.200275573996
2018S2,01,RS - Met. Porto Alegre e Caxias do Sul,RS,RCDM,344910.98820536,2018S1,323201.114178698,21709.87402666203
2018S2,01,RS - Met. Porto Alegre e Caxias do Sul,RS,RCDP,344339.840273633,2018S1,323911.4429411,20428.39733253303
2018S2,01,RS - Met. Porto Alegre e Caxias do Sul,RS,TOTAL,363616.228942741,2018S1,339603.473038324,24012.75590441702
2019S1,01,RS - Met. Porto Alegre e Caxias do Sul,RS,APP,256055.971845186,2018S2,260517.902809101,-4461.930963915016
2019S1,01,RS - Met. Porto Alegre e Caxias do Sul,RS,CASCO,359339.955008356,2018S2,335401.38021192,23938.574796436005
2019S1,01,RS - Met. Porto Alegre e Caxias do Sul,RS,RCDM,362668.420777597,2018S2,344910.98820536,17757.432572236983
2019S1,01,RS - Met. Porto Alegre e Caxias do Sul,RS,RCDP,361494.133111312,2018S2,344339.840273633,17154.29283767898
2019S1,01,RS - Met. Porto Alegre e Caxias do Sul,RS,TOTAL,383942.289232503,2018S2,363616.228942741,20326.060289761983
2019S2,01,RS - Met. Porto Alegre e Caxias do Sul,RS,APP,255323.425423186,2019S1,256055.971845186,-732.5464219999849
2019S2,01,RS - Met. Porto Alegre e Caxias do Sul,RS,CASCO,369319.44313626,2019S1,359339.955008356,9979.488127903955
2019S2,01,RS - Met. Porto Alegre e Caxias do Sul,RS,RCDM,376197.064950028,2019S1,362668.420777597,13528.644172431028
2019S2,01,RS - Met. Porto Alegre e Caxias do Sul,RS,RCDP,375258.944439156,2019S1,361494.133111312,13764.811327843985
2019S2,01,RS - Met. Porto Alegre e Caxias do Sul,RS,TOTAL,393667.417954111,2019S1,383942.289232503,9725.128721608024
2020S1,01,RS - Met. Porto Alegre e Caxias do Sul,RS,APP,191591.322107808,2019S2,255323.425423186,-63732.103315378015
2020S1,01,RS - Met. Porto Alegre e Caxias do Sul,RS,CASCO,305025.321043133,2019S2,369319.44313626,-64294.12209312699
2020S1,01,RS - Met. Porto Alegre e Caxias do Sul,RS,RCDM,254713.12188948,2019S2,376197.064950028,-121483.94306054802
2020S1,01,RS - Met. Porto Alegre e Caxias do Sul,RS,RCDP,253528.636956256,2019S2,375258.944439156,-121730.30748289998
2020S1,01,RS - Met. Porto Alegre e Caxias do Sul,RS,TOTAL,325217.879903699,2019S2,393667.417954111,-68449.53805041203
2020S2,01,RS - Met. Porto Alegre e Caxias do Sul,RS,APP,216479.064890445,2020S1,191591.322107808,24887.74278263701
2020S2,01,RS - Met. Porto Alegre e Caxias do Sul,RS,CASCO,278182.309753791,2020S1,305025.321043133,-26843.011289341957
2020S2,01,RS - Met. Porto Alegre e Caxias do Sul,RS,RCDM,277104.652309882,2020S1,254713.12188948,22391.530420401978
2020S2,01,RS - Met. Porto Alegre e Caxias do Sul,RS,RCDP,275703.567422268,2020S1,253528.636956256,22174.93046601198
2020S2,01,RS - Met. Porto Alegre e Caxias do Sul,RS,TOTAL,291509.827300466,2020S1,325217.879903699,-33708.052603232965
2016S1,02,RS - Demais regiões,RS,APP,257357.506055038,2015S2,,
2016S1,02,RS - Demais regiões,RS,CASCO,290860.411652013,2015S2,,
2016S1,02,RS - Demais regiões,RS,RCDM,306811.792025247,2015S2,,
2016S1,02,RS - Demais regiões,RS,RCDP,307364.48791858,2015S2,,
2016S1,02,RS - Demais regiões,RS,TOTAL,318442.098689721,2015S2,,
2016S2,02,RS - Demais regiões,RS,APP,267290.568126488,2016S1,257357.506055038,9933.062071450026
2016S2,02,RS - Demais regiões,RS,CASCO,308397.112263315,2016S1,290860.411652013,17536.70061130199
2016S2,02,RS - Demais regiões,RS,RCDM,322888.410515198,2016S1,306811.792025247,16076.618489951012
2016S2,02,RS - Demais regiões,RS,RCDP,323387.180375059,2016S1,307364.48791858,16022.69245647901
2016S2,02,RS - Demais regiões,RS,TOTAL,333425.533589516,2016S1,318442.098689721,14983.434899794986
2017S1,02,RS - Demais regiões,RS,APP,264939.464918014,2016S2,267290.568126488,-2351.103208474
2017S1,02,RS - Demais regiões,RS,CASCO,304300.226426796,2016S2,308397.112263315,-4096.88583651901
2017S1,02,RS - Demais regiões,RS,RCDM,320587.445566962,2016S2,322888.410515198,-2300.964948236011
2017S1,02,RS - Demais regiões,RS,RCDP,320881.483922514,2016S2,323387.180375059,-2505.696452545002
2017S1,02,RS - Demais regiões,RS,TOTAL,330345.182529145,2016S2,333425.533589516,-3080.351060371031
2017S2,02,RS - Demais regiões,RS,APP,269917.187308141,2017S1,264939.464918014,4977.722390126961
2017S2,02,RS - Demais regiões,RS,CASCO,311181.117711391,2017S1,304300.226426796,6880.891284595011
2017S2,02,RS - Demais regiões,RS,RCDM,327485.873509677,2017S1,320587.445566962,6898.427942715003
2017S2,02,RS - Demais regiões,RS,RCDP,329643.520034688,2017S1,320881.483922514,8762.036112173984
2017S2,02,RS - Demais regiões,RS,TOTAL,339541.733506378,2017S1,330345.182529145,9196.55097723304
2018S1,02,RS - Demais regiões,RS,APP,268819.467713627,2017S2,269917.187308141,-1097.7195945139974
2018S1,02,RS - Demais regiões,RS,CASCO,311571.511417616,2017S2,311181.117711391,390.3937062249752
2018S1,02,RS - Demais regiões,RS,RCDM,326892.500422648,2017S2,327485.873509677,-593.373087029031
2018S1,02,RS - Demais regiões,RS,RCDP,327807.916860336,2017S2,329643.520034688,-1835.6031743520289
2018S1,02,RS - Demais regiões,RS,TOTAL,337441.831912143,2017S2,339541.733506378,-2099.901594235038
2018S2,02,RS - Demais regiões,RS,APP,279218.713087755,2018S1,268819.467713627,10399.245374128048
2018S2,02,RS - Demais regiões,RS,CASCO,325502.714634548,2018S1,311571.511417616,13931.203216932015
2018S2,02,RS - Demais regiões,RS,RCDM,339716.941645786,2018S1,326892.500422648,12824.441223138012
2018S2,02,RS - Demais regiões,RS,RCDP,340751.338885337,2018S1,327807.916860336,12943.422025001026
2018S2,02,RS - Demais regiões,RS,TOTAL,351146.51674146,2018S1,337441.831912143,13704.684829317033
2019S1,02,RS - Demais regiões,RS,APP,279863.248475544,2018S2,279218.713087755,644.5353877889575
2019S1,02,RS - Demais regiões,RS,CASCO,330586.089411186,2018S2,325502.714634548,5083.374776637997
2019S1,02,RS - Demais regiões,RS,RCDM,342387.588014194,2018S2,339716.941645786,2670.6463684079936
2019S1,02,RS - Demais regiões,RS,RCDP,342184.774317627,2018S2,340751.338885337,1433.435432290018
2019S1,02,RS - Demais regiões,RS,TOTAL,356136.492090025,2018S2,351146.51674146,4989.975348564971
2019S2,02,RS - Demais regiões,RS,APP,283684.512295838,2019S1,279863.248475544,3821.2638202939997
2019S2,02,RS - Demais regiões,RS,CASCO,329259.269826693,2019S1,330586.089411186,-1326.8195844930015
2019S2,02,RS - Demais regiões,RS,RCDM,344018.55440126,2019S1,342387.588014194,1630.9663870660006
2019S2,02,RS - Demais regiões,RS,RCDP,344008.124275437,2019S1,342184.774317627,1823.3499578099581
2019S2,02,RS - Demais regiões,RS,TOTAL,354361.658261708,2019S1,356136.492090025,-1774.8338283170015
2020S1,02,RS - Demais regiões,RS,APP,230689.680956388,2019S2,283684.512295838,-52994.83133944997
2020S1,02,RS - Demais regiões,RS,CASCO,302679.080429936,2019S2,329259.269826693,-26580.189396756992
2020S1,02,RS - Demais regiões,RS,RCDM,282502.141048289,2019S2,344018.55440126,-61516.413352970965
2020S1,02,RS - Demais regiões,RS,RCDP,282417.46707749,2019S2,344008.124275437,-61590.65719794697
2020S1,02,RS - Demais regiões,RS,TOTAL,323837.483071676,2019S2,354361.658261708,-30524.175190031994
2020S2,02,RS - Demais regiões,RS,APP,270718.148521531,2020S1,230689.680956388,40028.467565143015
2020S2,02,RS - Demais regiões,RS,CASCO,315321.043198841,2020S1,302679.080429936,12641.962768904981
2020S2,02,RS - Demais regiões,RS,RCDM,326043.152576795,2020S1,282502.141048289,43541.011528506
2020S2,02,RS - Demais regiões,RS,RCDP,325768.166290481,2020S1,282417.46707749,43350.69921299099
2020S2,02,RS - Demais regiões,RS,TOTAL,335568.87839405,2020S1,323837.483071676,11731.39532237401
2016S1,03,SC - Met. Florianópolis e Sul,SC,APP,128899.510584635,2015S2,,
2016S1,03,SC - Met. Florianópolis e Sul,SC,CASCO,138826.699190655,2015S2,,
2016S1,03,SC - Met. Florianópolis e Sul,SC,RCDM,147308.93737136,2015S2,,
2016S1,03,SC - Met. Florianópolis e Sul,SC,RCDP,147376.781207924,2015S2,,
2016S1,03,SC - Met. Florianópolis e Sul,SC,TOTAL,151983.887981195,2015S2,,
2016S2,03,SC - Met. Florianópolis e Sul,SC,APP,132264.558053268,2016S1,128899.510584635,3365.047468632998
2016S2,03,SC - Met. Florianópolis e Sul,SC,CASCO,146684.801521172,2016S1,138826.699190655,7858.102330516995
2016S2,03,SC - Met. Florianópolis e Sul,SC,RCDM,154174.793090348,2016S1,147308.93737136,6865.855718987994
2016S2,03,SC - Met. Florianópolis e Sul,SC,RCDP,154276.798572748,2016S1,147376.781207924,6900.017364823987
2016S2,03,SC - Met. Florianópolis e Sul,SC,TOTAL,158702.401237805,2016S1,151983.887981195,6718.513256609993
2017S1,03,SC - Met. Florianópolis e Sul,SC,APP,130482.355762434,2016S2,132264.558053268,-1782.2022908340005
2017S1,03,SC - Met. Florianópolis e Sul,SC,CASCO,142977.969416644,2016S2,146684.801521172,-3706.8321045280027
2017S1,03,SC - Met. Florianópolis e Sul,SC,RCDM,151096.388580339,2016S2,154174.793090348,-3078.404510008986
2017S1,03,SC - Met. Florianópolis e Sul,SC,RCDP,151102.955703371,2016S2,154276.798572748,-3173.8428693769965
2017S1,03,SC - Met. Florianópolis e Sul,SC,TOTAL,155047.48172308,2016S2,158702.401237805,-3654.9195147249848
2017S2,03,SC - Met. Florianópolis e Sul,SC,APP,131153.717113695,2017S1,130482.355762434,671.3613512609882
2017S2,03,SC - Met. Florianópolis e Sul,SC,CASCO,143786.661975695,2017S1,142977.969416644,808.6925590510073
2017S2,03,SC - Met. Florianópolis e Sul,SC,RCDM,152199.669986059,2017S1,151096.388580339,1103.2814057199867
2017S2,03,SC - Met. Florianópolis e Sul,SC,RCDP,153073.700105617,2017S1,151102.955703371,1970.7444022459968
2017S2,03,SC - Met. Florianópolis e Sul,SC,TOTAL,157089.05345457,2017S1,155047.48172308,2041.5717314899957
2018S1,03,SC - Met. Florianópolis e Sul,SC,APP,128754.227037219,2017S2,131153.717113695,-2399.490076475995
2018S1,03,SC - Met. Florianópolis e Sul,SC,CASCO,142659.755753831,2017S2,143786.661975695,-1126.9062218639883
2018S1,03,SC - Met. Florianópolis e Sul,SC,RCDM,150061.520122798,2017S2,152199.669986059,-2138.149863260973
2018S1,03,SC - Met. Florianópolis e Sul,SC,RCDP,150409.832455387,2017S2,153073.700105617,-2663.8676502300077
2018S1,03,SC - Met. Florianópolis e Sul,SC,TOTAL,154590.416014939,2017S2,157089.05345457,-2498.637439631013
2018S2,03,SC - Met. Florianópolis e Sul,SC,APP,132099.437647428,2018S1,128754.227037219,3345.2106102090183
2018S2,03,SC - Met. Florianópolis e Sul,SC,CASCO,147165.259175195,2018S1,142659.755753831,4505.503421364003
2018S2,03,SC - Met. Florianópolis e Sul,SC,RCDM,154793.439783035,2018S1,150061.520122798,4731.9196602369775
2018S2,03,SC - Met. Florianópolis e Sul,SC,RCDP,154952.305534895,2018S1,150409.832455387,4542.473079507996
2018S2,03,SC - Met. Florianópolis e Sul,SC,TOTAL,159748.765726631,2018S1,154590.416014939,5158.349711692019
2019S1,03,SC - Met. Florianópolis e Sul,SC,APP,131736.73658583,2018S2,132099.437647428,-362.70106159802526
2019S1,03,SC - Met. Florianópolis e Sul,SC,CASCO,146653.437908895,2018S2,147165.259175195,-511.82126630001585
2019S1,03,SC - Met. Florianópolis e Sul,SC,RCDM,155702.142005864,2018S2,154793.439783035,908.7022228290152
2019S1,03,SC - Met. Florianópolis e Sul,SC,RCDP,155374.972142766,2018S2,154952.305534895,422.66660787101137
2019S1,03,SC - Met. Florianópolis e Sul,SC,TOTAL,160287.152957306,2018S2,159748.765726631,538.3872306749981
2019S2,03,SC - Met. Florianópolis e Sul,SC,APP,127086.623575015,2019S1,131736.73658583,-4650.1130108149955
2019S2,03,SC - Met. Florianópolis e Sul,SC,CASCO,142033.124495453,2019S1,146653.437908895,-4620.313413441996
2019S2,03,SC - Met. Florianópolis e Sul,SC,RCDM,149883.809256013,2019S1,155702.142005864,-5818.332749851019
2019S2,03,SC - Met. Florianópolis e Sul,SC,RCDP,149609.414738331,2019S1,155374.972142766,-5765.557404435007
2019S2,03,SC - Met. Florianópolis e Sul,SC,TOTAL,154182.809163398,2019S1,160287.152957306,-6104.343793908018
2020S1,03,SC - Met. Florianópolis e Sul,SC,APP,104061.928145831,2019S2,127086.623575015,-23024.695429183994
2020S1,03,SC - Met. Florianópolis e Sul,SC,CASCO,135882.782629291,2019S2,142033.124495453,-6150.341866161994
2020S1,03,SC - Met. Florianópolis e Sul,SC,RCDM,122980.68971933,2019S2,149883.809256013,-26903.119536682992
2020S1,03,SC - Met. Florianópolis e Sul,SC,RCDP,122847.232184493,2019S2,149609.414738331,-26762.182553837993
2020S1,03,SC - Met. Florianópolis e Sul,SC,TOTAL,145407.541504918,2019S2,154182.809163398,-8775.267658480007
2020S2,03,SC - Met. Florianópolis e Sul,SC,APP,124917.442973043,2020S1,104061.928145831,20855.514827212
2020S2,03,SC - Met. Florianópolis e Sul,SC,CASCO,140107.930222734,2020S1,135882.782629291,4225.147593442991
2020S2,03,SC - Met. Florianópolis e Sul,SC,RCDM,144570.368510839,2020S1,122980.68971933,21589.67879150901
2020S2,03,SC - Met. Florianópolis e Sul,SC,RCDP,144151.154821773,2020S1,122847.232184493,21303.922637280004
2020S2,03,SC - Met. Florianópolis e Sul,SC,TOTAL,149303.316358646,2020S1,145407.541504918,3895.774853728013
2016S1,04,SC - Oeste,SC,APP,76895.4166971347,2015S2,,
2016S1,04,SC - Oeste,SC,CASCO,77726.9673091057,2015S2,,
2016S1,04,SC - Oeste,SC,RCDM,88624.3204487474,2015S2,,
2016S1,04,SC - Oeste,SC,RCDP,88747.9204486492,2015S2,,
2016S1,04,SC - Oeste,SC,TOTAL,91800.3450414804,2015S2,,
2016S2,04,SC - Oeste,SC,APP,83632.3238588865,2016S1,76895.4166971347,6736.907161751806
2016S2,04,SC - Oeste,SC,CASCO,87333.9073181255,2016S1,77726.9673091057,9606.940009019789
2016S2,04,SC - Oeste,SC,RCDM,96086.6906901165,2016S1,88624.3204487474,7462.370241369106
2016S2,04,SC - Oeste,SC,RCDP,96210.5180849312,2016S1,88747.9204486492,7462.597636282007
2016S2,04,SC - Oeste,SC,TOTAL,98582.6303721233,2016S1,91800.3450414804,6782.285330642902
2017S1,04,SC - Oeste,SC,APP,84060.1970047597,2016S2,83632.3238588865,427.8731458731927
2017S1,04,SC - Oeste,SC,CASCO,87159.5339781493,2016S2,87333.9073181255,-174.37333997619862
2017S1,04,SC - Oeste,SC,RCDM,96357.8572438415,2016S2,96086.6906901165,271.1665537249937
2017S1,04,SC - Oeste,SC,RCDP,96443.9832716784,2016S2,96210.5180849312,233.46518674719846
2017S1,04,SC - Oeste,SC,TOTAL,98836.0188815957,2016S2,98582.6303721233,253.38850947239553
2017S2,04,SC - Oeste,SC,APP,84517.8033065572,2017S1,84060.1970047597,457.6063017974957
2017S2,04,SC - Oeste,SC,CASCO,87071.9648635834,2017S1,87159.5339781493,-87.56911456589296
2017S2,04,SC - Oeste,SC,RCDM,96685.383872102,2017S1,96357.8572438415,327.52662826050073
2017S2,04,SC - Oeste,SC,RCDP,97318.4030312672,2017S1,96443.9832716784,874.4197595887963
2017S2,04,SC - Oeste,SC,TOTAL,99581.2933976958,2017S1,98836.0188815957,745.2745161001076
2018S1,04,SC - Oeste,SC,APP,84699.4901815411,2017S2,84517.8033065572,181.686874983905
2018S1,04,SC - Oeste,SC,CASCO,87206.0709899249,2017S2,87071.9648635834,134.1061263415031
2018S1,04,SC - Oeste,SC,RCDM,97624.7997188382,2017S2,96685.383872102,939.4158467361995
2018S1,04,SC - Oeste,SC,RCDP,98150.9284872683,2017S2,97318.4030312672,832.525456001109
2018S1,04,SC - Oeste,SC,TOTAL,100314.701086723,2017S2,99581.2933976958,733.4076890271972
2018S2,04,SC - Oeste,SC,APP,87070.7923085885,2018S1,84699.4901815411,2371.3021270473982
2018S2,04,SC - Oeste,SC,CASCO,89949.918256348,2018S1,87206.0709899249,2743.847266423094
2018S2,04,SC - Oeste,SC,RCDM,99832.2249160013,2018S1,97624.7997188382,2207.425197163102
2018S2,04,SC - Oeste,SC,RCDP,100134.896138126,2018S1,98150.9284872683,1983.9676508576958
2018S2,04,SC - Oeste,SC,TOTAL,102386.128975564,2018S1,100314.701086723,2071.4278888410045
2019S1,04,SC - Oeste,SC,APP,87229.3531587617,2018S2,87070.7923085885,158.56085017320584
2019S1,04,SC - Oeste,SC,CASCO,91405.5586274383,2018S2,89949.918256348,1455.640371090296
2019S1,04,SC - Oeste,SC,RCDM,101453.670928022,2018S2,99832.2249160013,1621.4460120206932
2019S1,04,SC - Oeste,SC,RCDP,101474.629833781,2018S2,100134.896138126,1339.7336956549989
2019S1,04,SC - Oeste,SC,TOTAL,103660.832570452,2018S2,102386.128975564,1274.703594887993
2019S2,04,SC - Oeste,SC,APP,87129.0139050414,2019S1,87229.3531587617,-100.33925372030353
2019S2,04,SC - Oeste,SC,CASCO,91466.0987099269,2019S1,91405.5586274383,60.54008248860191
2019S2,04,SC - Oeste,SC,RCDM,100990.21358426,2019S1,101453.670928022,-463.45734376199835
2019S2,04,SC - Oeste,SC,RCDP,101057.70125516,2019S1,101474.629833781,-416.9285786209948
2019S2,04,SC - Oeste,SC,TOTAL,102974.668339142,2019S1,103660.832570452,-686.1642313100019
2020S1,04,SC - Oeste,SC,APP,73416.8736352627,2019S2,87129.0139050414,-13712.140269778698
2020S1,04,SC - Oeste,SC,CASCO,88318.8460924709,2019S2,91466.0987099269,-3147.25261745599
2020S1,04,SC - Oeste,SC,RCDM,86382.9283960718,2019S2,100990.21358426,-14607.285188188194
2020S1,04,SC - Oeste,SC,RCDP,86479.953054802,2019S2,101057.70125516,-14577.748200358008
2020S1,04,SC - Oeste,SC,TOTAL,98437.1666120025,2019S2,102974.668339142,-4537.50172713949
2020S2,04,SC - Oeste,SC,APP,87988.4606676837,2020S1,73416.8736352627,14571.587032420997
2020S2,04,SC - Oeste,SC,CASCO,92185.901643279,2020S1,88318.8460924709,3867.055550808087
2020S2,04,SC - Oeste,SC,RCDM,100152.857702875,2020S1,86382.9283960718,13769.929306803198
2020S2,04,SC - Oeste,SC,RCDP,100110.898800767,2020S1,86479.953054802,13630.945745965
2020S2,04,SC - Oeste,SC,TOTAL,102379.88231755,2020S1,98437.1666120025,3942.7157055474963
2016S1,05,SC - Blumenau e demais regiões,SC,APP,175199.706273983,2015S2,,
2016S1,05,SC - Blumenau e demais regiões,SC,CASCO,186637.774318124,2015S2,,
2016S1,05,SC - Blumenau e demais regiões,SC,RCDM,196733.193205315,2015S2,,
2016S1,05,SC - Blumenau e demais regiões,SC,RCDP,197188.878136091,2015S2,,
2016S1,05,SC - Blumenau e demais regiões,SC,TOTAL,204082.37938827,2015S2,,
2016S2,05,SC - Blumenau e demais regiões,SC,APP,194063.709994507,2016S1,175199.706273983,18864.003720523993
2016S2,05,SC - Blumenau e demais regiões,SC,CASCO,212089.312285932,2016S1,186637.774318124,25451.53796780802
2016S2,05,SC - Blumenau e demais regiões,SC,RCDM,220370.605186908,2016S1,196733.193205315,23637.411981593003
2016S2,05,SC - Blumenau e demais regiões,SC,RCDP,220890.698332265,2016S1,197188.878136091,23701.820196173998
2016S2,05,SC - Blumenau e demais regiões,SC,TOTAL,229001.974909525,2016S1,204082.37938827,24919.59552125499
2017S1,05,SC - Blumenau e demais regiões,SC,APP,193906.407626275,2016S2,194063.709994507,-157.30236823199084
2017S1,05,SC - Blumenau e demais regiões,SC,CASCO,208191.914421322,2016S2,212089.312285932,-3897.397864610015
2017S1,05,SC - Blumenau e demais regiões,SC,RCDM,217964.273307244,2016S2,220370.605186908,-2406.3318796640087
2017S1,05,SC - Blumenau e demais regiões,SC,RCDP,218338.813031616,2016S2,220890.698332265,-2551.885300648981
2017S1,05,SC - Blumenau e demais regiões,SC,TOTAL,225510.974659659,2016S2,229001.974909525,-3491.0002498659887
2017S2,05,SC - Blumenau e demais regiões,SC,APP,197168.797751564,2017S1,193906.407626275,3262.3901252890064
2017S2,05,SC - Blumenau e demais regiões,SC,CASCO,212694.515126593,2017S1,208191.914421322,4502.600705271005
2017S2,05,SC - Blumenau e demais regiões,SC,RCDM,221638.103938471,2017S1,217964.273307244,3673.8306312269997
2017S2,05,SC - Blumenau e demais regiões,SC,RCDP,223130.328555787,2017S1,218338.813031616,4791.515524171002
2017S2,05,SC - Blumenau e demais regiões,SC,TOTAL,231028.999626892,2017S1,225510.974659659,5518.02496723301
2018S1,05,SC - Blumenau e demais regiões,SC,APP,195149.139164131,2017S2,197168.797751564,-2019.6585874330194
2018S1,05,SC - Blumenau e demais regiões,SC,CASCO,212209.207623828,2017S2,212694.515126593,-485.30750276500476
2018S1,05,SC - Blumenau e demais regiões,SC,RCDM,220548.714441593,2017S2,221638.103938471,-1089.3894968779932
2018S1,05,SC - Blumenau e demais regiões,SC,RCDP,221422.624027274,2017S2,223130.328555787,-1707.7045285130152
2018S1,05,SC - Blumenau e demais regiões,SC,TOTAL,229278.580178647,2017S2,231028.999626892,-1750.4194482449966
2018S2,05,SC - Blumenau e demais regiões,SC,APP,199435.170308766,2018S1,195149.139164131,4286.031144635024
2018S2,05,SC - Blumenau e demais regiões,SC,CASCO,219478.969807345,2018S1,212209.207623828,7269.762183517014
2018S2,05,SC - Blumenau e demais regiões,SC,RCDM,226669.761355659,2018S1,220548.714441593,6121.046914065984
2018S2,05,SC - Blumenau e demais regiões,SC,RCDP,227258.136688625,2018S1,221422.624027274,5835.512661351007
2018S2,05,SC - Blumenau e demais regiões,SC,TOTAL,235494.4899484,2018S1,229278.580178647,6215.909769752994
2019S1,05,SC - Blumenau e demais regiões,SC,APP,198413.711723052,2018S2,199435.170308766,-1021.4585857140191
2019S1,05,SC - Blumenau e demais regiões,SC,CASCO,218789.26508539,2018S2,219478.969807345,-689.7047219550004
2019S1,05,SC - Blumenau e demais regiões,SC,RCDM,227204.297946377,2018S2,226669.761355659,534.5365907179948
2019S1,05,SC - Blumenau e demais regiões,SC,RCDP,226884.889728113,2018S2,227258.136688625,-373.2469605120132
2019S1,05,SC - Blumenau e demais regiões,SC,TOTAL,235402.018476899,2018S2,235494.4899484,-92.47147150101955
2019S2,05,SC - Blumenau e demais regiões,SC,APP,198079.265497555,2019S1,198413.711723052,-334.4462254969985
2019S2,05,SC - Blumenau e demais regiões,SC,CASCO,218885.851202936,2019S1,218789.26508539,96.58611754598678
2019S2,05,SC - Blumenau e demais regiões,SC,RCDM,226821.541405226,2019S1,227204.297946377,-382.7565411510004
2019S2,05,SC - Blumenau e demais regiões,SC,RCDP,226667.681137715,2019S1,226884.889728113,-217.2085903979896
2019S2,05,SC - Blumenau e demais regiões,SC,TOTAL,234804.560398882,2019S1,235402.018476899,-597.4580780169927
2020S1,05,SC - Blumenau e demais regiões,SC,APP,156748.681310406,2019S2,198079.265497555,-41330.58418714898
2020S1,05,SC - Blumenau e demais regiões,SC,CASCO,195206.360462049,2019S2,218885.851202936,-23679.490740887006
2020S1,05,SC - Blumenau e demais regiões,SC,RCDM,179873.078511676,2019S2,226821.541405226,-46948.46289354999
2020S1,05,SC - Blumenau e demais regiões,SC,RCDP,179684.33604579,2019S2,226667.681137715,-46983.345091925
2020S1,05,SC - Blumenau e demais regiões,SC,TOTAL,208226.006976793,2019S2,234804.560398882,-26578.553422088997
2020S2,05,SC - Blumenau e demais regiões,SC,APP,192389.197329901,2020S1,156748.681310406,35640.516019495
2020S2,05,SC - Blumenau e demais regiões,SC,CASCO,212123.865306215,2020S1,195206.360462049,16917.50484416602
2020S2,05,SC - Blumenau e demais regiões,SC,RCDM,214598.196753291,2020S1,179873.078511676,34725.11824161501
2020S2,05,SC - Blumenau e demais regiões,SC,RCDP,214358.818682112,2020S1,179684.33604579,34674.482636322005
2020S2,05,SC - Blumenau e demais regiões,SC,TOTAL,222087.015767828,2020S1,208226.006976793,13861.008791035012
2016S1,06,PR - F.Iguaþu-Medianeira-Cascavel-Toledo,PR,APP,54082.8474644064,2015S2,,
2016S1,06,PR - F.Iguaþu-Medianeira-Cascavel-Toledo,PR,CASCO,64569.1868632366,2015S2,,
2016S1,06,PR - F.Iguaþu-Medianeira-Cascavel-Toledo,PR,RCDM,69310.6168641294,2015S2,,
2016S1,06,PR - F.Iguaþu-Medianeira-Cascavel-Toledo,PR,RCDP,69785.0552032762,2015S2,,
2016S1,06,PR - F.Iguaþu-Medianeira-Cascavel-Toledo,PR,TOTAL,72526.9866315755,2015S2,,
2016S2,06,PR - F.Iguaþu-Medianeira-Cascavel-Toledo,PR,APP,59303.2203463675,2016S1,54082.8474644064,5220.372881961106
2016S2,06,PR - F.Iguaþu-Medianeira-Cascavel-Toledo,PR,CASCO,73254.0419052392,2016S1,64569.1868632366,8684.855042002593
2016S2,06,PR - F.Iguaþu-Medianeira-Cascavel-Toledo,PR,RCDM,77492.5020597703,2016S1,69310.6168641294,8181.885195640891
2016S2,06,PR - F.Iguaþu-Medianeira-Cascavel-Toledo,PR,RCDP,78038.9678113544,2016S1,69785.0552032762,8253.9126080782
2016S2,06,PR - F.Iguaþu-Medianeira-Cascavel-Toledo,PR,TOTAL,80433.6965365764,2016S1,72526.9866315755,7906.709905000898
2017S1,06,PR - F.Iguaþu-Medianeira-Cascavel-Toledo,PR,APP,58123.8436488006,2016S2,59303.2203463675,-1179.376697566906
2017S1,06,PR - F.Iguaþu-Medianeira-Cascavel-Toledo,PR,CASCO,70309.4792236658,2016S2,73254.0419052392,-2944.5626815733995
2017S1,06,PR - F.Iguaþu-Medianeira-Cascavel-Toledo,PR,RCDM,75877.9257911597,2016S2,77492.5020597703,-1614.5762686106027
2017S1,06,PR - F.Iguaþu-Medianeira-Cascavel-Toledo,PR,RCDP,76265.7970239874,2016S2,78038.9678113544,-1773.1707873670093
2017S1,06,PR - F.Iguaþu-Medianeira-Cascavel-Toledo,PR,TOTAL,79085.3203058969,2016S2,80433.6965365764,-1348.3762306795106
2017S2,06,PR - F.Iguaþu-Medianeira-Cascavel-Toledo,PR,APP,60021.9573240597,2017S1,58123.8436488006,1898.1136752591046
2017S2,06,PR - F.Iguaþu-Medianeira-Cascavel-Toledo,PR,CASCO,72457.8227426033,2017S1,70309.4792236658,2148.3435189375014
2017S2,06,PR - F.Iguaþu-Medianeira-Cascavel-Toledo,PR,RCDM,78629.1513836519,2017S1,75877.9257911597,2751.2255924922065
2017S2,06,PR - F.Iguaþu-Medianeira-Cascavel-Toledo,PR,RCDP,79373.9157488332,2017S1,76265.7970239874,3108.118724845801
2017S2,06,PR - F.Iguaþu-Medianeira-Cascavel-Toledo,PR,TOTAL,82330.9951413223,2017S1,79085.3203058969,3245.6748354254087
2018S1,06,PR - F.Iguaþu-Medianeira-Cascavel-Toledo,PR,APP,59740.2053093207,2017S2,60021.9573240597,-281.75201473900233
2018S1,06,PR - F.Iguaþu-Medianeira-Cascavel-Toledo,PR,CASCO,73322.7915624818,2017S2,72457.8227426033,864.9688198785007
2018S1,06,PR - F.Iguaþu-Medianeira-Cascavel-Toledo,PR,RCDM,79129.2271790598,2017S2,78629.1513836519,500.07579540790175
2018S1,06,PR - F.Iguaþu-Medianeira-Cascavel-Toledo,PR,RCDP,79940.5751230437,2017S2,79373.9157488332,566.6593742105033
2018S1,06,PR - F.Iguaþu-Medianeira-Cascavel-Toledo,PR,TOTAL,82844.4299166668,2017S2,82330.9951413223,513.4347753445036
2018S2,06,PR - F.Iguaþu-Medianeira-Cascavel-Toledo,PR,APP,61064.4669039231,2018S1,59740.2053093207,1324.2615946024016
2018S2,06,PR - F.Iguaþu-Medianeira-Cascavel-Toledo,PR,CASCO,75308.2500914978,2018S1,73322.7915624818,1985.458529016003
2018S2,06,PR - F.Iguaþu-Medianeira-Cascavel-Toledo,PR,RCDM,81409.9568223339,2018S1,79129.2271790598,2280.7296432740986
2018S2,06,PR - F.Iguaþu-Medianeira-Cascavel-Toledo,PR,RCDP,81916.0170817482,2018S1,79940.5751230437,1975.4419587044977
2018S2,06,PR - F.Iguaþu-Medianeira-Cascavel-Toledo,PR,TOTAL,85048.795105692,2018S1,82844.4299166668,2204.365189025193
2019S1,06,PR - F.Iguaþu-Medianeira-Cascavel-Toledo,PR,APP,61741.2354361182,2018S2,61064.4669039231,676.7685321950994
2019S1,06,PR - F.Iguaþu-Medianeira-Cascavel-Toledo,PR,CASCO,76516.8737406987,2018S2,75308.2500914978,1208.6236492009048
2019S1,06,PR - F.Iguaþu-Medianeira-Cascavel-Toledo,PR,RCDM,82704.5833283109,2018S2,81409.9568223339,1294.626505976994
2019S1,06,PR - F.Iguaþu-Medianeira-Cascavel-Toledo,PR,RCDP,83120.2107255696,2018S2,81916.0170817482,1204.1936438214034
2019S1,06,PR - F.Iguaþu-Medianeira-Cascavel-Toledo,PR,TOTAL,86857.5066096378,2018S2,85048.795105692,1808.7115039458004
2019S2,06,PR - F.Iguaþu-Medianeira-Cascavel-Toledo,PR,APP,63320.5078114485,2019S1,61741.2354361182,1579.2723753302998
2019S2,06,PR - F.Iguaþu-Medianeira-Cascavel-Toledo,PR,CASCO,78624.3786088559,2019S1,76516.8737406987,2107.5048681571934
2019S2,06,PR - F.Iguaþu-Medianeira-Cascavel-Toledo,PR,RCDM,84678.0689016036,2019S1,82704.5833283109,1973.48557329271
2019S2,06,PR - F.Iguaþu-Medianeira-Cascavel-Toledo,PR,RCDP,85120.2825921238,2019S1,83120.2107255696,2000.0718665541935
2019S2,06,PR - F.Iguaþu-Medianeira-Cascavel-Toledo,PR,TOTAL,88679.6469057165,2019S1,86857.5066096378,1822.1402960786945
2020S1,06,PR - F.Iguaþu-Medianeira-Cascavel-Toledo,PR,APP,51767.0791833121,2019S2,63320.5078114485,-11553.428628136404
2020S1,06,PR - F.Iguaþu-Medianeira-Cascavel-Toledo,PR,CASCO,77114.7118340358,2019S2,78624.3786088559,-1509.6667748200998
2020S1,06,PR - F.Iguaþu-Medianeira-Cascavel-Toledo,PR,RCDM,70747.7037597005,2019S2,84678.0689016036,-13930.365141903108
2020S1,06,PR - F.Iguaþu-Medianeira-Cascavel-Toledo,PR,RCDP,70942.6626621513,2019S2,85120.2825921238,-14177.619929972498
2020S1,06,PR - F.Iguaþu-Medianeira-Cascavel-Toledo,PR,TOTAL,86460.9254872138,2019S2,88679.6469057165,-2218.721418502697
2020S2,06,PR - F.Iguaþu-Medianeira-Cascavel-Toledo,PR,APP,67075.3378562359,2020S1,51767.0791833121,15308.258672923803
2020S2,06,PR - F.Iguaþu-Medianeira-Cascavel-Toledo,PR,CASCO,82095.373091918,2020S1,77114.7118340358,4980.661257882195
2020S2,06,PR - F.Iguaþu-Medianeira-Cascavel-Toledo,PR,RCDM,86639.4606826189,2020S1,70747.7037597005,15891.756922918401
2020S2,06,PR - F.Iguaþu-Medianeira-Cascavel-Toledo,PR,RCDP,86528.7291815472,2020S1,70942.6626621513,15586.0665193959
2020S2,06,PR - F.Iguaþu-Medianeira-Cascavel-Toledo,PR,TOTAL,90597.942803896,2020S1,86460.9254872138,4137.017316682206
2016S1,07,PR - Met. Curitiba,PR,APP,250769.295131195,2015S2,,
2016S1,07,PR - Met. Curitiba,PR,CASCO,287323.575962184,2015S2,,
2016S1,07,PR - Met. Curitiba,PR,RCDM,303181.142895503,2015S2,,
2016S1,07,PR - Met. Curitiba,PR,RCDP,303474.910002185,2015S2,,
2016S1,07,PR - Met. Curitiba,PR,TOTAL,313765.046802658,2015S2,,
2016S2,07,PR - Met. Curitiba,PR,APP,265412.280550558,2016S1,250769.295131195,14642.985419363016
2016S2,07,PR - Met. Curitiba,PR,CASCO,314477.473845891,2016S1,287323.575962184,27153.897883707017
2016S2,07,PR - Met. Curitiba,PR,RCDM,335757.640686155,2016S1,303181.142895503,32576.497790651978
2016S2,07,PR - Met. Curitiba,PR,RCDP,336275.6982193,2016S1,303474.910002185,32800.78821711504
2016S2,07,PR - Met. Curitiba,PR,TOTAL,350958.037730581,2016S1,313765.046802658,37192.990927923005
2017S1,07,PR - Met. Curitiba,PR,APP,259883.87595591,2016S2,265412.280550558,-5528.404594647989
2017S1,07,PR - Met. Curitiba,PR,CASCO,302047.18539916,2016S2,314477.473845891,-12430.288446730992
2017S1,07,PR - Met. Curitiba,PR,RCDM,327870.478624458,2016S2,335757.640686155,-7887.1620616969885
2017S1,07,PR - Met. Curitiba,PR,RCDP,328271.511504081,2016S2,336275.6982193,-8004.186715218995
2017S1,07,PR - Met. Curitiba,PR,TOTAL,338488.692301913,2016S2,350958.037730581,-12469.34542866802
2017S2,07,PR - Met. Curitiba,PR,APP,262470.993497069,2017S1,259883.87595591,2587.1175411589793
2017S2,07,PR - Met. Curitiba,PR,CASCO,306066.277149717,2017S1,302047.18539916,4019.0917505569523
2017S2,07,PR - Met. Curitiba,PR,RCDM,331211.71242298,2017S1,327870.478624458,3341.2337985219783
2017S2,07,PR - Met. Curitiba,PR,RCDP,332729.200041388,2017S1,328271.511504081,4457.688537306967
2017S2,07,PR - Met. Curitiba,PR,TOTAL,344523.501173171,2017S1,338488.692301913,6034.808871257992
2018S1,07,PR - Met. Curitiba,PR,APP,258307.769194293,2017S2,262470.993497069,-4163.224302775983
2018S1,07,PR - Met. Curitiba,PR,CASCO,304842.936166349,2017S2,306066.277149717,-1223.3409833679907
2018S1,07,PR - Met. Curitiba,PR,RCDM,326691.204556764,2017S2,331211.71242298,-4520.507866216009
2018S1,07,PR - Met. Curitiba,PR,RCDP,327567.431952209,2017S2,332729.200041388,-5161.768089179008
2018S1,07,PR - Met. Curitiba,PR,TOTAL,340137.538779119,2017S2,344523.501173171,-4385.9623940520105
2018S2,07,PR - Met. Curitiba,PR,APP,264315.02091467,2018S1,258307.769194293,6007.251720377011
2018S2,07,PR - Met. Curitiba,PR,CASCO,315941.12364145,2018S1,304842.936166349,11098.187475101033
2018S2,07,PR - Met. Curitiba,PR,RCDM,334289.233016832,2018S1,326691.204556764,7598.028460067988
2018S2,07,PR - Met. Curitiba,PR,RCDP,334472.515215032,2018S1,327567.431952209,6905.083262822998
2018S2,07,PR - Met. Curitiba,PR,TOTAL,350304.555984851,2018S1,340137.538779119,10167.017205732001
2019S1,07,PR - Met. Curitiba,PR,APP,259819.533461208,2018S2,264315.02091467,-4495.487453462032
2019S1,07,PR - Met. Curitiba,PR,CASCO,319000.431930258,2018S2,315941.12364145,3059.3082888079807
2019S1,07,PR - Met. Curitiba,PR,RCDM,331226.481225332,2018S2,334289.233016832,-3062.7517914999626
2019S1,07,PR - Met. Curitiba,PR,RCDP,330178.845614141,2018S2,334472.515215032,-4293.669600890949
2019S1,07,PR - Met. Curitiba,PR,TOTAL,352981.738708504,2018S2,350304.555984851,2677.182723653037
2019S2,07,PR - Met. Curitiba,PR,APP,258019.387189085,2019S1,259819.533461208,-1800.1462721229764
2019S2,07,PR - Met. Curitiba,PR,CASCO,316235.001962431,2019S1,319000.431930258,-2765.429967826989
2019S2,07,PR - Met. Curitiba,PR,RCDM,328263.289641773,2019S1,331226.481225332,-2963.1915835590335
2019S2,07,PR - Met. Curitiba,PR,RCDP,328172.349931322,2019S1,330178.845614141,-2006.495682819048
2019S2,07,PR - Met. Curitiba,PR,TOTAL,347642.996009286,2019S1,352981.738708504,-5338.742699217983
2020S1,07,PR - Met. Curitiba,PR,APP,203660.727448878,2019S2,258019.387189085,-54358.65974020702
2020S1,07,PR - Met. Curitiba,PR,CASCO,296742.466413126,2019S2,316235.001962431,-19492.53554930503
2020S1,07,PR - Met. Curitiba,PR,RCDM,266503.253282535,2019S2,328263.289641773,-61760.03635923797
2020S1,07,PR - Met. Curitiba,PR,RCDP,267161.686152422,2019S2,328172.349931322,-61010.663778899994
2020S1,07,PR - Met. Curitiba,PR,TOTAL,326318.79784482,2019S2,347642.996009286,-21324.19816446601
2020S2,07,PR - Met. Curitiba,PR,APP,270076.014287909,2020S1,203660.727448878,66415.28683903103
2020S2,07,PR - Met. Curitiba,PR,CASCO,342341.577076883,2020S1,296742.466413126,45599.11066375702
2020S2,07,PR - Met. Curitiba,PR,RCDM,352868.029184444,2020S1,266503.253282535,86364.77590190899
2020S2,07,PR - Met. Curitiba,PR,RCDP,352580.50048559,2020S1,267161.686152422,85418.81433316803
2020S2,07,PR - Met. Curitiba,PR,TOTAL,373228.905437269,2020S1,326318.79784482,46910.107592449
2016S1,08,PR - Demais regiões,PR,APP,174872.476419826,2015S2,,
2016S1,08,PR - Demais regiões,PR,CASCO,201434.480917403,2015S2,,
2016S1,08,PR - Demais regiões,PR,RCDM,219926.40414696,2015S2,,
2016S1,08,PR - Demais regiões,PR,RCDP,217174.645274303,2015S2,,
2016S1,08,PR - Demais regiões,PR,TOTAL,228211.04235631,2015S2,,
2016S2,08,PR - Demais regiões,PR,APP,187059.811580318,2016S1,174872.476419826,12187.335160491988
2016S2,08,PR - Demais regiões,PR,CASCO,220728.775022482,2016S1,201434.480917403,19294.294105078996
2016S2,08,PR - Demais regiões,PR,RCDM,237455.484402144,2016S1,219926.40414696,17529.080255184002
2016S2,08,PR - Demais regiões,PR,RCDP,237686.865232083,2016S1,217174.645274303,20512.219957779977
2016S2,08,PR - Demais regiões,PR,TOTAL,247693.840401866,2016S1,228211.04235631,19482.798045556003
2017S1,08,PR - Demais regiões,PR,APP,182655.262446764,2016S2,187059.811580318,-4404.549133553985
2017S1,08,PR - Demais regiões,PR,CASCO,212676.596593982,2016S2,220728.775022482,-8052.178428500018
2017S1,08,PR - Demais regiões,PR,RCDM,229938.621223057,2016S2,237455.484402144,-7516.863179086999
2017S1,08,PR - Demais regiões,PR,RCDP,230132.319851328,2016S2,237686.865232083,-7554.545380754978
2017S1,08,PR - Demais regiões,PR,TOTAL,238551.396545741,2016S2,247693.840401866,-9142.443856124999
2017S2,08,PR - Demais regiões,PR,APP,186023.019951273,2017S1,182655.262446764,3367.757504508976
2017S2,08,PR - Demais regiões,PR,CASCO,218681.545071845,2017S1,212676.596593982,6004.948477863014
2017S2,08,PR - Demais regiões,PR,RCDM,229146.769526946,2017S1,229938.621223057,-791.8516961109999
2017S2,08,PR - Demais regiões,PR,RCDP,230175.522926003,2017S1,230132.319851328,43.20307467499515
2017S2,08,PR - Demais regiões,PR,TOTAL,239507.804913457,2017S1,238551.396545741,956.4083677159797
2018S1,08,PR - Demais regiões,PR,APP,183827.72278163,2017S2,186023.019951273,-2195.2971696429886
2018S1,08,PR - Demais regiões,PR,CASCO,217797.572007157,2017S2,218681.545071845,-883.9730646880053
2018S1,08,PR - Demais regiões,PR,RCDM,227206.719928903,2017S2,229146.769526946,-1940.0495980429987
2018S1,08,PR - Demais regiões,PR,RCDP,228107.541842536,2017S2,230175.522926003,-2067.9810834669915
2018S1,08,PR - Demais regiões,PR,TOTAL,237442.010320324,2017S2,239507.804913457,-2065.794593132974
2018S2,08,PR - Demais regiões,PR,APP,187924.107580804,2018S1,183827.72278163,4096.384799174004
2018S2,08,PR - Demais regiões,PR,CASCO,225272.018926845,2018S1,217797.572007157,7474.4469196879945
2018S2,08,PR - Demais regiões,PR,RCDM,236174.750254577,2018S1,227206.719928903,8968.030325673986
2018S2,08,PR - Demais regiões,PR,RCDP,236266.679027137,2018S1,228107.541842536,8159.137184600986
2018S2,08,PR - Demais regiões,PR,TOTAL,246573.325382573,2018S1,237442.010320324,9131.315062248992
2019S1,08,PR - Demais regiões,PR,APP,186199.944668967,2018S2,187924.107580804,-1724.1629118370183
2019S1,08,PR - Demais regiões,PR,CASCO,225378.752770681,2018S2,225272.018926845,106.73384383600205
2019S1,08,PR - Demais regiões,PR,RCDM,235709.903439089,2018S2,236174.750254577,-464.8468154880102
2019S1,08,PR - Demais regiões,PR,RCDP,235313.687005416,2018S2,236266.679027137,-952.992021721002
2019S1,08,PR - Demais regiões,PR,TOTAL,246642.906151322,2018S2,246573.325382573,69.58076874900144
2019S2,08,PR - Demais regiões,PR,APP,182374.156459955,2019S1,186199.944668967,-3825.788209011982
2019S2,08,PR - Demais regiões,PR,CASCO,220944.358073424,2019S1,225378.752770681,-4434.3946972569975
2019S2,08,PR - Demais regiões,PR,RCDM,229611.122345269,2019S1,235709.903439089,-6098.781093819998
2019S2,08,PR - Demais regiões,PR,RCDP,229718.667573062,2019S1,235313.687005416,-5595.019432353991
2019S2,08,PR - Demais regiões,PR,TOTAL,240186.902934639,2019S1,246642.906151322,-6456.003216683021
2020S1,08,PR - Demais regiões,PR,APP,151947.064862228,2019S2,182374.156459955,-30427.091597727005
2020S1,08,PR - Demais regiões,PR,CASCO,207891.927469639,2019S2,220944.358073424,-13052.430603785004
2020S1,08,PR - Demais regiões,PR,RCDM,191913.826401351,2019S2,229611.122345269,-37697.295943918
2020S1,08,PR - Demais regiões,PR,RCDP,191720.670238242,2019S2,229718.667573062,-37997.997334820015
2020S1,08,PR - Demais regiões,PR,TOTAL,224678.568520991,2019S2,240186.902934639,-15508.334413648001
2020S2,08,PR - Demais regiões,PR,APP,195643.317838336,2020S1,151947.064862228,43696.25297610799
2020S2,08,PR - Demais regiões,PR,CASCO,233931.908604591,2020S1,207891.927469639,26039.981134952017
2020S2,08,PR - Demais regiões,PR,RCDM,238864.549689244,2020S1,191913.826401351,46950.72328789302
2020S2,08,PR - Demais regiões,PR,RCDP,238322.768884589,2020S1,191720.670238242,46602.098646347
2020S2,08,PR - Demais regiões,PR,TOTAL,248195.456332878,2020S1,224678.568520991,23516.88781188702
2016S1,09,SP - Vale do Paraíba e Ribeira,SP,APP,120978.844457848,2015S2,,
2016S1,09,SP - Vale do Paraíba e Ribeira,SP,CASCO,208168.575606063,2015S2,,
2016S1,09,SP - Vale do Paraíba e Ribeira,SP,RCDM,204613.425016963,2015S2,,
2016S1,09,SP - Vale do Paraíba e Ribeira,SP,RCDP,203520.170255903,2015S2,,
2016S1,09,SP - Vale do Paraíba e Ribeira,SP,TOTAL,212976.290602967,2015S2,,
2016S2,09,SP - Vale do Paraíba e Ribeira,SP,APP,123641.338961816,2016S1,120978.844457848,2662.4945039680024
2016S2,09,SP - Vale do Paraíba e Ribeira,SP,CASCO,228162.665138023,2016S1,208168.575606063,19994.089531959995
2016S2,09,SP - Vale do Paraíba e Ribeira,SP,RCDM,212934.270769429,2016S1,204613.425016963,8320.845752465975
2016S2,09,SP - Vale do Paraíba e Ribeira,SP,RCDP,211838.791348661,2016S1,203520.170255903,8318.621092757996
2016S2,09,SP - Vale do Paraíba e Ribeira,SP,TOTAL,232733.300676506,2016S1,212976.290602967,19757.010073539015
2017S1,09,SP - Vale do Paraíba e Ribeira,SP,APP,120115.966758537,2016S2,123641.338961816,-3525.3722032789956
2017S1,09,SP - Vale do Paraíba e Ribeira,SP,CASCO,209267.815793101,2016S2,228162.665138023,-18894.849344921997
2017S1,09,SP - Vale do Paraíba e Ribeira,SP,RCDM,204064.999382108,2016S2,212934.270769429,-8869.271387320972
2017S1,09,SP - Vale do Paraíba e Ribeira,SP,RCDP,202742.130894111,2016S2,211838.791348661,-9096.660454550001
2017S1,09,SP - Vale do Paraíba e Ribeira,SP,TOTAL,214224.273330305,2016S2,232733.300676506,-18509.02734620101
2017S2,09,SP - Vale do Paraíba e Ribeira,SP,APP,123643.14718384,2017S1,120115.966758537,3527.1804253029986
2017S2,09,SP - Vale do Paraíba e Ribeira,SP,CASCO,216737.037787156,2017S1,209267.815793101,7469.2219940549985
2017S2,09,SP - Vale do Paraíba e Ribeira,SP,RCDM,210569.205059921,2017S1,204064.999382108,6504.205677812977
2017S2,09,SP - Vale do Paraíba e Ribeira,SP,RCDP,209453.816030426,2017S1,202742.130894111,6711.685136315005
2017S2,09,SP - Vale do Paraíba e Ribeira,SP,TOTAL,222935.7554545,2017S1,214224.273330305,8711.482124194998
2018S1,09,SP - Vale do Paraíba e Ribeira,SP,APP,130674.85988837,2017S2,123643.14718384,7031.71270453
2018S1,09,SP - Vale do Paraíba e Ribeira,SP,CASCO,225797.130851035,2017S2,216737.037787156,9060.093063879001
2018S1,09,SP - Vale do Paraíba e Ribeira,SP,RCDM,219875.832236717,2017S2,210569.205059921,9306.627176795999
2018S1,09,SP - Vale do Paraíba e Ribeira,SP,RCDP,218151.845939865,2017S2,209453.816030426,8698.029909438977
2018S1,09,SP - Vale do Paraíba e Ribeira,SP,TOTAL,231569.404814631,2017S2,222935.7554545,8633.649360131007
2018S2,09,SP - Vale do Paraíba e Ribeira,SP,APP,133594.908517657,2018S1,130674.85988837,2920.04862928699
2018S2,09,SP - Vale do Paraíba e Ribeira,SP,CASCO,234510.809838841,2018S1,225797.130851035,8713.678987805994
2018S2,09,SP - Vale do Paraíba e Ribeira,SP,RCDM,226789.593582436,2018S1,219875.832236717,6913.761345719016
2018S2,09,SP - Vale do Paraíba e Ribeira,SP,RCDP,224569.73883342,2018S1,218151.845939865,6417.892893555021
2018S2,09,SP - Vale do Paraíba e Ribeira,SP,TOTAL,240488.998717115,2018S1,231569.404814631,8919.59390248399
2019S1,09,SP - Vale do Paraíba e Ribeira,SP,APP,135966.928377856,2018S2,133594.908517657,2372.0198601990123
2019S1,09,SP - Vale do Paraíba e Ribeira,SP,CASCO,234356.421222443,2018S2,234510.809838841,-154.38861639800598
2019S1,09,SP - Vale do Paraíba e Ribeira,SP,RCDM,227950.944537781,2018S2,226789.593582436,1161.3509553449985
2019S1,09,SP - Vale do Paraíba e Ribeira,SP,RCDP,225920.525374012,2018S2,224569.73883342,1350.786540592002
2019S1,09,SP - Vale do Paraíba e Ribeira,SP,TOTAL,242367.221216543,2018S2,240488.998717115,1878.2224994279968
2019S2,09,SP - Vale do Paraíba e Ribeira,SP,APP,136827.108313861,2019S1,135966.928377856,860.1799360050063
2019S2,09,SP - Vale do Paraíba e Ribeira,SP,CASCO,239395.612202984,2019S1,234356.421222443,5039.190980540996
2019S2,09,SP - Vale do Paraíba e Ribeira,SP,RCDM,228124.957806689,2019S1,227950.944537781,174.013268907991
2019S2,09,SP - Vale do Paraíba e Ribeira,SP,RCDP,226140.440051196,2019S1,225920.525374012,219.9146771839878
2019S2,09,SP - Vale do Paraíba e Ribeira,SP,TOTAL,247733.031234907,2019S1,242367.221216543,5365.810018363991
2020S1,09,SP - Vale do Paraíba e Ribeira,SP,APP,82843.2214235584,2019S2,136827.108313861,-53983.886890302616
2020S1,09,SP - Vale do Paraíba e Ribeira,SP,CASCO,207962.140597073,2019S2,239395.612202984,-31433.471605910978
2020S1,09,SP - Vale do Paraíba e Ribeira,SP,RCDM,129300.561039056,2019S2,228124.957806689,-98824.39676763299
2020S1,09,SP - Vale do Paraíba e Ribeira,SP,RCDP,128070.317205859,2019S2,226140.440051196,-98070.122845337
2020S1,09,SP - Vale do Paraíba e Ribeira,SP,TOTAL,215758.74336072,2019S2,247733.031234907,-31974.287874186994
2020S2,09,SP - Vale do Paraíba e Ribeira,SP,APP,114538.824149007,2020S1,82843.2214235584,31695.60272544861
2020S2,09,SP - Vale do Paraíba e Ribeira,SP,CASCO,189339.098822645,2020S1,207962.140597073,-18623.041774428013
2020S2,09,SP - Vale do Paraíba e Ribeira,SP,RCDM,176150.680099408,2020S1,129300.561039056,46850.11906035199
2020S2,09,SP - Vale do Paraíba e Ribeira,SP,RCDP,174391.299327459,2020S1,128070.317205859,46320.98212160001
2020S2,09,SP - Vale do Paraíba e Ribeira,SP,TOTAL,196325.879524248,2020S1,215758.74336072,-19432.86383647198
2016S1,10,SP - Litoral Norte e Baixada Santista,SP,APP,38344.1874279911,2015S2,,
2016S1,10,SP - Litoral Norte e Baixada Santista,SP,CASCO,59961.5756647922,2015S2,,
2016S1,10,SP - Litoral Norte e Baixada Santista,SP,RCDM,59186.5784191038,2015S2,,
2016S1,10,SP - Litoral Norte e Baixada Santista,SP,RCDP,58770.4825428445,2015S2,,
2016S1,10,SP - Litoral Norte e Baixada Santista,SP,TOTAL,61207.1290591881,2015S2,,
2016S2,10,SP - Litoral Norte e Baixada Santista,SP,APP,39692.733074395,2016S1,38344.1874279911,1348.5456464039016
2016S2,10,SP - Litoral Norte e Baixada Santista,SP,CASCO,63746.6584828021,2016S1,59961.5756647922,3785.082818009898
2016S2,10,SP - Litoral Norte e Baixada Santista,SP,RCDM,60437.014690788,2016S1,59186.5784191038,1250.4362716842006
2016S2,10,SP - Litoral Norte e Baixada Santista,SP,RCDP,60135.7681256901,2016S1,58770.4825428445,1365.2855828456013
2016S2,10,SP - Litoral Norte e Baixada Santista,SP,TOTAL,65161.9242105377,2016S1,61207.1290591881,3954.795151349601
2017S1,10,SP - Litoral Norte e Baixada Santista,SP,APP,38480.2053585947,2016S2,39692.733074395,-1212.527715800301
2017S1,10,SP - Litoral Norte e Baixada Santista,SP,CASCO,58144.2710469686,2016S2,63746.6584828021,-5602.3874358335015
2017S1,10,SP - Litoral Norte e Baixada Santista,SP,RCDM,57013.1943402602,2016S2,60437.014690788,-3423.8203505277997
2017S1,10,SP - Litoral Norte e Baixada Santista,SP,RCDP,56654.3340673326,2016S2,60135.7681256901,-3481.434058357496
2017S1,10,SP - Litoral Norte e Baixada Santista,SP,TOTAL,59581.9641960394,2016S2,65161.9242105377,-5579.960014498298
2017S2,10,SP - Litoral Norte e Baixada Santista,SP,APP,40305.4207139155,2017S1,38480.2053585947,1825.2153553207972
2017S2,10,SP - Litoral Norte e Baixada Santista,SP,CASCO,60867.1543928632,2017S1,58144.2710469686,2722.883345894603
2017S2,10,SP - Litoral Norte e Baixada Santista,SP,RCDM,59156.0311483764,2017S1,57013.1943402602,2142.8368081162043
2017S2,10,SP - Litoral Norte e Baixada Santista,SP,RCDP,58883.9380014301,2017S1,56654.3340673326,2229.6039340974967
2017S2,10,SP - Litoral Norte e Baixada Santista,SP,TOTAL,62856.324208077,2017S1,59581.9641960394,3274.3600120375995
2018S1,10,SP - Litoral Norte e Baixada Santista,SP,APP,42165.6848089076,2017S2,40305.4207139155,1860.2640949921042
2018S1,10,SP - Litoral Norte e Baixada Santista,SP,CASCO,63418.8436513571,2017S2,60867.1543928632,2551.689258493898
2018S1,10,SP - Litoral Norte e Baixada Santista,SP,RCDM,61136.2244800599,2017S2,59156.0311483764,1980.1933316834984
2018S1,10,SP - Litoral Norte e Baixada Santista,SP,RCDP,60702.6847546306,2017S2,58883.9380014301,1818.746753200503
2018S1,10,SP - Litoral Norte e Baixada Santista,SP,TOTAL,64938.5477591981,2017S2,62856.324208077,2082.223551121104
2018S2,10,SP - Litoral Norte e Baixada Santista,SP,APP,43334.3850343102,2018S1,42165.6848089076,1168.700225402601
2018S2,10,SP - Litoral Norte e Baixada Santista,SP,CASCO,65701.4583893265,2018S1,63418.8436513571,2282.614737969394
2018S2,10,SP - Litoral Norte e Baixada Santista,SP,RCDM,62855.1187304314,2018S1,61136.2244800599,1718.8942503715007
2018S2,10,SP - Litoral Norte e Baixada Santista,SP,RCDP,62333.3872341961,2018S1,60702.6847546306,1630.7024795655016
2018S2,10,SP - Litoral Norte e Baixada Santista,SP,TOTAL,67371.2391693946,2018S1,64938.5477591981,2432.691410196494
2019S1,10,SP - Litoral Norte e Baixada Santista,SP,APP,43555.3121969602,2018S2,43334.3850343102,220.92716264999763
2019S1,10,SP - Litoral Norte e Baixada Santista,SP,CASCO,65750.7422710801,2018S2,65701.4583893265,49.28388175361033
2019S1,10,SP - Litoral Norte e Baixada Santista,SP,RCDM,62824.6052944404,2018S2,62855.1187304314,-30.513435991000733
2019S1,10,SP - Litoral Norte e Baixada Santista,SP,RCDP,62178.5203642556,2018S2,62333.3872341961,-154.8668699405025
2019S1,10,SP - Litoral Norte e Baixada Santista,SP,TOTAL,67878.3915807609,2018S2,67371.2391693946,507.15241136630357
2019S2,10,SP - Litoral Norte e Baixada Santista,SP,APP,43973.5740136537,2019S1,43555.3121969602,418.261816693499
2019S2,10,SP - Litoral Norte e Baixada Santista,SP,CASCO,68543.0774680348,2019S1,65750.7422710801,2792.335196954693
2019S2,10,SP - Litoral Norte e Baixada Santista,SP,RCDM,63498.6611341322,2019S1,62824.6052944404,674.0558396917986
2019S2,10,SP - Litoral Norte e Baixada Santista,SP,RCDP,62883.7104652952,2019S1,62178.5203642556,705.1901010395959
2019S2,10,SP - Litoral Norte e Baixada Santista,SP,TOTAL,70451.4253646112,2019S1,67878.3915807609,2573.0337838503037
2020S1,10,SP - Litoral Norte e Baixada Santista,SP,APP,27887.4847186124,2019S2,43973.5740136537,-16086.0892950413
2020S1,10,SP - Litoral Norte e Baixada Santista,SP,CASCO,64529.8733525006,2019S2,68543.0774680348,-4013.204115534194
2020S1,10,SP - Litoral Norte e Baixada Santista,SP,RCDM,38594.5312568583,2019S2,63498.6611341322,-24904.129877273896
2020S1,10,SP - Litoral Norte e Baixada Santista,SP,RCDP,38254.0956402472,2019S2,62883.7104652952,-24629.614825047996
2020S1,10,SP - Litoral Norte e Baixada Santista,SP,TOTAL,66111.1254031784,2019S2,70451.4253646112,-4340.2999614328
2020S2,10,SP - Litoral Norte e Baixada Santista,SP,APP,34310.7113032728,2020S1,27887.4847186124,6423.226584660402
2020S2,10,SP - Litoral Norte e Baixada Santista,SP,CASCO,54713.0560115669,2020S1,64529.8733525006,-9816.817340933703
2020S2,10,SP - Litoral Norte e Baixada Santista,SP,RCDM,46556.0534592732,2020S1,38594.5312568583,7961.522202414897
2020S2,10,SP - Litoral Norte e Baixada Santista,SP,RCDP,46106.3931976235,2020S1,38254.0956402472,7852.297557376303
2020S2,10,SP - Litoral Norte e Baixada Santista,SP,TOTAL,56262.8559753764,2020S1,66111.1254031784,-9848.269427802006
2016S1,11,SP - Met. de São Paulo,SP,APP,824237.600048091,2015S2,,
2016S1,11,SP - Met. de São Paulo,SP,CASCO,1492933.57552759,2015S2,,
2016S1,11,SP - Met. de São Paulo,SP,RCDM,1522197.01182435,2015S2,,
2016S1,11,SP - Met. de São Paulo,SP,RCDP,1520848.62025957,2015S2,,
2016S1,11,SP - Met. de São Paulo,SP,TOTAL,1602086.1856857,2015S2,,
2016S2,11,SP - Met. de São Paulo,SP,APP,841371.485718489,2016S1,824237.600048091,17133.885670398013
2016S2,11,SP - Met. de São Paulo,SP,CASCO,1636770.64518883,2016S1,1492933.57552759,143837.0696612401
2016S2,11,SP - Met. de São Paulo,SP,RCDM,1527822.13074364,2016S1,1522197.01182435,5625.118919289904
2016S2,11,SP - Met. de São Paulo,SP,RCDP,1527556.27063357,2016S1,1520848.62025957,6707.650373999961
2016S2,11,SP - Met. de São Paulo,SP,TOTAL,1749241.81134601,2016S1,1602086.1856857,147155.62566031003
2017S1,11,SP - Met. de São Paulo,SP,APP,806985.951186587,2016S2,841371.485718489,-34385.534531902056
2017S1,11,SP - Met. de São Paulo,SP,CASCO,1448834.51917607,2016S2,1636770.64518883,-187936.12601275998
2017S1,11,SP - Met. de São Paulo,SP,RCDM,1449732.23459598,2016S2,1527822.13074364,-78089.89614765998
2017S1,11,SP - Met. de São Paulo,SP,RCDP,1445740.32775404,2016S2,1527556.27063357,-81815.9428795299
2017S1,11,SP - Met. de São Paulo,SP,TOTAL,1559938.22066979,2016S2,1749241.81134601,-189303.59067622013
2017S2,11,SP - Met. de São Paulo,SP,APP,846711.790164961,2017S1,806985.951186587,39725.83897837403
2017S2,11,SP - Met. de São Paulo,SP,CASCO,1504328.09224928,2017S1,1448834.51917607,55493.57307320996
2017S2,11,SP - Met. de São Paulo,SP,RCDM,1470063.17596208,2017S1,1449732.23459598,20330.941366099985
2017S2,11,SP - Met. de São Paulo,SP,RCDP,1467831.39519125,2017S1,1445740.32775404,22091.067437209887
2017S2,11,SP - Met. de São Paulo,SP,TOTAL,1625049.21447601,2017S1,1559938.22066979,65110.993806220125
2018S1,11,SP - Met. de São Paulo,SP,APP,890770.86062867,2017S2,846711.790164961,44059.07046370895
2018S1,11,SP - Met. de São Paulo,SP,CASCO,1533129.26446935,2017S2,1504328.09224928,28801.172220069915
2018S1,11,SP - Met. de São Paulo,SP,RCDM,1510221.75790159,2017S2,1470063.17596208,40158.58193951007
2018S1,11,SP - Met. de São Paulo,SP,RCDP,1508318.95245685,2017S2,1467831.39519125,40487.55726560019
2018S1,11,SP - Met. de São Paulo,SP,TOTAL,1668714.48097432,2017S2,1625049.21447601,43665.266498310026
2018S2,11,SP - Met. de São Paulo,SP,APP,996193.727823889,2018S1,890770.86062867,105422.86719521903
2018S2,11,SP - Met. de São Paulo,SP,CASCO,1607307.35065862,2018S1,1533129.26446935,74178.08618927002
2018S2,11,SP - Met. de São Paulo,SP,RCDM,1625777.36021976,2018S1,1510221.75790159,115555.60231817001
2018S2,11,SP - Met. de São Paulo,SP,RCDP,1617580.66730775,2018S1,1508318.95245685,109261.7148509
2018S2,11,SP - Met. de São Paulo,SP,TOTAL,1752836.3575327,2018S1,1668714.48097432,84121.87655837997
2019S1,11,SP - Met. de São Paulo,SP,APP,932600.69875729,2018S2,996193.727823889,-63593.029066598974
2019S1,11,SP - Met. de São Paulo,SP,CASCO,1453609.46980284,2018S2,1607307.35065862,-153697.8808557801
2019S1,11,SP - Met. de São Paulo,SP,RCDM,1501246.95210582,2018S2,1625777.36021976,-124530.40811394015
2019S1,11,SP - Met. de São Paulo,SP,RCDP,1488195.05898923,2018S2,1617580.66730775,-129385.60831852001
2019S1,11,SP - Met. de São Paulo,SP,TOTAL,1601184.42581014,2018S2,1752836.3575327,-151651.93172255997
2019S2,11,SP - Met. de São Paulo,SP,APP,928363.444555108,2019S1,932600.69875729,-4237.254202182055
2019S2,11,SP - Met. de São Paulo,SP,CASCO,1516802.86844012,2019S1,1453609.46980284,63193.3986372801
2019S2,11,SP - Met. de São Paulo,SP,RCDM,1472112.01965883,2019S1,1501246.95210582,-29134.93244698993
2019S2,11,SP - Met. de São Paulo,SP,RCDP,1461837.61456587,2019S1,1488195.05898923,-26357.44442336005
2019S2,11,SP - Met. de São Paulo,SP,TOTAL,1658697.41757618,2019S1,1601184.42581014,57512.99176603998
2020S1,11,SP - Met. de São Paulo,SP,APP,484902.495243859,2019S2,928363.444555108,-443460.94931124896
2020S1,11,SP - Met. de São Paulo,SP,CASCO,1327608.295686,2019S2,1516802.86844012,-189194.57275412
2020S1,11,SP - Met. de São Paulo,SP,RCDM,732945.168419188,2019S2,1472112.01965883,-739166.851239642
2020S1,11,SP - Met. de São Paulo,SP,RCDP,735393.65338375,2019S2,1461837.61456587,-726443.96118212
2020S1,11,SP - Met. de São Paulo,SP,TOTAL,1441268.67893479,2019S2,1658697.41757618,-217428.7386413901
2020S2,11,SP - Met. de São Paulo,SP,APP,594084.391664397,2020S1,484902.495243859,109181.89642053796
2020S2,11,SP - Met. de São Paulo,SP,CASCO,979071.471517797,2020S1,1327608.295686,-348536.82416820305
2020S2,11,SP - Met. de São Paulo,SP,RCDM,897799.971860883,2020S1,732945.168419188,164854.80344169494
2020S2,11,SP - Met. de São Paulo,SP,RCDP,902844.561127767,2020S1,735393.65338375,167450.90774401696
2020S2,11,SP - Met. de São Paulo,SP,TOTAL,1091187.85982505,2020S1,1441268.67893479,-350080.81910973997
2016S1,12,SP - Grande Campinas,SP,APP,151131.149912016,2015S2,,
2016S1,12,SP - Grande Campinas,SP,CASCO,262051.656466024,2015S2,,
2016S1,12,SP - Grande Campinas,SP,RCDM,264007.505720778,2015S2,,
2016S1,12,SP - Grande Campinas,SP,RCDP,263453.193409344,2015S2,,
2016S1,12,SP - Grande Campinas,SP,TOTAL,271022.743915325,2015S2,,
2016S2,12,SP - Grande Campinas,SP,APP,160369.19546711,2016S1,151131.149912016,9238.045555093995
2016S2,12,SP - Grande Campinas,SP,CASCO,316627.318628817,2016S1,262051.656466024,54575.662162792985
2016S2,12,SP - Grande Campinas,SP,RCDM,307672.343316202,2016S1,264007.505720778,43664.837595423975
2016S2,12,SP - Grande Campinas,SP,RCDP,307274.420044803,2016S1,263453.193409344,43821.226635458996
2016S2,12,SP - Grande Campinas,SP,TOTAL,324669.523956339,2016S1,271022.743915325,53646.78004101402
2017S1,12,SP - Grande Campinas,SP,APP,157294.492661493,2016S2,160369.19546711,-3074.7028056170093
2017S1,12,SP - Grande Campinas,SP,CASCO,300653.379781821,2016S2,316627.318628817,-15973.938846995996
2017S1,12,SP - Grande Campinas,SP,RCDM,300124.133220898,2016S2,307672.343316202,-7548.210095304006
2017S1,12,SP - Grande Campinas,SP,RCDP,299541.768841069,2016S2,307274.420044803,-7732.651203733985
2017S1,12,SP - Grande Campinas,SP,TOTAL,308456.766078603,2016S2,324669.523956339,-16212.757877736003
2017S2,12,SP - Grande Campinas,SP,APP,167132.302097879,2017S1,157294.492661493,9837.809436386015
2017S2,12,SP - Grande Campinas,SP,CASCO,277682.537566574,2017S1,300653.379781821,-22970.842215246987
2017S2,12,SP - Grande Campinas,SP,RCDM,276349.636284602,2017S1,300124.133220898,-23774.496936295996
2017S2,12,SP - Grande Campinas,SP,RCDP,277120.203378782,2017S1,299541.768841069,-22421.56546228699
2017S2,12,SP - Grande Campinas,SP,TOTAL,287618.836021827,2017S1,308456.766078603,-20837.93005677598
2018S1,12,SP - Grande Campinas,SP,APP,173357.678952632,2017S2,167132.302097879,6225.376854753005
2018S1,12,SP - Grande Campinas,SP,CASCO,280003.106053357,2017S2,277682.537566574,2320.568486783013
2018S1,12,SP - Grande Campinas,SP,RCDM,277727.122496623,2017S2,276349.636284602,1377.486212021031
2018S1,12,SP - Grande Campinas,SP,RCDP,277137.097839485,2017S2,277120.203378782,16.894460702955257
2018S1,12,SP - Grande Campinas,SP,TOTAL,289068.486858799,2017S2,287618.836021827,1449.650836971996
2018S2,12,SP - Grande Campinas,SP,APP,178604.446931041,2018S1,173357.678952632,5246.767978408985
2018S2,12,SP - Grande Campinas,SP,CASCO,290244.271163954,2018S1,280003.106053357,10241.16511059698
2018S2,12,SP - Grande Campinas,SP,RCDM,286506.21098101,2018S1,277727.122496623,8779.088484386972
2018S2,12,SP - Grande Campinas,SP,RCDP,285951.345233797,2018S1,277137.097839485,8814.247394311999
2018S2,12,SP - Grande Campinas,SP,TOTAL,299959.654514894,2018S1,289068.486858799,10891.167656095
2019S1,12,SP - Grande Campinas,SP,APP,182365.095351471,2018S2,178604.446931041,3760.6484204300214
2019S1,12,SP - Grande Campinas,SP,CASCO,290722.363527552,2018S2,290244.271163954,478.0923635979998
2019S1,12,SP - Grande Campinas,SP,RCDM,286636.237517411,2018S2,286506.21098101,130.02653640101198
2019S1,12,SP - Grande Campinas,SP,RCDP,284662.536153746,2018S2,285951.345233797,-1288.8090800509672
2019S1,12,SP - Grande Campinas,SP,TOTAL,301109.462138553,2018S2,299959.654514894,1149.8076236589695
2019S2,12,SP - Grande Campinas,SP,APP,181800.287760173,2019S1,182365.095351471,-564.807591298013
2019S2,12,SP - Grande Campinas,SP,CASCO,291141.101140395,2019S1,290722.363527552,418.7376128429896
2019S2,12,SP - Grande Campinas,SP,RCDM,286553.065687596,2019S1,286636.237517411,-83.17182981502265
2019S2,12,SP - Grande Campinas,SP,RCDP,284912.5890146,2019S1,284662.536153746,250.05286085396074
2019S2,12,SP - Grande Campinas,SP,TOTAL,301708.117392633,2019S1,301109.462138553,598.6552540800185
2020S1,12,SP - Grande Campinas,SP,APP,109849.432189038,2019S2,181800.287760173,-71950.855571135
2020S1,12,SP - Grande Campinas,SP,CASCO,247235.471771516,2019S2,291141.101140395,-43905.62936887899
2020S1,12,SP - Grande Campinas,SP,RCDM,165733.155296691,2019S2,286553.065687596,-120819.91039090499
2020S1,12,SP - Grande Campinas,SP,RCDP,164788.486805858,2019S2,284912.5890146,-120124.10220874197
2020S1,12,SP - Grande Campinas,SP,TOTAL,255532.745724468,2019S2,301708.117392633,-46175.371668165
2020S2,12,SP - Grande Campinas,SP,APP,143726.220605952,2020S1,109849.432189038,33876.788416914
2020S2,12,SP - Grande Campinas,SP,CASCO,223394.443158117,2020S1,247235.471771516,-23841.028613398987
2020S2,12,SP - Grande Campinas,SP,RCDM,215040.33656304,2020S1,165733.155296691,49307.18126634901
2020S2,12,SP - Grande Campinas,SP,RCDP,214386.125625347,2020S1,164788.486805858,49597.63881948899
2020S2,12,SP - Grande Campinas,SP,TOTAL,232187.374511216,2020S1,255532.745724468,-23345.371213251987
2016S1,13,SP - Ribeirão Preto e Demais Mun. de Campinas,SP,APP,620322.067009323,2015S2,,
2016S1,13,SP - Ribeirão Preto e Demais Mun. de Campinas,SP,CASCO,933497.428254311,2015S2,,
2016S1,13,SP - Ribeirão Preto e Demais Mun. de Campinas,SP,RCDM,952405.378617569,2015S2,,
2016S1,13,SP - Ribeirão Preto e Demais Mun. de Campinas,SP,RCDP,951168.293756387,2015S2,,
2016S1,13,SP - Ribeirão Preto e Demais Mun. de Campinas,SP,TOTAL,980193.260201682,2015S2,,
2016S2,13,SP - Ribeirão Preto e Demais Mun. de Campinas,SP,APP,631589.955164034,2016S1,620322.067009323,11267.888154710992
2016S2,13,SP - Ribeirão Preto e Demais Mun. de Campinas,SP,CASCO,966334.759896377,2016S1,933497.428254311,32837.33164206601
2016S2,13,SP - Ribeirão Preto e Demais Mun. de Campinas,SP,RCDM,978450.178688106,2016S1,952405.378617569,26044.80007053702
2016S2,13,SP - Ribeirão Preto e Demais Mun. de Campinas,SP,RCDP,977112.754092516,2016S1,951168.293756387,25944.460336129065
2016S2,13,SP - Ribeirão Preto e Demais Mun. de Campinas,SP,TOTAL,1010689.515167,2016S1,980193.260201682,30496.254965318018
2017S1,13,SP - Ribeirão Preto e Demais Mun. de Campinas,SP,APP,613945.992584498,2016S2,631589.955164034,-17643.96257953602
2017S1,13,SP - Ribeirão Preto e Demais Mun. de Campinas,SP,CASCO,920674.501201036,2016S2,966334.759896377,-45660.25869534095
2017S1,13,SP - Ribeirão Preto e Demais Mun. de Campinas,SP,RCDM,937593.536827907,2016S2,978450.178688106,-40856.641860199044
2017S1,13,SP - Ribeirão Preto e Demais Mun. de Campinas,SP,RCDP,936186.972450193,2016S2,977112.754092516,-40925.78164232301
2017S1,13,SP - Ribeirão Preto e Demais Mun. de Campinas,SP,TOTAL,963990.147720088,2016S2,1010689.515167,-46699.36744691199
2017S2,13,SP - Ribeirão Preto e Demais Mun. de Campinas,SP,APP,636405.015417649,2017S1,613945.992584498,22459.022833150928
2017S2,13,SP - Ribeirão Preto e Demais Mun. de Campinas,SP,CASCO,952462.85052117,2017S1,920674.501201036,31788.349320133915
2017S2,13,SP - Ribeirão Preto e Demais Mun. de Campinas,SP,RCDM,968781.436454731,2017S1,937593.536827907,31187.899626824073
2017S2,13,SP - Ribeirão Preto e Demais Mun. de Campinas,SP,RCDP,970196.529543047,2017S1,936186.972450193,34009.55709285394
2017S2,13,SP - Ribeirão Preto e Demais Mun. de Campinas,SP,TOTAL,1001306.27407726,2017S1,963990.147720088,37316.126357172034
2018S1,13,SP - Ribeirão Preto e Demais Mun. de Campinas,SP,APP,672363.721389576,2017S2,636405.015417649,35958.70597192703
2018S1,13,SP - Ribeirão Preto e Demais Mun. de Campinas,SP,CASCO,995758.221799979,2017S2,952462.85052117,43295.371278809034
2018S1,13,SP - Ribeirão Preto e Demais Mun. de Campinas,SP,RCDM,1008729.46292481,2017S2,968781.436454731,39948.02647007897
2018S1,13,SP - Ribeirão Preto e Demais Mun. de Campinas,SP,RCDP,1007997.92046228,2017S2,970196.529543047,37801.39091923309
2018S1,13,SP - Ribeirão Preto e Demais Mun. de Campinas,SP,TOTAL,1041964.19162311,2017S2,1001306.27407726,40657.91754584992
2018S2,13,SP - Ribeirão Preto e Demais Mun. de Campinas,SP,APP,693379.692865293,2018S1,672363.721389576,21015.97147571703
2018S2,13,SP - Ribeirão Preto e Demais Mun. de Campinas,SP,CASCO,1030094.58223533,2018S1,995758.221799979,34336.36043535103
2018S2,13,SP - Ribeirão Preto e Demais Mun. de Campinas,SP,RCDM,1039871.60933116,2018S1,1008729.46292481,31142.14640634996
2018S2,13,SP - Ribeirão Preto e Demais Mun. de Campinas,SP,RCDP,1038378.72166579,2018S1,1007997.92046228,30380.80120350991
2018S2,13,SP - Ribeirão Preto e Demais Mun. de Campinas,SP,TOTAL,1075430.94554329,2018S1,1041964.19162311,33466.75392018014
2019S1,13,SP - Ribeirão Preto e Demais Mun. de Campinas,SP,APP,700165.332174912,2018S2,693379.692865293,6785.639309618971
2019S1,13,SP - Ribeirão Preto e Demais Mun. de Campinas,SP,CASCO,1036070.98321461,2018S2,1030094.58223533,5976.400979280006
2019S1,13,SP - Ribeirão Preto e Demais Mun. de Campinas,SP,RCDM,1048518.45720826,2018S2,1039871.60933116,8646.847877099994
2019S1,13,SP - Ribeirão Preto e Demais Mun. de Campinas,SP,RCDP,1044793.7969431,2018S2,1038378.72166579,6415.075277310098
2019S1,13,SP - Ribeirão Preto e Demais Mun. de Campinas,SP,TOTAL,1084260.29000154,2018S2,1075430.94554329,8829.344458249863
2019S2,13,SP - Ribeirão Preto e Demais Mun. de Campinas,SP,APP,692212.511147797,2019S1,700165.332174912,-7952.821027114987
2019S2,13,SP - Ribeirão Preto e Demais Mun. de Campinas,SP,CASCO,1025991.74020902,2019S1,1036070.98321461,-10079.243005590048
2019S2,13,SP - Ribeirão Preto e Demais Mun. de Campinas,SP,RCDM,1034350.65790956,2019S1,1048518.45720826,-14167.799298699945
2019S2,13,SP - Ribeirão Preto e Demais Mun. de Campinas,SP,RCDP,1030916.30455844,2019S1,1044793.7969431,-13877.492384660058
2019S2,13,SP - Ribeirão Preto e Demais Mun. de Campinas,SP,TOTAL,1068754.53382254,2019S1,1084260.29000154,-15505.756179000018
2020S1,13,SP - Ribeirão Preto e Demais Mun. de Campinas,SP,APP,444427.97554363,2019S2,692212.511147797,-247784.53560416697
2020S1,13,SP - Ribeirão Preto e Demais Mun. de Campinas,SP,CASCO,897238.395360417,2019S2,1025991.74020902,-128753.34484860301
2020S1,13,SP - Ribeirão Preto e Demais Mun. de Campinas,SP,RCDM,653545.90074777,2019S2,1034350.65790956,-380804.75716179004
2020S1,13,SP - Ribeirão Preto e Demais Mun. de Campinas,SP,RCDP,651622.418558881,2019S2,1030916.30455844,-379293.88599955896
2020S1,13,SP - Ribeirão Preto e Demais Mun. de Campinas,SP,TOTAL,932565.869244464,2019S2,1068754.53382254,-136188.664578076
2020S2,13,SP - Ribeirão Preto e Demais Mun. de Campinas,SP,APP,591624.397164483,2020S1,444427.97554363,147196.42162085295
2020S2,13,SP - Ribeirão Preto e Demais Mun. de Campinas,SP,CASCO,839790.272833463,2020S1,897238.395360417,-57448.12252695393
2020S2,13,SP - Ribeirão Preto e Demais Mun. de Campinas,SP,RCDM,836427.163414985,2020S1,653545.90074777,182881.26266721508
2020S2,13,SP - Ribeirão Preto e Demais Mun. de Campinas,SP,RCDP,835824.673033752,2020S1,651622.418558881,184202.25447487098
2020S2,13,SP - Ribeirão Preto e Demais Mun. de Campinas,SP,TOTAL,872384.880428713,2020S1,932565.869244464,-60180.98881575093
2016S1,14,MG - Triângulo mineiro,MG,APP,122851.135589063,2015S2,,
2016S1,14,MG - Triângulo mineiro,MG,CASCO,154821.194796198,2015S2,,
2016S1,14,MG - Triângulo mineiro,MG,RCDM,168148.837936828,2015S2,,
2016S1,14,MG - Triângulo mineiro,MG,RCDP,167361.2078534,2015S2,,
2016S1,14,MG - Triângulo mineiro,MG,TOTAL,173218.758396639,2015S2,,
2016S2,14,MG - Triângulo mineiro,MG,APP,122526.098210189,2016S1,122851.135589063,-325.0373788739962
2016S2,14,MG - Triângulo mineiro,MG,CASCO,157978.968517681,2016S1,154821.194796198,3157.773721483012
2016S2,14,MG - Triângulo mineiro,MG,RCDM,164481.81227781,2016S1,168148.837936828,-3667.0256590179924
2016S2,14,MG - Triângulo mineiro,MG,RCDP,163571.299983616,2016S1,167361.2078534,-3789.907869784016
2016S2,14,MG - Triângulo mineiro,MG,TOTAL,170286.540953111,2016S1,173218.758396639,-2932.217443528003
2017S1,14,MG - Triângulo mineiro,MG,APP,119221.679071181,2016S2,122526.098210189,-3304.419139007994
2017S1,14,MG - Triângulo mineiro,MG,CASCO,151736.61869774,2016S2,157978.968517681,-6242.34981994101
2017S1,14,MG - Triângulo mineiro,MG,RCDM,159570.835147873,2016S2,164481.81227781,-4910.977129937004
2017S1,14,MG - Triângulo mineiro,MG,RCDP,158704.248848964,2016S2,163571.299983616,-4867.0511346519925
2017S1,14,MG - Triângulo mineiro,MG,TOTAL,163782.933766414,2016S2,170286.540953111,-6503.607186696987
2017S2,14,MG - Triângulo mineiro,MG,APP,121250.679031445,2017S1,119221.679071181,2028.9999602640019
2017S2,14,MG - Triângulo mineiro,MG,CASCO,155188.445206999,2017S1,151736.61869774,3451.826509259001
2017S2,14,MG - Triângulo mineiro,MG,RCDM,163224.223171403,2017S1,159570.835147873,3653.3880235299875
2017S2,14,MG - Triângulo mineiro,MG,RCDP,162711.69990116,2017S1,158704.248848964,4007.4510521960037
2017S2,14,MG - Triângulo mineiro,MG,TOTAL,169175.184679653,2017S1,163782.933766414,5392.250913238997
2018S1,14,MG - Triângulo mineiro,MG,APP,120228.027063227,2017S2,121250.679031445,-1022.6519682180078
2018S1,14,MG - Triângulo mineiro,MG,CASCO,153807.385873205,2017S2,155188.445206999,-1381.0593337939936
2018S1,14,MG - Triângulo mineiro,MG,RCDM,162764.28174948,2017S2,163224.223171403,-459.9414219229948
2018S1,14,MG - Triângulo mineiro,MG,RCDP,162081.952984736,2017S2,162711.69990116,-629.7469164239883
2018S1,14,MG - Triângulo mineiro,MG,TOTAL,167405.85982146,2017S2,169175.184679653,-1769.3248581929947
2018S2,14,MG - Triângulo mineiro,MG,APP,124393.295307014,2018S1,120228.027063227,4165.26824378701
2018S2,14,MG - Triângulo mineiro,MG,CASCO,159724.571053756,2018S1,153807.385873205,5917.185180550994
2018S2,14,MG - Triângulo mineiro,MG,RCDM,168148.79008879,2018S1,162764.28174948,5384.508339310007
2018S2,14,MG - Triângulo mineiro,MG,RCDP,167208.277787803,2018S1,162081.952984736,5126.324803066993
2018S2,14,MG - Triângulo mineiro,MG,TOTAL,173291.937923148,2018S1,167405.85982146,5886.078101688006
2019S1,14,MG - Triângulo mineiro,MG,APP,122161.33936609,2018S2,124393.295307014,-2231.955940924003
2019S1,14,MG - Triângulo mineiro,MG,CASCO,156418.906385346,2018S2,159724.571053756,-3305.664668409998
2019S1,14,MG - Triângulo mineiro,MG,RCDM,164572.980362813,2018S2,168148.79008879,-3575.8097259770148
2019S1,14,MG - Triângulo mineiro,MG,RCDP,163595.07899857,2018S2,167208.277787803,-3613.1987892329926
2019S1,14,MG - Triângulo mineiro,MG,TOTAL,170370.306376884,2018S2,173291.937923148,-2921.6315462640196
2019S2,14,MG - Triângulo mineiro,MG,APP,120463.032206375,2019S1,122161.33936609,-1698.3071597149974
2019S2,14,MG - Triângulo mineiro,MG,CASCO,156416.006511794,2019S1,156418.906385346,-2.8998735519999173
2019S2,14,MG - Triângulo mineiro,MG,RCDM,159597.724289568,2019S1,164572.980362813,-4975.256073244993
2019S2,14,MG - Triângulo mineiro,MG,RCDP,158807.702405392,2019S1,163595.07899857,-4787.376593178022
2019S2,14,MG - Triângulo mineiro,MG,TOTAL,165062.68306816,2019S1,170370.306376884,-5307.623308723996
2020S1,14,MG - Triângulo mineiro,MG,APP,92074.0981932143,2019S2,120463.032206375,-28388.934013160702
2020S1,14,MG - Triângulo mineiro,MG,CASCO,139433.585498383,2019S2,156416.006511794,-16982.42101341099
2020S1,14,MG - Triângulo mineiro,MG,RCDM,121137.966589177,2019S2,159597.724289568,-38459.757700391
2020S1,14,MG - Triângulo mineiro,MG,RCDP,120669.27070083,2019S2,158807.702405392,-38138.43170456198
2020S1,14,MG - Triângulo mineiro,MG,TOTAL,145710.695070809,2019S2,165062.68306816,-19351.98799735101
2020S2,14,MG - Triângulo mineiro,MG,APP,120738.520005289,2020S1,92074.0981932143,28664.421812074695
2020S2,14,MG - Triângulo mineiro,MG,CASCO,150406.494565638,2020S1,139433.585498383,10972.90906725498
2020S2,14,MG - Triângulo mineiro,MG,RCDM,150240.174037193,2020S1,121137.966589177,29102.207448016008
2020S2,14,MG - Triângulo mineiro,MG,RCDP,150198.138433009,2020S1,120669.27070083,29528.867732179002
2020S2,14,MG - Triângulo mineiro,MG,TOTAL,156166.823219575,2020S1,145710.695070809,10456.128148766002
2016S1,15,MG - Sul,MG,APP,86472.3064623317,2015S2,,
2016S1,15,MG - Sul,MG,CASCO,111822.842599561,2015S2,,
2016S1,15,MG - Sul,MG,RCDM,112811.080917797,2015S2,,
2016S1,15,MG - Sul,MG,RCDP,112422.143944531,2015S2,,
2016S1,15,MG - Sul,MG,TOTAL,116462.113716584,2015S2,,
2016S2,15,MG - Sul,MG,APP,89131.64141123,2016S1,86472.3064623317,2659.334948898293
2016S2,15,MG - Sul,MG,CASCO,117402.851628635,2016S1,111822.842599561,5580.0090290740045
2016S2,15,MG - Sul,MG,RCDM,118002.065313661,2016S1,112811.080917797,5190.984395864012
2016S2,15,MG - Sul,MG,RCDP,117649.136556499,2016S1,112422.143944531,5226.992611968002
2016S2,15,MG - Sul,MG,TOTAL,122166.618646759,2016S1,116462.113716584,5704.504930174997
2017S1,15,MG - Sul,MG,APP,89769.1339641004,2016S2,89131.64141123,637.4925528704043
2017S1,15,MG - Sul,MG,CASCO,117269.870863169,2016S2,117402.851628635,-132.98076546601078
2017S1,15,MG - Sul,MG,RCDM,118255.517437438,2016S2,118002.065313661,253.452123776995
2017S1,15,MG - Sul,MG,RCDP,117908.432507486,2016S2,117649.136556499,259.2959509869979
2017S1,15,MG - Sul,MG,TOTAL,121966.851674032,2016S2,122166.618646759,-199.76697272699676
2017S2,15,MG - Sul,MG,APP,89335.989365906,2017S1,89769.1339641004,-433.144598194398
2017S2,15,MG - Sul,MG,CASCO,118317.391326939,2017S1,117269.870863169,1047.520463770008
2017S2,15,MG - Sul,MG,RCDM,119138.607753311,2017S1,118255.517437438,883.0903158729925
2017S2,15,MG - Sul,MG,RCDP,119444.709115729,2017S1,117908.432507486,1536.2766082430026
2017S2,15,MG - Sul,MG,TOTAL,124150.662433608,2017S1,121966.851674032,2183.810759575994
2018S1,15,MG - Sul,MG,APP,89645.8846880808,2017S2,89335.989365906,309.8953221747943
2018S1,15,MG - Sul,MG,CASCO,119864.914737927,2017S2,118317.391326939,1547.5234109879966
2018S1,15,MG - Sul,MG,RCDM,120591.555830128,2017S2,119138.607753311,1452.9480768170033
2018S1,15,MG - Sul,MG,RCDP,120452.273640988,2017S2,119444.709115729,1007.5645252590039
2018S1,15,MG - Sul,MG,TOTAL,125265.350342031,2017S2,124150.662433608,1114.6879084230022
2018S2,15,MG - Sul,MG,APP,91972.5480756797,2018S1,89645.8846880808,2326.6633875989064
2018S2,15,MG - Sul,MG,CASCO,124600.440351774,2018S1,119864.914737927,4735.5256138469995
2018S2,15,MG - Sul,MG,RCDM,124803.569112548,2018S1,120591.555830128,4212.013282419997
2018S2,15,MG - Sul,MG,RCDP,124744.174595897,2018S1,120452.273640988,4291.900954908997
2018S2,15,MG - Sul,MG,TOTAL,130084.44296674,2018S1,125265.350342031,4819.092624708996
2019S1,15,MG - Sul,MG,APP,91976.7887752703,2018S2,91972.5480756797,4.240699590591248
2019S1,15,MG - Sul,MG,CASCO,124850.988678571,2018S2,124600.440351774,250.54832679699757
2019S1,15,MG - Sul,MG,RCDM,125309.292789606,2018S2,124803.569112548,505.7236770580057
2019S1,15,MG - Sul,MG,RCDP,124784.944847235,2018S2,124744.174595897,40.77025133800635
2019S1,15,MG - Sul,MG,TOTAL,130771.172228385,2018S2,130084.44296674,686.7292616449995
2019S2,15,MG - Sul,MG,APP,96097.6328292568,2019S1,91976.7887752703,4120.844053986511
2019S2,15,MG - Sul,MG,CASCO,130541.248295543,2019S1,124850.988678571,5690.2596169720055
2019S2,15,MG - Sul,MG,RCDM,131113.908575109,2019S1,125309.292789606,5804.615785503003
2019S2,15,MG - Sul,MG,RCDP,130581.223658393,2019S1,124784.944847235,5796.278811158001
2019S2,15,MG - Sul,MG,TOTAL,136540.51392387,2019S1,130771.172228385,5769.341695484996
2020S1,15,MG - Sul,MG,APP,59179.9695988996,2019S2,96097.6328292568,-36917.663230357204
2020S1,15,MG - Sul,MG,CASCO,100481.344584732,2019S2,130541.248295543,-30059.903710811006
2020S1,15,MG - Sul,MG,RCDM,81751.3037726856,2019S2,131113.908575109,-49362.604802423404
2020S1,15,MG - Sul,MG,RCDP,81360.5777445682,2019S2,130581.223658393,-49220.6459138248
2020S1,15,MG - Sul,MG,TOTAL,105536.489777384,2019S2,136540.51392387,-31004.024146485986
2020S2,15,MG - Sul,MG,APP,96461.6740785185,2020S1,59179.9695988996,37281.70447961889
2020S2,15,MG - Sul,MG,CASCO,127678.719859682,2020S1,100481.344584732,27197.375274949998
2020S2,15,MG - Sul,MG,RCDM,126935.750042763,2020S1,81751.3037726856,45184.4462700774
2020S2,15,MG - Sul,MG,RCDP,126359.892524276,2020S1,81360.5777445682,44999.3147797078
2020S2,15,MG - Sul,MG,TOTAL,132691.818395336,2020S1,105536.489777384,27155.328617952007
2016S1,16,MG - Met.BH-Centro Oeste-Zona Mata-C. Vertentes,MG,APP,373738.746808151,2015S2,,
2016S1,16,MG - Met.BH-Centro Oeste-Zona Mata-C. Vertentes,MG,CASCO,467397.998461458,2015S2,,
2016S1,16,MG - Met.BH-Centro Oeste-Zona Mata-C. Vertentes,MG,RCDM,505168.578745703,2015S2,,
2016S1,16,MG - Met.BH-Centro Oeste-Zona Mata-C. Vertentes,MG,RCDP,500713.622692533,2015S2,,
2016S1,16,MG - Met.BH-Centro Oeste-Zona Mata-C. Vertentes,MG,TOTAL,519097.608678661,2015S2,,
2016S2,16,MG - Met.BH-Centro Oeste-Zona Mata-C. Vertentes,MG,APP,389868.381726126,2016S1,373738.746808151,16129.634917974996
2016S2,16,MG - Met.BH-Centro Oeste-Zona Mata-C. Vertentes,MG,CASCO,463243.324240966,2016S1,467397.998461458,-4154.674220492016
2016S2,16,MG - Met.BH-Centro Oeste-Zona Mata-C. Vertentes,MG,RCDM,516385.088346923,2016S1,505168.578745703,11216.509601220023
2016S2,16,MG - Met.BH-Centro Oeste-Zona Mata-C. Vertentes,MG,RCDP,513729.913088475,2016S1,500713.622692533,13016.290395941993
2016S2,16,MG - Met.BH-Centro Oeste-Zona Mata-C. Vertentes,MG,TOTAL,533871.299053485,2016S1,519097.608678661,14773.690374824044
2017S1,16,MG - Met.BH-Centro Oeste-Zona Mata-C. Vertentes,MG,APP,361631.207060535,2016S2,389868.381726126,-28237.17466559104
2017S1,16,MG - Met.BH-Centro Oeste-Zona Mata-C. Vertentes,MG,CASCO,435955.206817054,2016S2,463243.324240966,-27288.117423911986
2017S1,16,MG - Met.BH-Centro Oeste-Zona Mata-C. Vertentes,MG,RCDM,493910.875266374,2016S2,516385.088346923,-22474.21308054903
2017S1,16,MG - Met.BH-Centro Oeste-Zona Mata-C. Vertentes,MG,RCDP,491599.987602986,2016S2,513729.913088475,-22129.925485489017
2017S1,16,MG - Met.BH-Centro Oeste-Zona Mata-C. Vertentes,MG,TOTAL,507326.469754081,2016S2,533871.299053485,-26544.829299404053
2017S2,16,MG - Met.BH-Centro Oeste-Zona Mata-C. Vertentes,MG,APP,385487.49700267,2017S1,361631.207060535,23856.289942135045
2017S2,16,MG - Met.BH-Centro Oeste-Zona Mata-C. Vertentes,MG,CASCO,492567.075164079,2017S1,435955.206817054,56611.86834702501
2017S2,16,MG - Met.BH-Centro Oeste-Zona Mata-C. Vertentes,MG,RCDM,549332.189832673,2017S1,493910.875266374,55421.31456629897
2017S2,16,MG - Met.BH-Centro Oeste-Zona Mata-C. Vertentes,MG,RCDP,547736.085746467,2017S1,491599.987602986,56136.09814348101
2017S2,16,MG - Met.BH-Centro Oeste-Zona Mata-C. Vertentes,MG,TOTAL,564740.668965477,2017S1,507326.469754081,57414.199211396044
2018S1,16,MG - Met.BH-Centro Oeste-Zona Mata-C. Vertentes,MG,APP,371336.881078084,2017S2,385487.49700267,-14150.615924586018
2018S1,16,MG - Met.BH-Centro Oeste-Zona Mata-C. Vertentes,MG,CASCO,497005.348852195,2017S2,492567.075164079,4438.273688115994
2018S1,16,MG - Met.BH-Centro Oeste-Zona Mata-C. Vertentes,MG,RCDM,545660.573360678,2017S2,549332.189832673,-3671.616471994901
2018S1,16,MG - Met.BH-Centro Oeste-Zona Mata-C. Vertentes,MG,RCDP,543487.967890463,2017S2,547736.085746467,-4248.117856004043
2018S1,16,MG - Met.BH-Centro Oeste-Zona Mata-C. Vertentes,MG,TOTAL,559633.102098417,2017S2,564740.668965477,-5107.566867060028
2018S2,16,MG - Met.BH-Centro Oeste-Zona Mata-C. Vertentes,MG,APP,374473.231078852,2018S1,371336.881078084,3136.350000768027
2018S2,16,MG - Met.BH-Centro Oeste-Zona Mata-C. Vertentes,MG,CASCO,457281.677687396,2018S1,497005.348852195,-39723.671164799016
2018S2,16,MG - Met.BH-Centro Oeste-Zona Mata-C. Vertentes,MG,RCDM,501167.151323661,2018S1,545660.573360678,-44493.422037017066
2018S2,16,MG - Met.BH-Centro Oeste-Zona Mata-C. Vertentes,MG,RCDP,498508.107551904,2018S1,543487.967890463,-44979.86033855897
2018S2,16,MG - Met.BH-Centro Oeste-Zona Mata-C. Vertentes,MG,TOTAL,516486.027701126,2018S1,559633.102098417,-43147.074397291
2019S1,16,MG - Met.BH-Centro Oeste-Zona Mata-C. Vertentes,MG,APP,368629.678230834,2018S2,374473.231078852,-5843.552848018007
2019S1,16,MG - Met.BH-Centro Oeste-Zona Mata-C. Vertentes,MG,CASCO,482335.910980933,2018S2,457281.677687396,25054.233293536992
2019S1,16,MG - Met.BH-Centro Oeste-Zona Mata-C. Vertentes,MG,RCDM,523571.354642167,2018S2,501167.151323661,22404.203318506014
2019S1,16,MG - Met.BH-Centro Oeste-Zona Mata-C. Vertentes,MG,RCDP,520680.173835024,2018S2,498508.107551904,22172.066283120017
2019S1,16,MG - Met.BH-Centro Oeste-Zona Mata-C. Vertentes,MG,TOTAL,543848.034048348,2018S2,516486.027701126,27362.006347221963
2019S2,16,MG - Met.BH-Centro Oeste-Zona Mata-C. Vertentes,MG,APP,363115.55979634,2019S1,368629.678230834,-5514.118434494012
2019S2,16,MG - Met.BH-Centro Oeste-Zona Mata-C. Vertentes,MG,CASCO,489889.238815762,2019S1,482335.910980933,7553.32783482899
2019S2,16,MG - Met.BH-Centro Oeste-Zona Mata-C. Vertentes,MG,RCDM,534107.561934553,2019S1,523571.354642167,10536.207292385981
2019S2,16,MG - Met.BH-Centro Oeste-Zona Mata-C. Vertentes,MG,RCDP,531952.934622941,2019S1,520680.173835024,11272.760787916952
2019S2,16,MG - Met.BH-Centro Oeste-Zona Mata-C. Vertentes,MG,TOTAL,551628.797162549,2019S1,543848.034048348,7780.763114201021
2020S1,16,MG - Met.BH-Centro Oeste-Zona Mata-C. Vertentes,MG,APP,259925.513868061,2019S2,363115.55979634,-103190.045928279
2020S1,16,MG - Met.BH-Centro Oeste-Zona Mata-C. Vertentes,MG,CASCO,457446.773052472,2019S2,489889.238815762,-32442.465763290005
2020S1,16,MG - Met.BH-Centro Oeste-Zona Mata-C. Vertentes,MG,RCDM,435080.25054686,2019S2,534107.561934553,-99027.31138769299
2020S1,16,MG - Met.BH-Centro Oeste-Zona Mata-C. Vertentes,MG,RCDP,433461.491643121,2019S2,531952.934622941,-98491.44297981996
2020S1,16,MG - Met.BH-Centro Oeste-Zona Mata-C. Vertentes,MG,TOTAL,510905.145519539,2019S2,551628.797162549,-40723.65164300997
2020S2,16,MG - Met.BH-Centro Oeste-Zona Mata-C. Vertentes,MG,APP,385540.669665591,2020S1,259925.513868061,125615.15579752997
2020S2,16,MG - Met.BH-Centro Oeste-Zona Mata-C. Vertentes,MG,CASCO,509231.248062507,2020S1,457446.773052472,51784.475010035036
2020S2,16,MG - Met.BH-Centro Oeste-Zona Mata-C. Vertentes,MG,RCDM,547087.171302151,2020S1,435080.25054686,112006.92075529107
2020S2,16,MG - Met.BH-Centro Oeste-Zona Mata-C. Vertentes,MG,RCDP,545557.06451225,2020S1,433461.491643121,112095.57286912901
2020S2,16,MG - Met.BH-Centro Oeste-Zona Mata-C. Vertentes,MG,TOTAL,565023.565441727,2020S1,510905.145519539,54118.41992218804
2016S1,17,MG - Vale do Aço-Norte-Vale Jequitinhonha,MG,APP,40495.5355295669,2015S2,,
2016S1,17,MG - Vale do Aço-Norte-Vale Jequitinhonha,MG,CASCO,45623.3819148038,2015S2,,
2016S1,17,MG - Vale do Aço-Norte-Vale Jequitinhonha,MG,RCDM,48194.2421267149,2015S2,,
2016S1,17,MG - Vale do Aço-Norte-Vale Jequitinhonha,MG,RCDP,48025.1928155771,2015S2,,
2016S1,17,MG - Vale do Aço-Norte-Vale Jequitinhonha,MG,TOTAL,49736.3900396335,2015S2,,
2016S2,17,MG - Vale do Aço-Norte-Vale Jequitinhonha,MG,APP,40144.8892883873,2016S1,40495.5355295669,-350.64624117960193
2016S2,17,MG - Vale do Aço-Norte-Vale Jequitinhonha,MG,CASCO,46331.4452861422,2016S1,45623.3819148038,708.0633713384013
2016S2,17,MG - Vale do Aço-Norte-Vale Jequitinhonha,MG,RCDM,48983.9383852491,2016S1,48194.2421267149,789.6962585342044
2016S2,17,MG - Vale do Aço-Norte-Vale Jequitinhonha,MG,RCDP,48913.1301687704,2016S1,48025.1928155771,887.9373531933015
2016S2,17,MG - Vale do Aço-Norte-Vale Jequitinhonha,MG,TOTAL,50238.749319857,2016S1,49736.3900396335,502.3592802234998
2017S1,17,MG - Vale do Aço-Norte-Vale Jequitinhonha,MG,APP,38355.0053644003,2016S2,40144.8892883873,-1789.8839239869994
2017S1,17,MG - Vale do Aço-Norte-Vale Jequitinhonha,MG,CASCO,44317.5204177708,2016S2,46331.4452861422,-2013.9248683714031
2017S1,17,MG - Vale do Aço-Norte-Vale Jequitinhonha,MG,RCDM,47143.7998622186,2016S2,48983.9383852491,-1840.1385230305023
2017S1,17,MG - Vale do Aço-Norte-Vale Jequitinhonha,MG,RCDP,47065.2875334877,2016S2,48913.1301687704,-1847.842635282701
2017S1,17,MG - Vale do Aço-Norte-Vale Jequitinhonha,MG,TOTAL,48268.4820514643,2016S2,50238.749319857,-1970.2672683927012
2017S2,17,MG - Vale do Aço-Norte-Vale Jequitinhonha,MG,APP,39400.8043867741,2017S1,38355.0053644003,1045.7990223738016
2017S2,17,MG - Vale do Aço-Norte-Vale Jequitinhonha,MG,CASCO,45553.5165443211,2017S1,44317.5204177708,1235.9961265503007
2017S2,17,MG - Vale do Aço-Norte-Vale Jequitinhonha,MG,RCDM,48808.2479929626,2017S1,47143.7998622186,1664.448130744
2017S2,17,MG - Vale do Aço-Norte-Vale Jequitinhonha,MG,RCDP,48858.3219617787,2017S1,47065.2875334877,1793.034428291001
2017S2,17,MG - Vale do Aço-Norte-Vale Jequitinhonha,MG,TOTAL,50294.9054913619,2017S1,48268.4820514643,2026.4234398975968
2018S1,17,MG - Vale do Aço-Norte-Vale Jequitinhonha,MG,APP,39111.243729623,2017S2,39400.8043867741,-289.5606571511016
2018S1,17,MG - Vale do Aço-Norte-Vale Jequitinhonha,MG,CASCO,44905.7396019655,2017S2,45553.5165443211,-647.7769423556019
2018S1,17,MG - Vale do Aço-Norte-Vale Jequitinhonha,MG,RCDM,48227.194388241,2017S2,48808.2479929626,-581.053604721601
2018S1,17,MG - Vale do Aço-Norte-Vale Jequitinhonha,MG,RCDP,48173.586169187,2017S2,48858.3219617787,-684.7357925917022
2018S1,17,MG - Vale do Aço-Norte-Vale Jequitinhonha,MG,TOTAL,49607.1697282959,2017S2,50294.9054913619,-687.7357630659972
2018S2,17,MG - Vale do Aço-Norte-Vale Jequitinhonha,MG,APP,39705.8783232225,2018S1,39111.243729623,594.634593599505
2018S2,17,MG - Vale do Aço-Norte-Vale Jequitinhonha,MG,CASCO,46065.3712980882,2018S1,44905.7396019655,1159.6316961226985
2018S2,17,MG - Vale do Aço-Norte-Vale Jequitinhonha,MG,RCDM,49292.5684887883,2018S1,48227.194388241,1065.3741005473057
2018S2,17,MG - Vale do Aço-Norte-Vale Jequitinhonha,MG,RCDP,49205.6424618531,2018S1,48173.586169187,1032.0562926661005
2018S2,17,MG - Vale do Aço-Norte-Vale Jequitinhonha,MG,TOTAL,50729.2890075534,2018S1,49607.1697282959,1122.119279257502
2019S1,17,MG - Vale do Aço-Norte-Vale Jequitinhonha,MG,APP,39159.6272822884,2018S2,39705.8783232225,-546.2510409341048
2019S1,17,MG - Vale do Aço-Norte-Vale Jequitinhonha,MG,CASCO,46768.3752086293,2018S2,46065.3712980882,703.0039105411051
2019S1,17,MG - Vale do Aço-Norte-Vale Jequitinhonha,MG,RCDM,51051.0957523356,2018S2,49292.5684887883,1758.5272635472938
2019S1,17,MG - Vale do Aço-Norte-Vale Jequitinhonha,MG,RCDP,50900.4080814249,2018S2,49205.6424618531,1694.765619571801
2019S1,17,MG - Vale do Aço-Norte-Vale Jequitinhonha,MG,TOTAL,53193.9149257746,2018S2,50729.2890075534,2464.6259182212016
2019S2,17,MG - Vale do Aço-Norte-Vale Jequitinhonha,MG,APP,39690.1823774092,2019S1,39159.6272822884,530.5550951207988
2019S2,17,MG - Vale do Aço-Norte-Vale Jequitinhonha,MG,CASCO,47462.4862563522,2019S1,46768.3752086293,694.111047722894
2019S2,17,MG - Vale do Aço-Norte-Vale Jequitinhonha,MG,RCDM,51582.4916950688,2019S1,51051.0957523356,531.3959427332011
2019S2,17,MG - Vale do Aço-Norte-Vale Jequitinhonha,MG,RCDP,51432.0615622993,2019S1,50900.4080814249,531.6534808743963
2019S2,17,MG - Vale do Aço-Norte-Vale Jequitinhonha,MG,TOTAL,53209.7820669981,2019S1,53193.9149257746,15.867141223498038
2020S1,17,MG - Vale do Aço-Norte-Vale Jequitinhonha,MG,APP,27287.4519172874,2019S2,39690.1823774092,-12402.730460121798
2020S1,17,MG - Vale do Aço-Norte-Vale Jequitinhonha,MG,CASCO,38719.6600337354,2019S2,47462.4862563522,-8742.826222616794
2020S1,17,MG - Vale do Aço-Norte-Vale Jequitinhonha,MG,RCDM,35420.4738163762,2019S2,51582.4916950688,-16162.017878692597
2020S1,17,MG - Vale do Aço-Norte-Vale Jequitinhonha,MG,RCDP,35260.5916258078,2019S2,51432.0615622993,-16171.4699364915
2020S1,17,MG - Vale do Aço-Norte-Vale Jequitinhonha,MG,TOTAL,42377.9230374396,2019S2,53209.7820669981,-10831.859029558502
2020S2,17,MG - Vale do Aço-Norte-Vale Jequitinhonha,MG,APP,42112.9741941015,2020S1,27287.4519172874,14825.522276814103
2020S2,17,MG - Vale do Aço-Norte-Vale Jequitinhonha,MG,CASCO,50131.4096172987,2020S1,38719.6600337354,11411.749583563294
2020S2,17,MG - Vale do Aço-Norte-Vale Jequitinhonha,MG,RCDM,51130.730169625,2020S1,35420.4738163762,15710.256353248798
2020S2,17,MG - Vale do Aço-Norte-Vale Jequitinhonha,MG,RCDP,51120.4890761808,2020S1,35260.5916258078,15859.897450372999
2020S2,17,MG - Vale do Aço-Norte-Vale Jequitinhonha,MG,TOTAL,53038.9739637813,2020S1,42377.9230374396,10661.050926341704
2016S1,18,RJ - Met. do Rio de Janeiro,RJ,APP,442442.943416571,2015S2,,
2016S1,18,RJ - Met. do Rio de Janeiro,RJ,CASCO,520920.784328017,2015S2,,
2016S1,18,RJ - Met. do Rio de Janeiro,RJ,RCDM,527494.847078913,2015S2,,
2016S1,18,RJ - Met. do Rio de Janeiro,RJ,RCDP,525568.162154857,2015S2,,
2016S1,18,RJ - Met. do Rio de Janeiro,RJ,TOTAL,551440.841295688,2015S2,,
2016S2,18,RJ - Met. do Rio de Janeiro,RJ,APP,436336.74359317,2016S1,442442.943416571,-6106.199823400995
2016S2,18,RJ - Met. do Rio de Janeiro,RJ,CASCO,595828.982055312,2016S1,520920.784328017,74908.19772729505
2016S2,18,RJ - Met. do Rio de Janeiro,RJ,RCDM,522944.160368557,2016S1,527494.847078913,-4550.686710356036
2016S2,18,RJ - Met. do Rio de Janeiro,RJ,RCDP,522239.078220428,2016S1,525568.162154857,-3329.083934428927
2016S2,18,RJ - Met. do Rio de Janeiro,RJ,TOTAL,619892.663909559,2016S1,551440.841295688,68451.82261387107
2017S1,18,RJ - Met. do Rio de Janeiro,RJ,APP,410417.60422055,2016S2,436336.74359317,-25919.139372620033
2017S1,18,RJ - Met. do Rio de Janeiro,RJ,CASCO,497661.16560301,2016S2,595828.982055312,-98167.81645230204
2017S1,18,RJ - Met. do Rio de Janeiro,RJ,RCDM,493818.557382662,2016S2,522944.160368557,-29125.602985894948
2017S1,18,RJ - Met. do Rio de Janeiro,RJ,RCDP,493554.801218761,2016S2,522239.078220428,-28684.27700166701
2017S1,18,RJ - Met. do Rio de Janeiro,RJ,TOTAL,521206.061429107,2016S2,619892.663909559,-98686.60248045204
2017S2,18,RJ - Met. do Rio de Janeiro,RJ,APP,404784.144424665,2017S1,410417.60422055,-5633.459795884963
2017S2,18,RJ - Met. do Rio de Janeiro,RJ,CASCO,494265.519914298,2017S1,497661.16560301,-3395.6456887119566
2017S2,18,RJ - Met. do Rio de Janeiro,RJ,RCDM,488547.583164766,2017S1,493818.557382662,-5270.9742178960005
2017S2,18,RJ - Met. do Rio de Janeiro,RJ,RCDP,491320.478920069,2017S1,493554.801218761,-2234.3222986920155
2017S2,18,RJ - Met. do Rio de Janeiro,RJ,TOTAL,523640.738499194,2017S1,521206.061429107,2434.6770700869965
2018S1,18,RJ - Met. do Rio de Janeiro,RJ,APP,381639.234549844,2017S2,404784.144424665,-23144.909874821024
2018S1,18,RJ - Met. do Rio de Janeiro,RJ,CASCO,471514.384985127,2017S2,494265.519914298,-22751.134929171007
2018S1,18,RJ - Met. do Rio de Janeiro,RJ,RCDM,469145.122001358,2017S2,488547.583164766,-19402.461163408007
2018S1,18,RJ - Met. do Rio de Janeiro,RJ,RCDP,468145.387748774,2017S2,491320.478920069,-23175.091171294975
2018S1,18,RJ - Met. do Rio de Janeiro,RJ,TOTAL,496182.064402645,2017S2,523640.738499194,-27458.674096548988
2018S2,18,RJ - Met. do Rio de Janeiro,RJ,APP,379763.317757219,2018S1,381639.234549844,-1875.9167926249793
2018S2,18,RJ - Met. do Rio de Janeiro,RJ,CASCO,473858.435616532,2018S1,471514.384985127,2344.0506314049708
2018S2,18,RJ - Met. do Rio de Janeiro,RJ,RCDM,473211.312463408,2018S1,469145.122001358,4066.19046204997
2018S2,18,RJ - Met. do Rio de Janeiro,RJ,RCDP,471315.290521555,2018S1,468145.387748774,3169.9027727809735
2018S2,18,RJ - Met. do Rio de Janeiro,RJ,TOTAL,499585.147510992,2018S1,496182.064402645,3403.0831083470257
2019S1,18,RJ - Met. do Rio de Janeiro,RJ,APP,359485.919567636,2018S2,379763.317757219,-20277.398189583037
2019S1,18,RJ - Met. do Rio de Janeiro,RJ,CASCO,457749.771312358,2018S2,473858.435616532,-16108.664304174017
2019S1,18,RJ - Met. do Rio de Janeiro,RJ,RCDM,453329.502887273,2018S2,473211.312463408,-19881.809576135012
2019S1,18,RJ - Met. do Rio de Janeiro,RJ,RCDP,451176.226159101,2018S2,471315.290521555,-20139.064362453995
2019S1,18,RJ - Met. do Rio de Janeiro,RJ,TOTAL,483221.65348943,2018S2,499585.147510992,-16363.494021561986
2019S2,18,RJ - Met. do Rio de Janeiro,RJ,APP,348415.120801963,2019S1,359485.919567636,-11070.798765672953
2019S2,18,RJ - Met. do Rio de Janeiro,RJ,CASCO,448969.808406529,2019S1,457749.771312358,-8779.962905828957
2019S2,18,RJ - Met. do Rio de Janeiro,RJ,RCDM,440803.953880635,2019S1,453329.502887273,-12525.549006638
2019S2,18,RJ - Met. do Rio de Janeiro,RJ,RCDP,440762.981355477,2019S1,451176.226159101,-10413.244803623995
2019S2,18,RJ - Met. do Rio de Janeiro,RJ,TOTAL,471257.868266036,2019S1,483221.65348943,-11963.78522339405
2020S1,18,RJ - Met. do Rio de Janeiro,RJ,APP,207969.199199397,2019S2,348415.120801963,-140445.92160256603
2020S1,18,RJ - Met. do Rio de Janeiro,RJ,CASCO,354979.348576969,2019S2,448969.808406529,-93990.45982956002
2020S1,18,RJ - Met. do Rio de Janeiro,RJ,RCDM,264384.834698902,2019S2,440803.953880635,-176419.119181733
2020S1,18,RJ - Met. do Rio de Janeiro,RJ,RCDP,265462.43193884,2019S2,440762.981355477,-175300.549416637
2020S1,18,RJ - Met. do Rio de Janeiro,RJ,TOTAL,373311.496481595,2019S2,471257.868266036,-97946.371784441
2020S2,18,RJ - Met. do Rio de Janeiro,RJ,APP,253778.987601224,2020S1,207969.199199397,45809.78840182701
2020S2,18,RJ - Met. do Rio de Janeiro,RJ,CASCO,322248.536453286,2020S1,354979.348576969,-32730.81212368299
2020S2,18,RJ - Met. do Rio de Janeiro,RJ,RCDM,309207.008104176,2020S1,264384.834698902,44822.17340527405
2020S2,18,RJ - Met. do Rio de Janeiro,RJ,RCDP,310111.561587365,2020S1,265462.43193884,44649.12964852498
2020S2,18,RJ - Met. do Rio de Janeiro,RJ,TOTAL,340100.352594399,2020S1,373311.496481595,-33211.14388719597
2016S1,19,RJ - Interior,RJ,APP,137028.701608943,2015S2,,
2016S1,19,RJ - Interior,RJ,CASCO,153321.287350509,2015S2,,
2016S1,19,RJ - Interior,RJ,RCDM,154989.068118564,2015S2,,
2016S1,19,RJ - Interior,RJ,RCDP,154767.487304414,2015S2,,
2016S1,19,RJ - Interior,RJ,TOTAL,159634.594044297,2015S2,,
2016S2,19,RJ - Interior,RJ,APP,136074.472899101,2016S1,137028.701608943,-954.2287098419911
2016S2,19,RJ - Interior,RJ,CASCO,158204.823043434,2016S1,153321.287350509,4883.535692925012
2016S2,19,RJ - Interior,RJ,RCDM,155297.65592978,2016S1,154989.068118564,308.5878112160135
2016S2,19,RJ - Interior,RJ,RCDP,155266.116212823,2016S1,154767.487304414,498.62890840898035
2016S2,19,RJ - Interior,RJ,TOTAL,163772.661306571,2016S1,159634.594044297,4138.067262274009
2017S1,19,RJ - Interior,RJ,APP,134131.298224563,2016S2,136074.472899101,-1943.1746745379933
2017S1,19,RJ - Interior,RJ,CASCO,150133.3200968,2016S2,158204.823043434,-8071.50294663402
2017S1,19,RJ - Interior,RJ,RCDM,153792.80502688,2016S2,155297.65592978,-1504.8509029000124
2017S1,19,RJ - Interior,RJ,RCDP,153758.985849335,2016S2,155266.116212823,-1507.1303634879878
2017S1,19,RJ - Interior,RJ,TOTAL,158730.920085929,2016S2,163772.661306571,-5041.741220641998
2017S2,19,RJ - Interior,RJ,APP,136604.946994768,2017S1,134131.298224563,2473.648770204978
2017S2,19,RJ - Interior,RJ,CASCO,154630.584777641,2017S1,150133.3200968,4497.264680841006
2017S2,19,RJ - Interior,RJ,RCDM,158678.373837166,2017S1,153792.80502688,4885.568810286
2017S2,19,RJ - Interior,RJ,RCDP,159240.113541688,2017S1,153758.985849335,5481.1276923530095
2017S2,19,RJ - Interior,RJ,TOTAL,165436.535317164,2017S1,158730.920085929,6705.615231234988
2018S1,19,RJ - Interior,RJ,APP,131972.854438151,2017S2,136604.946994768,-4632.09255661699
2018S1,19,RJ - Interior,RJ,CASCO,153115.416020701,2017S2,154630.584777641,-1515.1687569399946
2018S1,19,RJ - Interior,RJ,RCDM,155489.832469488,2017S2,158678.373837166,-3188.541367678001
2018S1,19,RJ - Interior,RJ,RCDP,155303.703700113,2017S2,159240.113541688,-3936.4098415750195
2018S1,19,RJ - Interior,RJ,TOTAL,161491.657116394,2017S2,165436.535317164,-3944.8782007700065
2018S2,19,RJ - Interior,RJ,APP,137527.314093283,2018S1,131972.854438151,5554.459655131999
2018S2,19,RJ - Interior,RJ,CASCO,161562.943490261,2018S1,153115.416020701,8447.52746956001
2018S2,19,RJ - Interior,RJ,RCDM,164707.091466622,2018S1,155489.832469488,9217.258997133991
2018S2,19,RJ - Interior,RJ,RCDP,164367.562699561,2018S1,155303.703700113,9063.858999448013
2018S2,19,RJ - Interior,RJ,TOTAL,171593.620065718,2018S1,161491.657116394,10101.962949323992
2019S1,19,RJ - Interior,RJ,APP,135511.788688429,2018S2,137527.314093283,-2015.5254048540082
2019S1,19,RJ - Interior,RJ,CASCO,164175.994088185,2018S2,161562.943490261,2613.0505979239824
2019S1,19,RJ - Interior,RJ,RCDM,161584.876282769,2018S2,164707.091466622,-3122.215183852997
2019S1,19,RJ - Interior,RJ,RCDP,162601.322874628,2018S2,164367.562699561,-1766.239824933
2019S1,19,RJ - Interior,RJ,TOTAL,171573.920113113,2018S2,171593.620065718,-19.699952604976716
2019S2,19,RJ - Interior,RJ,APP,128810.905709972,2019S1,135511.788688429,-6700.882978456997
2019S2,19,RJ - Interior,RJ,CASCO,158909.143184937,2019S1,164175.994088185,-5266.850903247978
2019S2,19,RJ - Interior,RJ,RCDM,155815.477505581,2019S1,161584.876282769,-5769.398777188006
2019S2,19,RJ - Interior,RJ,RCDP,157054.677529873,2019S1,162601.322874628,-5546.645344755001
2019S2,19,RJ - Interior,RJ,TOTAL,165717.767714234,2019S1,171573.920113113,-5856.1523988789995
2020S1,19,RJ - Interior,RJ,APP,104992.374926875,2019S2,128810.905709972,-23818.530783096998
2020S1,19,RJ - Interior,RJ,CASCO,143783.100684143,2019S2,158909.143184937,-15126.042500794021
2020S1,19,RJ - Interior,RJ,RCDM,128484.95843714,2019S2,155815.477505581,-27330.51906844099
2020S1,19,RJ - Interior,RJ,RCDP,127877.3913159,2019S2,157054.677529873,-29177.286213973013
2020S1,19,RJ - Interior,RJ,TOTAL,151965.078746791,2019S2,165717.767714234,-13752.688967443013
2020S2,19,RJ - Interior,RJ,APP,116779.374989403,2020S1,104992.374926875,11787.000062528008
2020S2,19,RJ - Interior,RJ,CASCO,139001.670283406,2020S1,143783.100684143,-4781.430400736979
2020S2,19,RJ - Interior,RJ,RCDM,136775.437492853,2020S1,128484.95843714,8290.479055713004
2020S2,19,RJ - Interior,RJ,RCDP,136635.440249074,2020S1,127877.3913159,8758.048933173995
2020S2,19,RJ - Interior,RJ,TOTAL,145205.530438533,2020S1,151965.078746791,-6759.548308258003
2016S1,20,ES - Espírito Santo,ES,APP,130131.315721271,2015S2,,
2016S1,20,ES - Espírito Santo,ES,CASCO,139535.230331759,2015S2,,
2016S1,20,ES - Espírito Santo,ES,RCDM,146177.789101885,2015S2,,
2016S1,20,ES - Espírito Santo,ES,RCDP,145947.923351736,2015S2,,
2016S1,20,ES - Espírito Santo,ES,TOTAL,151343.035627612,2015S2,,
2016S2,20,ES - Espírito Santo,ES,APP,126806.026590824,2016S1,130131.315721271,-3325.2891304470104
2016S2,20,ES - Espírito Santo,ES,CASCO,141828.234421617,2016S1,139535.230331759,2293.0040898580046
2016S2,20,ES - Espírito Santo,ES,RCDM,145568.749404784,2016S1,146177.789101885,-609.0396971009905
2016S2,20,ES - Espírito Santo,ES,RCDP,145569.700091016,2016S1,145947.923351736,-378.2232607199985
2016S2,20,ES - Espírito Santo,ES,TOTAL,151544.606864783,2016S1,151343.035627612,201.57123717101058
2017S1,20,ES - Espírito Santo,ES,APP,124321.295510876,2016S2,126806.026590824,-2484.731079947989
2017S1,20,ES - Espírito Santo,ES,CASCO,136003.914638456,2016S2,141828.234421617,-5824.319783161016
2017S1,20,ES - Espírito Santo,ES,RCDM,141251.92011135,2016S2,145568.749404784,-4316.829293434013
2017S1,20,ES - Espírito Santo,ES,RCDP,141182.007785698,2016S2,145569.700091016,-4387.692305318022
2017S1,20,ES - Espírito Santo,ES,TOTAL,146026.207777584,2016S2,151544.606864783,-5518.39908719901
2017S2,20,ES - Espírito Santo,ES,APP,126784.41015562,2017S1,124321.295510876,2463.114644743997
2017S2,20,ES - Espírito Santo,ES,CASCO,139460.056329713,2017S1,136003.914638456,3456.141691257013
2017S2,20,ES - Espírito Santo,ES,RCDM,144164.924752234,2017S1,141251.92011135,2913.004640883999
2017S2,20,ES - Espírito Santo,ES,RCDP,144557.617884909,2017S1,141182.007785698,3375.610099211015
2017S2,20,ES - Espírito Santo,ES,TOTAL,151063.025990138,2017S1,146026.207777584,5036.818212554004
2018S1,20,ES - Espírito Santo,ES,APP,124258.9503411,2017S2,126784.41015562,-2525.45981452
2018S1,20,ES - Espírito Santo,ES,CASCO,137187.627003127,2017S2,139460.056329713,-2272.4293265859887
2018S1,20,ES - Espírito Santo,ES,RCDM,142207.435211699,2017S2,144164.924752234,-1957.4895405349962
2018S1,20,ES - Espírito Santo,ES,RCDP,142194.558500024,2017S2,144557.617884909,-2363.0593848850112
2018S1,20,ES - Espírito Santo,ES,TOTAL,148227.670833223,2017S2,151063.025990138,-2835.3551569150004
2018S2,20,ES - Espírito Santo,ES,APP,126276.906049191,2018S1,124258.9503411,2017.9557080910017
2018S2,20,ES - Espírito Santo,ES,CASCO,140419.006996282,2018S1,137187.627003127,3231.3799931549875
2018S2,20,ES - Espírito Santo,ES,RCDM,144720.091839279,2018S1,142207.435211699,2512.6566275799996
2018S2,20,ES - Espírito Santo,ES,RCDP,144400.615134622,2018S1,142194.558500024,2206.056634598004
2018S2,20,ES - Espírito Santo,ES,TOTAL,151774.81773276,2018S1,148227.670833223,3547.1468995370087
2019S1,20,ES - Espírito Santo,ES,APP,126122.484561238,2018S2,126276.906049191,-154.42148795300454
2019S1,20,ES - Espírito Santo,ES,CASCO,142104.758480726,2018S2,140419.006996282,1685.7514844440157
2019S1,20,ES - Espírito Santo,ES,RCDM,145692.136558396,2018S2,144720.091839279,972.0447191170242
2019S1,20,ES - Espírito Santo,ES,RCDP,144862.85984906,2018S2,144400.615134622,462.24471443801303
2019S1,20,ES - Espírito Santo,ES,TOTAL,153596.629695341,2018S2,151774.81773276,1821.8119625809777
2019S2,20,ES - Espírito Santo,ES,APP,127794.801878222,2019S1,126122.484561238,1672.317316984001
2019S2,20,ES - Espírito Santo,ES,CASCO,145622.97393519,2019S1,142104.758480726,3518.2154544639925
2019S2,20,ES - Espírito Santo,ES,RCDM,147474.565695337,2019S1,145692.136558396,1782.4291369409766
2019S2,20,ES - Espírito Santo,ES,RCDP,146546.965721139,2019S1,144862.85984906,1684.1058720789733
2019S2,20,ES - Espírito Santo,ES,TOTAL,155753.68882536,2019S1,153596.629695341,2157.0591300190135
2020S1,20,ES - Espírito Santo,ES,APP,95735.0624589594,2019S2,127794.801878222,-32059.73941926261
2020S1,20,ES - Espírito Santo,ES,CASCO,127731.695055137,2019S2,145622.97393519,-17891.27888005301
2020S1,20,ES - Espírito Santo,ES,RCDM,110376.098037133,2019S2,147474.565695337,-37098.467658204
2020S1,20,ES - Espírito Santo,ES,RCDP,109626.889820506,2019S2,146546.965721139,-36920.07590063299
2020S1,20,ES - Espírito Santo,ES,TOTAL,136708.977212275,2019S2,155753.68882536,-19044.711613085005
2020S2,20,ES - Espírito Santo,ES,APP,126493.500598881,2020S1,95735.0624589594,30758.438139921607
2020S2,20,ES - Espírito Santo,ES,CASCO,141889.889173242,2020S1,127731.695055137,14158.194118105006
2020S2,20,ES - Espírito Santo,ES,RCDM,142049.631672766,2020S1,110376.098037133,31673.533635633008
2020S2,20,ES - Espírito Santo,ES,RCDP,141498.519369523,2020S1,109626.889820506,31871.629549017016
2020S2,20,ES - Espírito Santo,ES,TOTAL,151185.113697943,2020S1,136708.977212275,14476.136485667987
2016S1,21,BA - Bahia,BA,APP,167163.991508067,2015S2,,
2016S1,21,BA - Bahia,BA,CASCO,272963.221179729,2015S2,,
2016S1,21,BA - Bahia,BA,RCDM,272455.103363842,2015S2,,
2016S1,21,BA - Bahia,BA,RCDP,264636.914532083,2015S2,,
2016S1,21,BA - Bahia,BA,TOTAL,281923.596356093,2015S2,,
2016S2,21,BA - Bahia,BA,APP,166080.113428314,2016S1,167163.991508067,-1083.8780797529907
2016S2,21,BA - Bahia,BA,CASCO,285108.877627042,2016S1,272963.221179729,12145.656447313027
2016S2,21,BA - Bahia,BA,RCDM,276460.4037405,2016S1,272455.103363842,4005.3003766579786
2016S2,21,BA - Bahia,BA,RCDP,269745.277862975,2016S1,264636.914532083,5108.363330891996
2016S2,21,BA - Bahia,BA,TOTAL,293232.526827275,2016S1,281923.596356093,11308.930471181986
2017S1,21,BA - Bahia,BA,APP,158556.599524808,2016S2,166080.113428314,-7523.513903506013
2017S1,21,BA - Bahia,BA,CASCO,267843.289597048,2016S2,285108.877627042,-17265.58802999399
2017S1,21,BA - Bahia,BA,RCDM,268144.412892629,2016S2,276460.4037405,-8315.990847870999
2017S1,21,BA - Bahia,BA,RCDP,262202.508800365,2016S2,269745.277862975,-7542.769062610052
2017S1,21,BA - Bahia,BA,TOTAL,277231.758074507,2016S2,293232.526827275,-16000.768752767995
2017S2,21,BA - Bahia,BA,APP,159858.434154787,2017S1,158556.599524808,1301.8346299790137
2017S2,21,BA - Bahia,BA,CASCO,273859.855811622,2017S1,267843.289597048,6016.566214573977
2017S2,21,BA - Bahia,BA,RCDM,274004.855873433,2017S1,268144.412892629,5860.442980804015
2017S2,21,BA - Bahia,BA,RCDP,270765.302493448,2017S1,262202.508800365,8562.793693083047
2017S2,21,BA - Bahia,BA,TOTAL,286390.954205011,2017S1,277231.758074507,9159.196130504017
2018S1,21,BA - Bahia,BA,APP,156963.824226966,2017S2,159858.434154787,-2894.609927821002
2018S1,21,BA - Bahia,BA,CASCO,271654.264997165,2017S2,273859.855811622,-2205.590814456984
2018S1,21,BA - Bahia,BA,RCDM,272712.804747352,2017S2,274004.855873433,-1292.0511260809726
2018S1,21,BA - Bahia,BA,RCDP,268408.64310909,2017S2,270765.302493448,-2356.659384358034
2018S1,21,BA - Bahia,BA,TOTAL,283429.837604477,2017S2,286390.954205011,-2961.1166005340056
2018S2,21,BA - Bahia,BA,APP,163140.247687714,2018S1,156963.824226966,6176.423460747988
2018S2,21,BA - Bahia,BA,CASCO,284461.891035297,2018S1,271654.264997165,12807.626038132003
2018S2,21,BA - Bahia,BA,RCDM,284250.192439492,2018S1,272712.804747352,11537.38769213995
2018S2,21,BA - Bahia,BA,RCDP,278808.285705495,2018S1,268408.64310909,10399.642596405
2018S2,21,BA - Bahia,BA,TOTAL,295198.608620326,2018S1,283429.837604477,11768.771015848964
2019S1,21,BA - Bahia,BA,APP,162502.476257452,2018S2,163140.247687714,-637.7714302619861
2019S1,21,BA - Bahia,BA,CASCO,287110.637539774,2018S2,284461.891035297,2648.7465044769924
2019S1,21,BA - Bahia,BA,RCDM,281712.489625829,2018S2,284250.192439492,-2537.702813662996
2019S1,21,BA - Bahia,BA,RCDP,276360.48690228,2018S2,278808.285705495,-2447.7988032149733
2019S1,21,BA - Bahia,BA,TOTAL,297951.621095664,2018S2,295198.608620326,2753.012475338008
2019S2,21,BA - Bahia,BA,APP,161513.436552471,2019S1,162502.476257452,-989.0397049810272
2019S2,21,BA - Bahia,BA,CASCO,280244.676986656,2019S1,287110.637539774,-6865.960553118028
2019S2,21,BA - Bahia,BA,RCDM,277171.877119819,2019S1,281712.489625829,-4540.612506009988
2019S2,21,BA - Bahia,BA,RCDP,271952.696448204,2019S1,276360.48690228,-4407.790454076021
2019S2,21,BA - Bahia,BA,TOTAL,290111.619273981,2019S1,297951.621095664,-7840.001821682963
2020S1,21,BA - Bahia,BA,APP,112012.394024929,2019S2,161513.436552471,-49501.042527541984
2020S1,21,BA - Bahia,BA,CASCO,247041.379410814,2019S2,280244.676986656,-33203.29757584198
2020S1,21,BA - Bahia,BA,RCDM,199618.292426172,2019S2,277171.877119819,-77553.58469364699
2020S1,21,BA - Bahia,BA,RCDP,195571.429421165,2019S2,271952.696448204,-76381.267027039
2020S1,21,BA - Bahia,BA,TOTAL,255341.332829142,2019S2,290111.619273981,-34770.28644483903
2020S2,21,BA - Bahia,BA,APP,165592.116005896,2020S1,112012.394024929,53579.721980967006
2020S2,21,BA - Bahia,BA,CASCO,281026.633556964,2020S1,247041.379410814,33985.25414614999
2020S2,21,BA - Bahia,BA,RCDM,275430.894004407,2020S1,199618.292426172,75812.60157823499
2020S2,21,BA - Bahia,BA,RCDP,271535.702325538,2020S1,195571.429421165,75964.27290437298
2020S2,21,BA - Bahia,BA,TOTAL,289325.945730512,2020S1,255341.332829142,33984.61290136998
2016S1,22,SE - Sergipe,SE,APP,33281.8618198284,2015S2,,
2016S1,22,SE - Sergipe,SE,CASCO,44454.5792695852,2015S2,,
2016S1,22,SE - Sergipe,SE,RCDM,44739.7135178181,2015S2,,
2016S1,22,SE - Sergipe,SE,RCDP,43537.7847866854,2015S2,,
2016S1,22,SE - Sergipe,SE,TOTAL,46449.2559479261,2015S2,,
2016S2,22,SE - Sergipe,SE,APP,32863.2347099534,2016S1,33281.8618198284,-418.6271098750003
2016S2,22,SE - Sergipe,SE,CASCO,44986.8371285088,2016S1,44454.5792695852,532.2578589236
2016S2,22,SE - Sergipe,SE,RCDM,45074.9220549418,2016S1,44739.7135178181,335.20853712370445
2016S2,22,SE - Sergipe,SE,RCDP,43937.1439967635,2016S1,43537.7847866854,399.3592100781025
2016S2,22,SE - Sergipe,SE,TOTAL,46750.8261411674,2016S1,46449.2559479261,301.5701932412994
2017S1,22,SE - Sergipe,SE,APP,32185.7122286465,2016S2,32863.2347099534,-677.5224813069035
2017S1,22,SE - Sergipe,SE,CASCO,43548.1697269953,2016S2,44986.8371285088,-1438.6674015134995
2017S1,22,SE - Sergipe,SE,RCDM,43836.9560257564,2016S2,45074.9220549418,-1237.9660291854016
2017S1,22,SE - Sergipe,SE,RCDP,43119.6683567362,2016S2,43937.1439967635,-817.4756400273036
2017S1,22,SE - Sergipe,SE,TOTAL,45409.7258843752,2016S2,46750.8261411674,-1341.1002567922042
2017S2,22,SE - Sergipe,SE,APP,32777.659393088,2017S1,32185.7122286465,591.9471644414989
2017S2,22,SE - Sergipe,SE,CASCO,44560.0755064213,2017S1,43548.1697269953,1011.9057794260007
2017S2,22,SE - Sergipe,SE,RCDM,44965.2837189427,2017S1,43836.9560257564,1128.3276931863002
2017S2,22,SE - Sergipe,SE,RCDP,44752.039883194,2017S1,43119.6683567362,1632.3715264577986
2017S2,22,SE - Sergipe,SE,TOTAL,46867.2891522557,2017S1,45409.7258843752,1457.5632678804977
2018S1,22,SE - Sergipe,SE,APP,40887.5642732233,2017S2,32777.659393088,8109.904880135306
2018S1,22,SE - Sergipe,SE,CASCO,53321.6080714669,2017S2,44560.0755064213,8761.5325650456
2018S1,22,SE - Sergipe,SE,RCDM,53482.9806754971,2017S2,44965.2837189427,8517.696956554399
2018S1,22,SE - Sergipe,SE,RCDP,53002.6738280519,2017S2,44752.039883194,8250.633944857902
2018S1,22,SE - Sergipe,SE,TOTAL,55493.8683432937,2017S2,46867.2891522557,8626.579191038007
2018S2,22,SE - Sergipe,SE,APP,42212.3138573593,2018S1,40887.5642732233,1324.7495841359996
2018S2,22,SE - Sergipe,SE,CASCO,56091.472382531,2018S1,53321.6080714669,2769.8643110640987
2018S2,22,SE - Sergipe,SE,RCDM,56176.7052508462,2018S1,53482.9806754971,2693.7245753491006
2018S2,22,SE - Sergipe,SE,RCDP,55480.3682784881,2018S1,53002.6738280519,2477.6944504362036
2018S2,22,SE - Sergipe,SE,TOTAL,58133.3298698892,2018S1,55493.8683432937,2639.4615265955
2019S1,22,SE - Sergipe,SE,APP,42169.8683743603,2018S2,42212.3138573593,-42.44548299899907
2019S1,22,SE - Sergipe,SE,CASCO,56724.4327095961,2018S2,56091.472382531,632.9603270650987
2019S1,22,SE - Sergipe,SE,RCDM,56260.3450441337,2018S2,56176.7052508462,83.63979328749701
2019S1,22,SE - Sergipe,SE,RCDP,55478.1286072708,2018S2,55480.3682784881,-2.239671217299474
2019S1,22,SE - Sergipe,SE,TOTAL,58730.8299700422,2018S2,58133.3298698892,597.5001001529963
2019S2,22,SE - Sergipe,SE,APP,42221.4070007484,2019S1,42169.8683743603,51.53862638809369
2019S2,22,SE - Sergipe,SE,CASCO,56806.9819389633,2019S1,56724.4327095961,82.54922936719959
2019S2,22,SE - Sergipe,SE,RCDM,56636.5463308766,2019S1,56260.3450441337,376.20128674290027
2019S2,22,SE - Sergipe,SE,RCDP,55665.4285455188,2019S1,55478.1286072708,187.2999382479975
2019S2,22,SE - Sergipe,SE,TOTAL,58520.2421771623,2019S1,58730.8299700422,-210.58779287990183
2020S1,22,SE - Sergipe,SE,APP,27705.6929927971,2019S2,42221.4070007484,-14515.714007951297
2020S1,22,SE - Sergipe,SE,CASCO,46648.4106345051,2019S2,56806.9819389633,-10158.5713044582
2020S1,22,SE - Sergipe,SE,RCDM,37627.3532331162,2019S2,56636.5463308766,-19009.1930977604
2020S1,22,SE - Sergipe,SE,RCDP,36922.3915904998,2019S2,55665.4285455188,-18743.036955019
2020S1,22,SE - Sergipe,SE,TOTAL,48163.317479413,2019S2,58520.2421771623,-10356.924697749295
2020S2,22,SE - Sergipe,SE,APP,37709.7633144935,2020S1,27705.6929927971,10004.070321696403
2020S2,22,SE - Sergipe,SE,CASCO,49654.7136883927,2020S1,46648.4106345051,3006.3030538876046
2020S2,22,SE - Sergipe,SE,RCDM,48960.258913253,2020S1,37627.3532331162,11332.905680136799
2020S2,22,SE - Sergipe,SE,RCDP,48321.1794737834,2020S1,36922.3915904998,11398.7878832836
2020S2,22,SE - Sergipe,SE,TOTAL,50938.9273636653,2020S1,48163.317479413,2775.609884252299
2016S1,23,PE - Pernambuco,PE,APP,93620.8897122722,2015S2,,
2016S1,23,PE - Pernambuco,PE,CASCO,174695.106134538,2015S2,,
2016S1,23,PE - Pernambuco,PE,RCDM,175739.15820066,2015S2,,
2016S1,23,PE - Pernambuco,PE,RCDP,165665.026962952,2015S2,,
2016S1,23,PE - Pernambuco,PE,TOTAL,181833.111534654,2015S2,,
2016S2,23,PE - Pernambuco,PE,APP,98130.260317042,2016S1,93620.8897122722,4509.370604769807
2016S2,23,PE - Pernambuco,PE,CASCO,211183.139545322,2016S1,174695.106134538,36488.033410784
2016S2,23,PE - Pernambuco,PE,RCDM,208200.28751382,2016S1,175739.15820066,32461.129313159996
2016S2,23,PE - Pernambuco,PE,RCDP,194452.345354867,2016S1,165665.026962952,28787.318391915003
2016S2,23,PE - Pernambuco,PE,TOTAL,217239.818902257,2016S1,181833.111534654,35406.707367603
2017S1,23,PE - Pernambuco,PE,APP,98560.8188728471,2016S2,98130.260317042,430.55855580509524
2017S1,23,PE - Pernambuco,PE,CASCO,201795.703474952,2016S2,211183.139545322,-9387.436070369993
2017S1,23,PE - Pernambuco,PE,RCDM,201424.550065282,2016S2,208200.28751382,-6775.737448537984
2017S1,23,PE - Pernambuco,PE,RCDP,187211.66791603,2016S2,194452.345354867,-7240.677438836981
2017S1,23,PE - Pernambuco,PE,TOTAL,208131.38018541,2016S2,217239.818902257,-9108.438716846984
2017S2,23,PE - Pernambuco,PE,APP,103053.238276759,2017S1,98560.8188728471,4492.419403911903
2017S2,23,PE - Pernambuco,PE,CASCO,207973.31219991,2017S1,201795.703474952,6177.608724958001
2017S2,23,PE - Pernambuco,PE,RCDM,207365.013630386,2017S1,201424.550065282,5940.463565104001
2017S2,23,PE - Pernambuco,PE,RCDP,195883.197448963,2017S1,187211.66791603,8671.529532932997
2017S2,23,PE - Pernambuco,PE,TOTAL,216458.983261654,2017S1,208131.38018541,8327.603076244006
2018S1,23,PE - Pernambuco,PE,APP,102283.224371652,2017S2,103053.238276759,-770.013905107
2018S1,23,PE - Pernambuco,PE,CASCO,208783.569285338,2017S2,207973.31219991,810.2570854279911
2018S1,23,PE - Pernambuco,PE,RCDM,208931.780262865,2017S2,207365.013630386,1566.7666324790043
2018S1,23,PE - Pernambuco,PE,RCDP,196596.711796813,2017S2,195883.197448963,713.5143478499958
2018S1,23,PE - Pernambuco,PE,TOTAL,216997.04326646,2017S2,216458.983261654,538.0600048060005
2018S2,23,PE - Pernambuco,PE,APP,105668.632661656,2018S1,102283.224371652,3385.408290003994
2018S2,23,PE - Pernambuco,PE,CASCO,218241.763871399,2018S1,208783.569285338,9458.194586061
2018S2,23,PE - Pernambuco,PE,RCDM,218014.254304355,2018S1,208931.780262865,9082.47404149
2018S2,23,PE - Pernambuco,PE,RCDP,203962.745060734,2018S1,196596.711796813,7366.03326392101
2018S2,23,PE - Pernambuco,PE,TOTAL,226175.336298712,2018S1,216997.04326646,9178.293032251997
2019S1,23,PE - Pernambuco,PE,APP,107352.306548903,2018S2,105668.632661656,1683.6738872470014
2019S1,23,PE - Pernambuco,PE,CASCO,219016.563768819,2018S2,218241.763871399,774.7998974200164
2019S1,23,PE - Pernambuco,PE,RCDM,215862.098030657,2018S2,218014.254304355,-2152.1562736979977
2019S1,23,PE - Pernambuco,PE,RCDP,202357.078895116,2018S2,203962.745060734,-1605.6661656180222
2019S1,23,PE - Pernambuco,PE,TOTAL,226896.804855979,2018S2,226175.336298712,721.4685572669841
2019S2,23,PE - Pernambuco,PE,APP,107870.75581783,2019S1,107352.306548903,518.4492689269973
2019S2,23,PE - Pernambuco,PE,CASCO,218818.659501023,2019S1,219016.563768819,-197.9042677959951
2019S2,23,PE - Pernambuco,PE,RCDM,217008.08152465,2019S1,215862.098030657,1145.9834939930006
2019S2,23,PE - Pernambuco,PE,RCDP,203213.040780225,2019S1,202357.078895116,855.9618851090199
2019S2,23,PE - Pernambuco,PE,TOTAL,226001.473079162,2019S1,226896.804855979,-895.33177681698
2020S1,23,PE - Pernambuco,PE,APP,73958.1311603407,2019S2,107870.75581783,-33912.6246574893
2020S1,23,PE - Pernambuco,PE,CASCO,189440.26184358,2019S2,218818.659501023,-29378.397657443013
2020S1,23,PE - Pernambuco,PE,RCDM,145533.191231643,2019S2,217008.08152465,-71474.89029300702
2020S1,23,PE - Pernambuco,PE,RCDP,137092.34192991,2019S2,203213.040780225,-66120.698850315
2020S1,23,PE - Pernambuco,PE,TOTAL,195288.954973214,2019S2,226001.473079162,-30712.518105948024
2020S2,23,PE - Pernambuco,PE,APP,110149.112036403,2020S1,73958.1311603407,36190.98087606231
2020S2,23,PE - Pernambuco,PE,CASCO,205240.293139326,2020S1,189440.26184358,15800.031295746012
2020S2,23,PE - Pernambuco,PE,RCDM,203491.090512456,2020S1,145533.191231643,57957.899280813
2020S2,23,PE - Pernambuco,PE,RCDP,193288.035954318,2020S1,137092.34192991,56195.694024408
2020S2,23,PE - Pernambuco,PE,TOTAL,212748.630011365,2020S1,195288.954973214,17459.675038151006
2016S1,24,PB - Paraíba,PB,APP,35280.6508626421,2015S2,,
2016S1,24,PB - Paraíba,PB,CASCO,56160.6419841424,2015S2,,
2016S1,24,PB - Paraíba,PB,RCDM,56855.9515477801,2015S2,,
2016S1,24,PB - Paraíba,PB,RCDP,55346.3707671296,2015S2,,
2016S1,24,PB - Paraíba,PB,TOTAL,58086.8172664004,2015S2,,
2016S2,24,PB - Paraíba,PB,APP,36207.8099901364,2016S1,35280.6508626421,927.1591274942984
2016S2,24,PB - Paraíba,PB,CASCO,62074.3353373953,2016S1,56160.6419841424,5913.6933532529
2016S2,24,PB - Paraíba,PB,RCDM,62548.2175171906,2016S1,56855.9515477801,5692.265969410495
2016S2,24,PB - Paraíba,PB,RCDP,60650.836739962,2016S1,55346.3707671296,5304.465972832397
2016S2,24,PB - Paraíba,PB,TOTAL,64120.3215969796,2016S1,58086.8172664004,6033.504330579199
2017S1,24,PB - Paraíba,PB,APP,34612.7587997844,2016S2,36207.8099901364,-1595.0511903519946
2017S1,24,PB - Paraíba,PB,CASCO,59624.049131447,2016S2,62074.3353373953,-2450.2862059483014
2017S1,24,PB - Paraíba,PB,RCDM,60663.8491319558,2016S2,62548.2175171906,-1884.3683852347967
2017S1,24,PB - Paraíba,PB,RCDP,58732.3806448593,2016S2,60650.836739962,-1918.4560951026942
2017S1,24,PB - Paraíba,PB,TOTAL,61997.9477586034,2016S2,64120.3215969796,-2122.373838376203
2017S2,24,PB - Paraíba,PB,APP,35301.7552352389,2017S1,34612.7587997844,688.9964354545009
2017S2,24,PB - Paraíba,PB,CASCO,61370.5627734927,2017S1,59624.049131447,1746.5136420456984
2017S2,24,PB - Paraíba,PB,RCDM,62743.5572668947,2017S1,60663.8491319558,2079.7081349388973
2017S2,24,PB - Paraíba,PB,RCDP,61409.4614004362,2017S1,58732.3806448593,2677.080755576899
2017S2,24,PB - Paraíba,PB,TOTAL,64550.573653481,2017S1,61997.9477586034,2552.6258948776012
2018S1,24,PB - Paraíba,PB,APP,39917.2409842391,2017S2,35301.7552352389,4615.485749000196
2018S1,24,PB - Paraíba,PB,CASCO,67157.8299525161,2017S2,61370.5627734927,5787.267179023402
2018S1,24,PB - Paraíba,PB,RCDM,68866.3422808633,2017S2,62743.5572668947,6122.785013968605
2018S1,24,PB - Paraíba,PB,RCDP,67029.4299562178,2017S2,61409.4614004362,5619.968555781605
2018S1,24,PB - Paraíba,PB,TOTAL,70476.8244692036,2017S2,64550.573653481,5926.250815722597
2018S2,24,PB - Paraíba,PB,APP,40620.2098507015,2018S1,39917.2409842391,702.9688664624045
2018S2,24,PB - Paraíba,PB,CASCO,70961.4008209249,2018S1,67157.8299525161,3803.570868408802
2018S2,24,PB - Paraíba,PB,RCDM,72347.6720289672,2018S1,68866.3422808633,3481.32974810389
2018S2,24,PB - Paraíba,PB,RCDP,70027.9515330358,2018S1,67029.4299562178,2998.5215768179914
2018S2,24,PB - Paraíba,PB,TOTAL,74034.2528050668,2018S1,70476.8244692036,3557.428335863209
2019S1,24,PB - Paraíba,PB,APP,40175.8957739971,2018S2,40620.2098507015,-444.3140767044024
2019S1,24,PB - Paraíba,PB,CASCO,72374.6299335114,2018S2,70961.4008209249,1413.2291125865013
2019S1,24,PB - Paraíba,PB,RCDM,72621.6847264324,2018S2,72347.6720289672,274.0126974652085
2019S1,24,PB - Paraíba,PB,RCDP,70190.7696659178,2018S2,70027.9515330358,162.81813288200647
2019S1,24,PB - Paraíba,PB,TOTAL,75582.3395132208,2018S2,74034.2528050668,1548.086708153991
2019S2,24,PB - Paraíba,PB,APP,39083.2290046425,2019S1,40175.8957739971,-1092.6667693546042
2019S2,24,PB - Paraíba,PB,CASCO,70933.5815364341,2019S1,72374.6299335114,-1441.0483970773057
2019S2,24,PB - Paraíba,PB,RCDM,71954.3102946319,2019S1,72621.6847264324,-667.3744318005047
2019S2,24,PB - Paraíba,PB,RCDP,69951.0363820666,2019S1,70190.7696659178,-239.7332838512084
2019S2,24,PB - Paraíba,PB,TOTAL,73826.9540802268,2019S1,75582.3395132208,-1755.3854329939932
2020S1,24,PB - Paraíba,PB,APP,28544.6464641769,2019S2,39083.2290046425,-10538.582540465595
2020S1,24,PB - Paraíba,PB,CASCO,64543.3530944572,2019S2,70933.5815364341,-6390.2284419768985
2020S1,24,PB - Paraíba,PB,RCDM,54667.4217409343,2019S2,71954.3102946319,-17286.8885536976
2020S1,24,PB - Paraíba,PB,RCDP,53059.2244845638,2019S2,69951.0363820666,-16891.811897502797
2020S1,24,PB - Paraíba,PB,TOTAL,67069.0298012681,2019S2,73826.9540802268,-6757.924278958701
2020S2,24,PB - Paraíba,PB,APP,35023.5798517312,2020S1,28544.6464641769,6478.933387554298
2020S2,24,PB - Paraíba,PB,CASCO,61824.7600192549,2020S1,64543.3530944572,-2718.5930752022978
2020S2,24,PB - Paraíba,PB,RCDM,61432.653193241,2020S1,54667.4217409343,6765.231452306703
2020S2,24,PB - Paraíba,PB,RCDP,60289.2367822849,2020S1,53059.2244845638,7230.0122977210995
2020S2,24,PB - Paraíba,PB,TOTAL,63845.6010793666,2020S1,67069.0298012681,-3223.4287219015023
2016S1,25,RN - Rio Grande do Norte,RN,APP,43018.0970632327,2015S2,,
2016S1,25,RN - Rio Grande do Norte,RN,CASCO,62852.8580718902,2015S2,,
2016S1,25,RN - Rio Grande do Norte,RN,RCDM,63463.6991562848,2015S2,,
2016S1,25,RN - Rio Grande do Norte,RN,RCDP,60420.0910217166,2015S2,,
2016S1,25,RN - Rio Grande do Norte,RN,TOTAL,65295.3128156355,2015S2,,
2016S2,25,RN - Rio Grande do Norte,RN,APP,43392.8344029677,2016S1,43018.0970632327,374.737339735002
2016S2,25,RN - Rio Grande do Norte,RN,CASCO,67112.7543338905,2016S1,62852.8580718902,4259.896262000293
2016S2,25,RN - Rio Grande do Norte,RN,RCDM,66891.1598045812,2016S1,63463.6991562848,3427.460648296401
2016S2,25,RN - Rio Grande do Norte,RN,RCDP,63746.6228945763,2016S1,60420.0910217166,3326.5318728596976
2016S2,25,RN - Rio Grande do Norte,RN,TOTAL,69779.7679801434,2016S1,65295.3128156355,4484.455164507897
2017S1,25,RN - Rio Grande do Norte,RN,APP,42093.9724671198,2016S2,43392.8344029677,-1298.8619358479045
2017S1,25,RN - Rio Grande do Norte,RN,CASCO,64966.4134929832,2016S2,67112.7543338905,-2146.3408409072945
2017S1,25,RN - Rio Grande do Norte,RN,RCDM,65704.7093877736,2016S2,66891.1598045812,-1186.4504168075946
2017S1,25,RN - Rio Grande do Norte,RN,RCDP,62563.8080276605,2016S2,63746.6228945763,-1182.8148669157963
2017S1,25,RN - Rio Grande do Norte,RN,TOTAL,67864.6080125719,2016S2,69779.7679801434,-1915.159967571497
2017S2,25,RN - Rio Grande do Norte,RN,APP,43095.0755311884,2017S1,42093.9724671198,1001.1030640686004
2017S2,25,RN - Rio Grande do Norte,RN,CASCO,66612.6173540992,2017S1,64966.4134929832,1646.2038611160024
2017S2,25,RN - Rio Grande do Norte,RN,RCDM,67025.507770929,2017S1,65704.7093877736,1320.798383155401
2017S2,25,RN - Rio Grande do Norte,RN,RCDP,64941.4119273042,2017S1,62563.8080276605,2377.6038996436982
2017S2,25,RN - Rio Grande do Norte,RN,TOTAL,70209.2090568431,2017S1,67864.6080125719,2344.6010442711995
2018S1,25,RN - Rio Grande do Norte,RN,APP,49931.8025958329,2017S2,43095.0755311884,6836.727064644503
2018S1,25,RN - Rio Grande do Norte,RN,CASCO,73707.9121288527,2017S2,66612.6173540992,7095.294774753493
2018S1,25,RN - Rio Grande do Norte,RN,RCDM,74078.0436370475,2017S2,67025.507770929,7052.535866118502
2018S1,25,RN - Rio Grande do Norte,RN,RCDP,71640.610766713,2017S2,64941.4119273042,6699.198839408797
2018S1,25,RN - Rio Grande do Norte,RN,TOTAL,77057.1230844366,2017S2,70209.2090568431,6847.9140275934915
2018S2,25,RN - Rio Grande do Norte,RN,APP,50975.6040129019,2018S1,49931.8025958329,1043.8014170690003
2018S2,25,RN - Rio Grande do Norte,RN,CASCO,75692.0197546738,2018S1,73707.9121288527,1984.1076258211106
2018S2,25,RN - Rio Grande do Norte,RN,RCDM,75918.055363623,2018S1,74078.0436370475,1840.0117265754961
2018S2,25,RN - Rio Grande do Norte,RN,RCDP,73055.4554337864,2018S1,71640.610766713,1414.8446670733974
2018S2,25,RN - Rio Grande do Norte,RN,TOTAL,79030.8799445974,2018S1,77057.1230844366,1973.7568601608073
2019S1,25,RN - Rio Grande do Norte,RN,APP,52258.3943750514,2018S2,50975.6040129019,1282.7903621494988
2019S1,25,RN - Rio Grande do Norte,RN,CASCO,75513.4710179507,2018S2,75692.0197546738,-178.54873672311078
2019S1,25,RN - Rio Grande do Norte,RN,RCDM,76094.2600631579,2018S2,75918.055363623,176.20469953489373
2019S1,25,RN - Rio Grande do Norte,RN,RCDP,73629.8271938455,2018S2,73055.4554337864,574.3717600591044
2019S1,25,RN - Rio Grande do Norte,RN,TOTAL,79149.6710142461,2018S2,79030.8799445974,118.79106964869425
2019S2,25,RN - Rio Grande do Norte,RN,APP,52567.8039388014,2019S1,52258.3943750514,309.4095637499995
2019S2,25,RN - Rio Grande do Norte,RN,CASCO,76256.4059910919,2019S1,75513.4710179507,742.9349731412076
2019S2,25,RN - Rio Grande do Norte,RN,RCDM,76380.1840766664,2019S1,76094.2600631579,285.9240135084983
2019S2,25,RN - Rio Grande do Norte,RN,RCDP,74154.1238589054,2019S1,73629.8271938455,524.2966650598974
2019S2,25,RN - Rio Grande do Norte,RN,TOTAL,79893.2442670786,2019S1,79149.6710142461,743.5732528325025
2020S1,25,RN - Rio Grande do Norte,RN,APP,30884.1395662758,2019S2,52567.8039388014,-21683.6643725256
2020S1,25,RN - Rio Grande do Norte,RN,CASCO,65499.750202816,2019S2,76256.4059910919,-10756.6557882759
2020S1,25,RN - Rio Grande do Norte,RN,RCDM,48850.42717695,2019S2,76380.1840766664,-27529.756899716398
2020S1,25,RN - Rio Grande do Norte,RN,RCDP,47426.7175910883,2019S2,74154.1238589054,-26727.406267817096
2020S1,25,RN - Rio Grande do Norte,RN,TOTAL,68945.9501915453,2019S2,79893.2442670786,-10947.294075533297
2020S2,25,RN - Rio Grande do Norte,RN,APP,39809.1878973884,2020S1,30884.1395662758,8925.0483311126
2020S2,25,RN - Rio Grande do Norte,RN,CASCO,58960.4942235542,2020S1,65499.750202816,-6539.255979261805
2020S2,25,RN - Rio Grande do Norte,RN,RCDM,58136.9216586333,2020S1,48850.42717695,9286.494481683301
2020S2,25,RN - Rio Grande do Norte,RN,RCDP,56960.261412879,2020S1,47426.7175910883,9533.5438217907
2020S2,25,RN - Rio Grande do Norte,RN,TOTAL,61665.4530786867,2020S1,68945.9501915453,-7280.497112858597
2016S1,26,AL - Alagoas,AL,APP,20909.9115574877,2015S2,,
2016S1,26,AL - Alagoas,AL,CASCO,44002.2505478421,2015S2,,
2016S1,26,AL - Alagoas,AL,RCDM,43996.0368591547,2015S2,,
2016S1,26,AL - Alagoas,AL,RCDP,42707.3766161669,2015S2,,
2016S1,26,AL - Alagoas,AL,TOTAL,45094.8834043583,2015S2,,
2016S2,26,AL - Alagoas,AL,APP,20975.1281914203,2016S1,20909.9115574877,65.2166339325995
2016S2,26,AL - Alagoas,AL,CASCO,45698.1166014262,2016S1,44002.2505478421,1695.8660535840972
2016S2,26,AL - Alagoas,AL,RCDM,45351.3905793391,2016S1,43996.0368591547,1355.353720184401
2016S2,26,AL - Alagoas,AL,RCDP,44003.478280623,2016S1,42707.3766161669,1296.1016644561023
2016S2,26,AL - Alagoas,AL,TOTAL,47076.4699988347,2016S1,45094.8834043583,1981.586594476401
2017S1,26,AL - Alagoas,AL,APP,19975.8328119013,2016S2,20975.1281914203,-999.2953795190006
2017S1,26,AL - Alagoas,AL,CASCO,43546.4601382203,2016S2,45698.1166014262,-2151.6564632058944
2017S1,26,AL - Alagoas,AL,RCDM,43884.4327443619,2016S2,45351.3905793391,-1466.9578349772055
2017S1,26,AL - Alagoas,AL,RCDP,42549.5806937432,2016S2,44003.478280623,-1453.8975868798007
2017S1,26,AL - Alagoas,AL,TOTAL,45135.9313712469,2016S2,47076.4699988347,-1940.5386275877972
2017S2,26,AL - Alagoas,AL,APP,19167.9035910782,2017S1,19975.8328119013,-807.9292208230981
2017S2,26,AL - Alagoas,AL,CASCO,42703.3577826307,2017S1,43546.4601382203,-843.1023555896027
2017S2,26,AL - Alagoas,AL,RCDM,43074.8043598505,2017S1,43884.4327443619,-809.628384511394
2017S2,26,AL - Alagoas,AL,RCDP,42752.3988783155,2017S1,42549.5806937432,202.8181845723011
2017S2,26,AL - Alagoas,AL,TOTAL,44979.8892339855,2017S1,45135.9313712469,-156.04213726140006
2018S1,26,AL - Alagoas,AL,APP,23144.0793826682,2017S2,19167.9035910782,3976.175791589998
2018S1,26,AL - Alagoas,AL,CASCO,47038.1286310046,2017S2,42703.3577826307,4334.770848373897
2018S1,26,AL - Alagoas,AL,RCDM,47589.9642511499,2017S2,43074.8043598505,4515.159891299394
2018S1,26,AL - Alagoas,AL,RCDP,46650.2382254656,2017S2,42752.3988783155,3897.8393471500967
2018S1,26,AL - Alagoas,AL,TOTAL,49184.9532875298,2017S2,44979.8892339855,4205.064053544302
2018S2,26,AL - Alagoas,AL,APP,23819.6596015268,2018S1,23144.0793826682,675.5802188586022
2018S2,26,AL - Alagoas,AL,CASCO,49456.2835947978,2018S1,47038.1286310046,2418.154963793204
2018S2,26,AL - Alagoas,AL,RCDM,49752.3000302119,2018S1,47589.9642511499,2162.3357790620066
2018S2,26,AL - Alagoas,AL,RCDP,48613.7931950241,2018S1,46650.2382254656,1963.5549695585069
2018S2,26,AL - Alagoas,AL,TOTAL,51432.050666918,2018S1,49184.9532875298,2247.0973793882004
2019S1,26,AL - Alagoas,AL,APP,24436.1341754701,2018S2,23819.6596015268,616.4745739432983
2019S1,26,AL - Alagoas,AL,CASCO,50805.969720725,2018S2,49456.2835947978,1349.6861259271973
2019S1,26,AL - Alagoas,AL,RCDM,49735.9697286771,2018S2,49752.3000302119,-16.330301534806495
2019S1,26,AL - Alagoas,AL,RCDP,48514.7615126339,2018S2,48613.7931950241,-99.03168239020306
2019S1,26,AL - Alagoas,AL,TOTAL,52333.4217756316,2018S2,51432.050666918,901.3711087135962
2019S2,26,AL - Alagoas,AL,APP,24867.4677654477,2019S1,24436.1341754701,431.33358997759933
2019S2,26,AL - Alagoas,AL,CASCO,49614.2341994271,2019S1,50805.969720725,-1191.7355212979019
2019S2,26,AL - Alagoas,AL,RCDM,49364.1246238411,2019S1,49735.9697286771,-371.84510483600025
2019S2,26,AL - Alagoas,AL,RCDP,47977.4205466383,2019S1,48514.7615126339,-537.3409659956014
2019S2,26,AL - Alagoas,AL,TOTAL,50927.2204699414,2019S1,52333.4217756316,-1406.2013056901997
2020S1,26,AL - Alagoas,AL,APP,17326.4519647709,2019S2,24867.4677654477,-7541.0158006768
2020S1,26,AL - Alagoas,AL,CASCO,43872.3148001186,2019S2,49614.2341994271,-5741.919399308499
2020S1,26,AL - Alagoas,AL,RCDM,35470.6793015362,2019S2,49364.1246238411,-13893.445322304899
2020S1,26,AL - Alagoas,AL,RCDP,34329.4491676814,2019S2,47977.4205466383,-13647.9713789569
2020S1,26,AL - Alagoas,AL,TOTAL,45101.5586340437,2019S2,50927.2204699414,-5825.661835897699
2020S2,26,AL - Alagoas,AL,APP,21620.4021086306,2020S1,17326.4519647709,4293.9501438597
2020S2,26,AL - Alagoas,AL,CASCO,42008.9495357824,2020S1,43872.3148001186,-1863.3652643362002
2020S2,26,AL - Alagoas,AL,RCDM,41988.9385823603,2020S1,35470.6793015362,6518.2592808241025
2020S2,26,AL - Alagoas,AL,RCDP,40714.7523098732,2020S1,34329.4491676814,6385.3031421917985
2020S2,26,AL - Alagoas,AL,TOTAL,43407.8399130297,2020S1,45101.5586340437,-1693.7187210140037
2016S1,27,CE - Ceará,CE,APP,78700.3287481293,2015S2,,
2016S1,27,CE - Ceará,CE,CASCO,123820.017685714,2015S2,,
2016S1,27,CE - Ceará,CE,RCDM,131594.231430461,2015S2,,
2016S1,27,CE - Ceará,CE,RCDP,122440.776850853,2015S2,,
2016S1,27,CE - Ceará,CE,TOTAL,136306.069714148,2015S2,,
2016S2,27,CE - Ceará,CE,APP,77039.1514200144,2016S1,78700.3287481293,-1661.1773281148926
2016S2,27,CE - Ceará,CE,CASCO,125161.484458817,2016S1,123820.017685714,1341.4667731029913
2016S2,27,CE - Ceará,CE,RCDM,129576.413170907,2016S1,131594.231430461,-2017.8182595539838
2016S2,27,CE - Ceará,CE,RCDP,121212.311965433,2016S1,122440.776850853,-1228.4648854200059
2016S2,27,CE - Ceará,CE,TOTAL,135682.007600629,2016S1,136306.069714148,-624.0621135190013
2017S1,27,CE - Ceará,CE,APP,74780.1394892,2016S2,77039.1514200144,-2259.011930814406
2017S1,27,CE - Ceará,CE,CASCO,120031.484551812,2016S2,125161.484458817,-5129.999907004996
2017S1,27,CE - Ceará,CE,RCDM,125817.383192402,2016S2,129576.413170907,-3759.029978505001
2017S1,27,CE - Ceará,CE,RCDP,118652.451686884,2016S2,121212.311965433,-2559.860278548993
2017S1,27,CE - Ceará,CE,TOTAL,130379.462633919,2016S2,135682.007600629,-5302.544966710004
2017S2,27,CE - Ceará,CE,APP,74052.0309634274,2017S1,74780.1394892,-728.1085257725936
2017S2,27,CE - Ceará,CE,CASCO,120292.980443579,2017S1,120031.484551812,261.495891767001
2017S2,27,CE - Ceará,CE,RCDM,126387.624204306,2017S1,125817.383192402,570.2410119039996
2017S2,27,CE - Ceará,CE,RCDP,122943.114653517,2017S1,118652.451686884,4290.662966632997
2017S2,27,CE - Ceará,CE,TOTAL,132999.648699879,2017S1,130379.462633919,2620.186065960006
2018S1,27,CE - Ceará,CE,APP,81652.8874471649,2017S2,74052.0309634274,7600.856483737502
2018S1,27,CE - Ceará,CE,CASCO,128851.906492798,2017S2,120292.980443579,8558.926049219008
2018S1,27,CE - Ceará,CE,RCDM,131891.147592039,2017S2,126387.624204306,5503.523387732988
2018S1,27,CE - Ceará,CE,RCDP,128915.454442671,2017S2,122943.114653517,5972.339789154008
2018S1,27,CE - Ceará,CE,TOTAL,137406.01059763,2017S2,132999.648699879,4406.3618977509905
2018S2,27,CE - Ceará,CE,APP,83879.2607065635,2018S1,81652.8874471649,2226.3732593985915
2018S2,27,CE - Ceará,CE,CASCO,134997.971662943,2018S1,128851.906492798,6146.065170144982
2018S2,27,CE - Ceará,CE,RCDM,137973.755156153,2018S1,131891.147592039,6082.607564114005
2018S2,27,CE - Ceará,CE,RCDP,134264.845644328,2018S1,128915.454442671,5349.391201656981
2018S2,27,CE - Ceará,CE,TOTAL,143705.694744798,2018S1,137406.01059763,6299.684147168009
2019S1,27,CE - Ceará,CE,APP,83278.5970281833,2018S2,83879.2607065635,-600.663678380195
2019S1,27,CE - Ceará,CE,CASCO,134858.018803474,2018S2,134997.971662943,-139.95285946899094
2019S1,27,CE - Ceará,CE,RCDM,138015.569511069,2018S2,137973.755156153,41.81435491601587
2019S1,27,CE - Ceará,CE,RCDP,134257.648974264,2018S2,134264.845644328,-7.196670063975034
2019S1,27,CE - Ceará,CE,TOTAL,145719.18593468,2018S2,143705.694744798,2013.4911898819846
2019S2,27,CE - Ceará,CE,APP,84074.0442133844,2019S1,83278.5970281833,795.4471852011047
2019S2,27,CE - Ceará,CE,CASCO,134539.308584273,2019S1,134858.018803474,-318.71021920099156
2019S2,27,CE - Ceará,CE,RCDM,138788.812649211,2019S1,138015.569511069,773.2431381419883
2019S2,27,CE - Ceará,CE,RCDP,134556.10590446,2019S1,134257.648974264,298.45693019600003
2019S2,27,CE - Ceará,CE,TOTAL,144659.456348516,2019S1,145719.18593468,-1059.7295861640014
2020S1,27,CE - Ceará,CE,APP,55956.2326442916,2019S2,84074.0442133844,-28117.811569092803
2020S1,27,CE - Ceará,CE,CASCO,112079.525392478,2019S2,134539.308584273,-22459.78319179501
2020S1,27,CE - Ceará,CE,RCDM,93079.0845692037,2019S2,138788.812649211,-45709.728080007306
2020S1,27,CE - Ceará,CE,RCDP,90726.6325184028,2019S2,134556.10590446,-43829.473386057216
2020S1,27,CE - Ceará,CE,TOTAL,121217.434928598,2019S2,144659.456348516,-23442.02141991799
2020S2,27,CE - Ceará,CE,APP,72856.2281507566,2020S1,55956.2326442916,16899.99550646499
2020S2,27,CE - Ceará,CE,CASCO,109264.525884586,2020S1,112079.525392478,-2814.9995078920037
2020S2,27,CE - Ceará,CE,RCDM,112076.430029016,2020S1,93079.0845692037,18997.345459812306
2020S2,27,CE - Ceará,CE,RCDP,109464.232820279,2020S1,90726.6325184028,18737.6003018762
2020S2,27,CE - Ceará,CE,TOTAL,118187.805235639,2020S1,121217.434928598,-3029.6296929590026
2016S1,28,PI - Piaui,PI,APP,20714.6102262503,2015S2,,
2016S1,28,PI - Piaui,PI,CASCO,31785.9523428176,2015S2,,
2016S1,28,PI - Piaui,PI,RCDM,31977.4290577499,2015S2,,
2016S1,28,PI - Piaui,PI,RCDP,30543.1277231369,2015S2,,
2016S1,28,PI - Piaui,PI,TOTAL,32893.2454804503,2015S2,,
2016S2,28,PI - Piaui,PI,APP,19752.1172733326,2016S1,20714.6102262503,-962.4929529177025
2016S2,28,PI - Piaui,PI,CASCO,31360.0375236394,2016S1,31785.9523428176,-425.91481917820056
2016S2,28,PI - Piaui,PI,RCDM,31438.0238225646,2016S1,31977.4290577499,-539.4052351853024
2016S2,28,PI - Piaui,PI,RCDP,30062.4622107516,2016S1,30543.1277231369,-480.6655123852979
2016S2,28,PI - Piaui,PI,TOTAL,32355.3964068596,2016S1,32893.2454804503,-537.8490735906998
2017S1,28,PI - Piaui,PI,APP,18817.9232277279,2016S2,19752.1172733326,-934.1940456046977
2017S1,28,PI - Piaui,PI,CASCO,30210.4820977435,2016S2,31360.0375236394,-1149.5554258958982
2017S1,28,PI - Piaui,PI,RCDM,30488.2382633551,2016S2,31438.0238225646,-949.7855592095002
2017S1,28,PI - Piaui,PI,RCDP,29229.9122394607,2016S2,30062.4622107516,-832.5499712909004
2017S1,28,PI - Piaui,PI,TOTAL,31291.5807271749,2016S2,32355.3964068596,-1063.8156796846997
2017S2,28,PI - Piaui,PI,APP,18756.9638780113,2017S1,18817.9232277279,-60.959349716602446
2017S2,28,PI - Piaui,PI,CASCO,30152.1882366845,2017S1,30210.4820977435,-58.293861059002666
2017S2,28,PI - Piaui,PI,RCDM,30618.3279534797,2017S1,30488.2382633551,130.08969012460147
2017S2,28,PI - Piaui,PI,RCDP,30126.270427932,2017S1,29229.9122394607,896.3581884712985
2017S2,28,PI - Piaui,PI,TOTAL,31847.8977841893,2017S1,31291.5807271749,556.3170570143993
2018S1,28,PI - Piaui,PI,APP,21277.9698015107,2017S2,18756.9638780113,2521.0059234994005
2018S1,28,PI - Piaui,PI,CASCO,32698.0300432909,2017S2,30152.1882366845,2545.8418066064005
2018S1,28,PI - Piaui,PI,RCDM,33374.0053892154,2017S2,30618.3279534797,2755.6774357357026
2018S1,28,PI - Piaui,PI,RCDP,32621.2053880063,2017S2,30126.270427932,2494.9349600743008
2018S1,28,PI - Piaui,PI,TOTAL,34421.2629205361,2017S2,31847.8977841893,2573.3651363468016
2018S2,28,PI - Piaui,PI,APP,22253.687059104,2018S1,21277.9698015107,975.7172575933
2018S2,28,PI - Piaui,PI,CASCO,34696.588095706,2018S1,32698.0300432909,1998.558052415101
2018S2,28,PI - Piaui,PI,RCDM,35283.0949359769,2018S1,33374.0053892154,1909.0895467614973
2018S2,28,PI - Piaui,PI,RCDP,34309.2839939068,2018S1,32621.2053880063,1688.0786059005004
2018S2,28,PI - Piaui,PI,TOTAL,36395.2921661041,2018S1,34421.2629205361,1974.0292455679955
2019S1,28,PI - Piaui,PI,APP,22721.3971975031,2018S2,22253.687059104,467.710138399103
2019S1,28,PI - Piaui,PI,CASCO,35473.3533276264,2018S2,34696.588095706,776.765231920399
2019S1,28,PI - Piaui,PI,RCDM,35411.7533294158,2018S2,35283.0949359769,128.6583934388982
2019S1,28,PI - Piaui,PI,RCDP,34393.5040170052,2018S2,34309.2839939068,84.22002309840173
2019S1,28,PI - Piaui,PI,TOTAL,37019.7231895388,2018S2,36395.2921661041,624.4310234347067
2019S2,28,PI - Piaui,PI,APP,22384.788381828,2019S1,22721.3971975031,-336.60881567510296
2019S2,28,PI - Piaui,PI,CASCO,35259.0510426299,2019S1,35473.3533276264,-214.3022849964982
2019S2,28,PI - Piaui,PI,RCDM,35373.2072073021,2019S1,35411.7533294158,-38.54612211370113
2019S2,28,PI - Piaui,PI,RCDP,34316.8565523182,2019S1,34393.5040170052,-76.64746468700469
2019S2,28,PI - Piaui,PI,TOTAL,36523.0345733389,2019S1,37019.7231895388,-496.6886161999064
2020S1,28,PI - Piaui,PI,APP,14668.7506286893,2019S2,22384.788381828,-7716.0377531386985
2020S1,28,PI - Piaui,PI,CASCO,30061.1587099554,2019S2,35259.0510426299,-5197.892332674499
2020S1,28,PI - Piaui,PI,RCDM,22111.6574614518,2019S2,35373.2072073021,-13261.549745850298
2020S1,28,PI - Piaui,PI,RCDP,21539.9697911255,2019S2,34316.8565523182,-12776.886761192698
2020S1,28,PI - Piaui,PI,TOTAL,31187.665555818,2019S2,36523.0345733389,-5335.369017520898
2020S2,28,PI - Piaui,PI,APP,19976.8049256587,2020S1,14668.7506286893,5308.0542969694
2020S2,28,PI - Piaui,PI,CASCO,28872.319765606,2020S1,30061.1587099554,-1188.8389443494016
2020S2,28,PI - Piaui,PI,RCDM,28685.0923791407,2020S1,22111.6574614518,6573.434917688901
2020S2,28,PI - Piaui,PI,RCDP,28082.9362298008,2020S1,21539.9697911255,6542.966438675303
2020S2,28,PI - Piaui,PI,TOTAL,29896.8868691484,2020S1,31187.665555818,-1290.7786866696006
2016S1,29,MA - Maranhão,MA,APP,31239.8373482483,2015S2,,
2016S1,29,MA - Maranhão,MA,CASCO,41951.2068760805,2015S2,,
2016S1,29,MA - Maranhão,MA,RCDM,43515.1739655393,2015S2,,
2016S1,29,MA - Maranhão,MA,RCDP,41818.8287982768,2015S2,,
2016S1,29,MA - Maranhão,MA,TOTAL,44578.8725790991,2015S2,,
2016S2,29,MA - Maranhão,MA,APP,30006.5526379477,2016S1,31239.8373482483,-1233.2847103005988
2016S2,29,MA - Maranhão,MA,CASCO,41919.5468723061,2016S1,41951.2068760805,-31.66000377439923
2016S2,29,MA - Maranhão,MA,RCDM,43009.2372571402,2016S1,43515.1739655393,-505.9367083991019
2016S2,29,MA - Maranhão,MA,RCDP,41320.3140033381,2016S1,41818.8287982768,-498.51479493870283
2016S2,29,MA - Maranhão,MA,TOTAL,44219.9440872795,2016S1,44578.8725790991,-358.928491819599
2017S1,29,MA - Maranhão,MA,APP,28121.230051476,2016S2,30006.5526379477,-1885.3225864717024
2017S1,29,MA - Maranhão,MA,CASCO,39219.6765922774,2016S2,41919.5468723061,-2699.870280028699
2017S1,29,MA - Maranhão,MA,RCDM,40354.4574143831,2016S2,43009.2372571402,-2654.7798427571033
2017S1,29,MA - Maranhão,MA,RCDP,38966.5724869077,2016S2,41320.3140033381,-2353.7415164303966
2017S1,29,MA - Maranhão,MA,TOTAL,41398.0409737118,2016S2,44219.9440872795,-2821.9031135676996
2017S2,29,MA - Maranhão,MA,APP,28099.2074719863,2017S1,28121.230051476,-22.02257948969782
2017S2,29,MA - Maranhão,MA,CASCO,39529.6975895944,2017S1,39219.6765922774,310.02099731699855
2017S2,29,MA - Maranhão,MA,RCDM,41084.659203554,2017S1,40354.4574143831,730.2017891709038
2017S2,29,MA - Maranhão,MA,RCDP,40423.2948300783,2017S1,38966.5724869077,1456.7223431706007
2017S2,29,MA - Maranhão,MA,TOTAL,42592.0783396331,2017S1,41398.0409737118,1194.0373659213
2018S1,29,MA - Maranhão,MA,APP,29681.9999150904,2017S2,28099.2074719863,1582.7924431040992
2018S1,29,MA - Maranhão,MA,CASCO,41590.4519386454,2017S2,39529.6975895944,2060.7543490509997
2018S1,29,MA - Maranhão,MA,RCDM,43407.5341305612,2017S2,41084.659203554,2322.8749270072003
2018S1,29,MA - Maranhão,MA,RCDP,42631.8081033551,2017S2,40423.2948300783,2208.513273276796
2018S1,29,MA - Maranhão,MA,TOTAL,44721.7615254219,2017S2,42592.0783396331,2129.6831857887955
2018S2,29,MA - Maranhão,MA,APP,30742.99368269,2018S1,29681.9999150904,1060.9937675996007
2018S2,29,MA - Maranhão,MA,CASCO,44703.0535900337,2018S1,41590.4519386454,3112.6016513883005
2018S2,29,MA - Maranhão,MA,RCDM,46458.3905476946,2018S1,43407.5341305612,3050.8564171334
2018S2,29,MA - Maranhão,MA,RCDP,45130.091943034,2018S1,42631.8081033551,2498.283839678901
2018S2,29,MA - Maranhão,MA,TOTAL,47820.3685890748,2018S1,44721.7615254219,3098.607063652904
2019S1,29,MA - Maranhão,MA,APP,31026.8848441741,2018S2,30742.99368269,283.8911614840981
2019S1,29,MA - Maranhão,MA,CASCO,44585.6382292272,2018S2,44703.0535900337,-117.4153608064953
2019S1,29,MA - Maranhão,MA,RCDM,46386.3012418039,2018S2,46458.3905476946,-72.08930589070224
2019S1,29,MA - Maranhão,MA,RCDP,45301.9039844912,2018S2,45130.091943034,171.81204145719676
2019S1,29,MA - Maranhão,MA,TOTAL,48043.3286354393,2018S2,47820.3685890748,222.96004636449652
2019S2,29,MA - Maranhão,MA,APP,31294.0676137945,2019S1,31026.8848441741,267.1827696204018
2019S2,29,MA - Maranhão,MA,CASCO,45806.2398435446,2019S1,44585.6382292272,1220.6016143173983
2019S2,29,MA - Maranhão,MA,RCDM,47295.3466665726,2019S1,46386.3012418039,909.0454247687012
2019S2,29,MA - Maranhão,MA,RCDP,46251.4480591365,2019S1,45301.9039844912,949.5440746453023
2019S2,29,MA - Maranhão,MA,TOTAL,48836.0699186213,2019S1,48043.3286354393,792.7412831820038
2020S1,29,MA - Maranhão,MA,APP,19796.4191054134,2019S2,31294.0676137945,-11497.648508381102
2020S1,29,MA - Maranhão,MA,CASCO,36612.5806335947,2019S2,45806.2398435446,-9193.659209949903
2020S1,29,MA - Maranhão,MA,RCDM,30941.6903118459,2019S2,47295.3466665726,-16353.6563547267
2020S1,29,MA - Maranhão,MA,RCDP,30002.9341497063,2019S2,46251.4480591365,-16248.5139094302
2020S1,29,MA - Maranhão,MA,TOTAL,38998.9641869115,2019S2,48836.0699186213,-9837.105731709802
2020S2,29,MA - Maranhão,MA,APP,29656.9718235163,2020S1,19796.4191054134,9860.552718102903
2020S2,29,MA - Maranhão,MA,CASCO,40162.5551336608,2020S1,36612.5806335947,3549.9745000660987
2020S2,29,MA - Maranhão,MA,RCDM,40819.8017092533,2020S1,30941.6903118459,9878.111397407396
2020S2,29,MA - Maranhão,MA,RCDP,40130.5469300793,2020S1,30002.9341497063,10127.612780372998
2020S2,29,MA - Maranhão,MA,TOTAL,42269.7907138094,2020S1,38998.9641869115,3270.826526897901
2016S1,30,PA - Pará,PA,APP,56497.283022414,2015S2,,
2016S1,30,PA - Pará,PA,CASCO,67401.9512116821,2015S2,,
2016S1,30,PA - Pará,PA,RCDM,69729.0005102339,2015S2,,
2016S1,30,PA - Pará,PA,RCDP,66972.9786505527,2015S2,,
2016S1,30,PA - Pará,PA,TOTAL,71694.6497844206,2015S2,,
2016S2,30,PA - Pará,PA,APP,55192.9053818174,2016S1,56497.283022414,-1304.3776405965982
2016S2,30,PA - Pará,PA,CASCO,67726.5078265485,2016S1,67401.9512116821,324.5566148664075
2016S2,30,PA - Pará,PA,RCDM,69618.5488953553,2016S1,69729.0005102339,-110.45161487860605
2016S2,30,PA - Pará,PA,RCDP,67571.9571669386,2016S1,66972.9786505527,598.9785163859051
2016S2,30,PA - Pará,PA,TOTAL,72183.5269318377,2016S1,71694.6497844206,488.8771474170935
2017S1,30,PA - Pará,PA,APP,51138.1012174338,2016S2,55192.9053818174,-4054.804164383597
2017S1,30,PA - Pará,PA,CASCO,62533.7696728222,2016S2,67726.5078265485,-5192.738153726306
2017S1,30,PA - Pará,PA,RCDM,64693.3368022861,2016S2,69618.5488953553,-4925.212093069196
2017S1,30,PA - Pará,PA,RCDP,63270.2984502246,2016S2,67571.9571669386,-4301.658716714002
2017S1,30,PA - Pará,PA,TOTAL,66647.840907678,2016S2,72183.5269318377,-5535.686024159702
2017S2,30,PA - Pará,PA,APP,50634.9219612218,2017S1,51138.1012174338,-503.17925621200266
2017S2,30,PA - Pará,PA,CASCO,62848.875079765,2017S1,62533.7696728222,315.10540694279916
2017S2,30,PA - Pará,PA,RCDM,64707.6613534084,2017S1,64693.3368022861,14.324551122299454
2017S2,30,PA - Pará,PA,RCDP,64016.3380824476,2017S1,63270.2984502246,746.0396322229935
2017S2,30,PA - Pará,PA,TOTAL,67559.7708702227,2017S1,66647.840907678,911.929962544702
2018S1,30,PA - Pará,PA,APP,51243.8793112072,2017S2,50634.9219612218,608.9573499854014
2018S1,30,PA - Pará,PA,CASCO,63147.1779096178,2017S2,62848.875079765,298.30282985280064
2018S1,30,PA - Pará,PA,RCDM,65070.1012033927,2017S2,64707.6613534084,362.43984998430096
2018S1,30,PA - Pará,PA,RCDP,64253.8190147886,2017S2,64016.3380824476,237.48093234100088
2018S1,30,PA - Pará,PA,TOTAL,67883.2409255435,2017S2,67559.7708702227,323.4700553208095
2018S2,30,PA - Pará,PA,APP,53347.3163748365,2018S1,51243.8793112072,2103.437063629295
2018S2,30,PA - Pará,PA,CASCO,67415.8091645152,2018S1,63147.1779096178,4268.631254897402
2018S2,30,PA - Pará,PA,RCDM,68617.1488771727,2018S1,65070.1012033927,3547.047673779998
2018S2,30,PA - Pará,PA,RCDP,67482.7242446775,2018S1,64253.8190147886,3228.9052298889073
2018S2,30,PA - Pará,PA,TOTAL,71638.244690137,2018S1,67883.2409255435,3755.0037645934935
2019S1,30,PA - Pará,PA,APP,53506.6710867691,2018S2,53347.3163748365,159.3547119326031
2019S1,30,PA - Pará,PA,CASCO,69288.9888468608,2018S2,67415.8091645152,1873.1796823455952
2019S1,30,PA - Pará,PA,RCDM,68639.9066653578,2018S2,68617.1488771727,22.75778818510298
2019S1,30,PA - Pará,PA,RCDP,67528.5943391053,2018S2,67482.7242446775,45.870094427795266
2019S1,30,PA - Pará,PA,TOTAL,74154.8381570503,2018S2,71638.244690137,2516.5934669132985
2019S2,30,PA - Pará,PA,APP,54636.8834302882,2019S1,53506.6710867691,1130.2123435191024
2019S2,30,PA - Pará,PA,CASCO,68249.7131730695,2019S1,69288.9888468608,-1039.2756737913005
2019S2,30,PA - Pará,PA,RCDM,70547.3652347745,2019S1,68639.9066653578,1907.458569416689
2019S2,30,PA - Pará,PA,RCDP,69510.4967682338,2019S1,67528.5943391053,1981.9024291285023
2019S2,30,PA - Pará,PA,TOTAL,73793.6692570099,2019S1,74154.8381570503,-361.16890004040033
2020S1,30,PA - Pará,PA,APP,36550.6053431709,2019S2,54636.8834302882,-18086.2780871173
2020S1,30,PA - Pará,PA,CASCO,58624.19693811,2019S2,68249.7131730695,-9625.516234959498
2020S1,30,PA - Pará,PA,RCDM,47252.3642255347,2019S2,70547.3652347745,-23295.001009239793
2020S1,30,PA - Pará,PA,RCDP,46650.8683362342,2019S2,69510.4967682338,-22859.628431999605
2020S1,30,PA - Pará,PA,TOTAL,63168.3777599698,2019S2,73793.6692570099,-10625.291497040096
2020S2,30,PA - Pará,PA,APP,54079.094475951,2020S1,36550.6053431709,17528.4891327801
2020S2,30,PA - Pará,PA,CASCO,67301.0503227799,2020S1,58624.19693811,8676.853384669907
2020S2,30,PA - Pará,PA,RCDM,66853.6120020705,2020S1,47252.3642255347,19601.247776535798
2020S2,30,PA - Pará,PA,RCDP,65930.2147640786,2020S1,46650.8683362342,19279.3464278444
2020S2,30,PA - Pará,PA,TOTAL,70629.0036934619,2020S1,63168.3777599698,7460.625933492098
2016S1,31,AM - Amazonas,AM,APP,24504.6402828521,2015S2,,
2016S1,31,AM - Amazonas,AM,CASCO,27127.5224078167,2015S2,,
2016S1,31,AM - Amazonas,AM,RCDM,29028.3031934774,2015S2,,
2016S1,31,AM - Amazonas,AM,RCDP,28745.4730588202,2015S2,,
2016S1,31,AM - Amazonas,AM,TOTAL,29701.2730484288,2015S2,,
2016S2,31,AM - Amazonas,AM,APP,23302.0760954511,2016S1,24504.6402828521,-1202.5641874009998
2016S2,31,AM - Amazonas,AM,CASCO,26580.1527209538,2016S1,27127.5224078167,-547.3696868629013
2016S2,31,AM - Amazonas,AM,RCDM,28196.3417246598,2016S1,29028.3031934774,-831.9614688176007
2016S2,31,AM - Amazonas,AM,RCDP,28290.859528135,2016S1,28745.4730588202,-454.6135306852011
2016S2,31,AM - Amazonas,AM,TOTAL,29247.2951258039,2016S1,29701.2730484288,-453.9779226249011
2017S1,31,AM - Amazonas,AM,APP,21846.6848694878,2016S2,23302.0760954511,-1455.3912259632998
2017S1,31,AM - Amazonas,AM,CASCO,24879.7095180089,2016S2,26580.1527209538,-1700.443202944898
2017S1,31,AM - Amazonas,AM,RCDM,27047.1423994824,2016S2,28196.3417246598,-1149.1993251774002
2017S1,31,AM - Amazonas,AM,RCDP,26950.3259605644,2016S2,28290.859528135,-1340.5335675705974
2017S1,31,AM - Amazonas,AM,TOTAL,27760.731440681,2016S2,29247.2951258039,-1486.5636851228992
2017S2,31,AM - Amazonas,AM,APP,21934.0131624686,2017S1,21846.6848694878,87.32829298080105
2017S2,31,AM - Amazonas,AM,CASCO,25089.3993766685,2017S1,24879.7095180089,209.68985865959985
2017S2,31,AM - Amazonas,AM,RCDM,26794.8459136733,2017S1,27047.1423994824,-252.29648580909998
2017S2,31,AM - Amazonas,AM,RCDP,27222.7965894504,2017S1,26950.3259605644,272.47062888599976
2017S2,31,AM - Amazonas,AM,TOTAL,28076.7965708831,2017S1,27760.731440681,316.0651302020997
2018S1,31,AM - Amazonas,AM,APP,22601.9862475581,2017S2,21934.0131624686,667.9730850894994
2018S1,31,AM - Amazonas,AM,CASCO,26478.9341782769,2017S2,25089.3993766685,1389.534801608399
2018S1,31,AM - Amazonas,AM,RCDM,27692.3780202754,2017S2,26794.8459136733,897.5321066020988
2018S1,31,AM - Amazonas,AM,RCDP,27981.504056091,2017S2,27222.7965894504,758.707466640597
2018S1,31,AM - Amazonas,AM,TOTAL,29250.6602138379,2017S2,28076.7965708831,1173.8636429547987
2018S2,31,AM - Amazonas,AM,APP,23386.6569251847,2018S1,22601.9862475581,784.6706776266001
2018S2,31,AM - Amazonas,AM,CASCO,27182.2787436466,2018S1,26478.9341782769,703.3445653696981
2018S2,31,AM - Amazonas,AM,RCDM,28816.2403398389,2018S1,27692.3780202754,1123.862319563501
2018S2,31,AM - Amazonas,AM,RCDP,28757.4677351606,2018S1,27981.504056091,775.9636790696022
2018S2,31,AM - Amazonas,AM,TOTAL,29768.7225099579,2018S1,29250.6602138379,518.0622961200024
2019S1,31,AM - Amazonas,AM,APP,23282.4081566408,2018S2,23386.6569251847,-104.24876854390095
2019S1,31,AM - Amazonas,AM,CASCO,27676.0328045134,2018S2,27182.2787436466,493.7540608668023
2019S1,31,AM - Amazonas,AM,RCDM,29443.6081500705,2018S2,28816.2403398389,627.3678102316007
2019S1,31,AM - Amazonas,AM,RCDP,29278.9204789288,2018S2,28757.4677351606,521.4527437682009
2019S1,31,AM - Amazonas,AM,TOTAL,30569.3917086241,2018S2,29768.7225099579,800.6691986662008
2019S2,31,AM - Amazonas,AM,APP,23882.4979458409,2019S1,23282.4081566408,600.0897892001012
2019S2,31,AM - Amazonas,AM,CASCO,28387.0430318411,2019S1,27676.0328045134,711.0102273277007
2019S2,31,AM - Amazonas,AM,RCDM,29917.4977845997,2019S1,29443.6081500705,473.8896345291978
2019S2,31,AM - Amazonas,AM,RCDP,29756.0813490027,2019S1,29278.9204789288,477.16087007389797
2019S2,31,AM - Amazonas,AM,TOTAL,31052.9909057342,2019S1,30569.3917086241,483.59919711009934
2020S1,31,AM - Amazonas,AM,APP,14859.6273367256,2019S2,23882.4979458409,-9022.8706091153
2020S1,31,AM - Amazonas,AM,CASCO,22487.25193119,2019S2,28387.0430318411,-5899.791100651102
2020S1,31,AM - Amazonas,AM,RCDM,19054.6163679571,2019S2,29917.4977845997,-10862.881416642598
2020S1,31,AM - Amazonas,AM,RCDP,18934.3862310355,2019S2,29756.0813490027,-10821.6951179672
2020S1,31,AM - Amazonas,AM,TOTAL,24767.4464475405,2019S2,31052.9909057342,-6285.544458193701
2020S2,31,AM - Amazonas,AM,APP,23401.6076071258,2020S1,14859.6273367256,8541.9802704002
2020S2,31,AM - Amazonas,AM,CASCO,27716.0184527854,2020S1,22487.25193119,5228.7665215954
2020S2,31,AM - Amazonas,AM,RCDM,28794.0704845777,2020S1,19054.6163679571,9739.4541166206
2020S2,31,AM - Amazonas,AM,RCDP,28349.0978937093,2020S1,18934.3862310355,9414.711662673799
2020S2,31,AM - Amazonas,AM,TOTAL,30309.7581172925,2020S1,24767.4464475405,5542.311669751998
2016S1,32,AP - Amapá,AP,APP,2755.07387028215,2015S2,,
2016S1,32,AP - Amapá,AP,CASCO,3127.46290031588,2015S2,,
2016S1,32,AP - Amapá,AP,RCDM,3231.42454265198,2015S2,,
2016S1,32,AP - Amapá,AP,RCDP,3225.56974803889,2015S2,,
2016S1,32,AP - Amapá,AP,TOTAL,3396.88481172686,2015S2,,
2016S2,32,AP - Amapá,AP,APP,2447.26842539338,2016S1,2755.07387028215,-307.8054448887701
2016S2,32,AP - Amapá,AP,CASCO,2825.32594686234,2016S1,3127.46290031588,-302.1369534535397
2016S2,32,AP - Amapá,AP,RCDM,2952.63279542606,2016S1,3231.42454265198,-278.79174722592006
2016S2,32,AP - Amapá,AP,RCDP,2952.97252144199,2016S1,3225.56974803889,-272.5972265968999
2016S2,32,AP - Amapá,AP,TOTAL,3069.38073703786,2016S1,3396.88481172686,-327.50407468899994
2017S1,32,AP - Amapá,AP,APP,2215.18903291272,2016S2,2447.26842539338,-232.07939248065986
2017S1,32,AP - Amapá,AP,CASCO,2526.22738910839,2016S2,2825.32594686234,-299.09855775395
2017S1,32,AP - Amapá,AP,RCDM,2667.87122381805,2016S2,2952.63279542606,-284.76157160800994
2017S1,32,AP - Amapá,AP,RCDP,2668.09314161213,2016S2,2952.97252144199,-284.8793798298602
2017S1,32,AP - Amapá,AP,TOTAL,2777.39725127677,2016S2,3069.38073703786,-291.9834857610899
2017S2,32,AP - Amapá,AP,APP,2285.68760494189,2017S1,2215.18903291272,70.49857202917019
2017S2,32,AP - Amapá,AP,CASCO,2635.34786890727,2017S1,2526.22738910839,109.12047979887984
2017S2,32,AP - Amapá,AP,RCDM,2804.67389179394,2017S1,2667.87122381805,136.80266797589002
2017S2,32,AP - Amapá,AP,RCDP,2812.58622048656,2017S1,2668.09314161213,144.49307887443
2017S2,32,AP - Amapá,AP,TOTAL,2931.38073739083,2017S1,2777.39725127677,153.98348611405982
2018S1,32,AP - Amapá,AP,APP,2503.83560937271,2017S2,2285.68760494189,218.14800443082004
2018S1,32,AP - Amapá,AP,CASCO,2884.58355371188,2017S2,2635.34786890727,249.23568480461017
2018S1,32,AP - Amapá,AP,RCDM,3047.59999109386,2017S2,2804.67389179394,242.92609929991977
2018S1,32,AP - Amapá,AP,RCDP,3042.0547856139,2017S2,2812.58622048656,229.4685651273403
2018S1,32,AP - Amapá,AP,TOTAL,3181.48766219988,2017S2,2931.38073739083,250.10692480905027
2018S2,32,AP - Amapá,AP,APP,2654.42458329396,2018S1,2503.83560937271,150.58897392124982
2018S2,32,AP - Amapá,AP,CASCO,3167.79716965603,2018S1,2884.58355371188,283.21361594414975
2018S2,32,AP - Amapá,AP,RCDM,3305.66018062877,2018S1,3047.59999109386,258.06018953491
2018S2,32,AP - Amapá,AP,RCDP,3287.37524948595,2018S1,3042.0547856139,245.3204638720499
2018S2,32,AP - Amapá,AP,TOTAL,3501.98620246258,2018S1,3181.48766219988,320.49854026269986
2019S1,32,AP - Amapá,AP,APP,2608.86848617112,2018S2,2654.42458329396,-45.55609712284013
2019S1,32,AP - Amapá,AP,CASCO,3142.72327956278,2018S2,3167.79716965603,-25.0738900932497
2019S1,32,AP - Amapá,AP,RCDM,3348.78903262177,2018S2,3305.66018062877,43.1288519929999
2019S1,32,AP - Amapá,AP,RCDP,3333.64382715896,2018S2,3287.37524948595,46.268577673009986
2019S1,32,AP - Amapá,AP,TOTAL,3511.25752547989,2018S2,3501.98620246258,9.271323017309896
2019S2,32,AP - Amapá,AP,APP,2748.22458131798,2019S1,2608.86848617112,139.3560951468603
2019S2,32,AP - Amapá,AP,CASCO,3313.83552231872,2019S1,3142.72327956278,171.11224275593986
2019S2,32,AP - Amapá,AP,RCDM,3543.47113307659,2019S1,3348.78903262177,194.6821004548201
2019S2,32,AP - Amapá,AP,RCDP,3524.84647637606,2019S1,3333.64382715896,191.20264921709986
2019S2,32,AP - Amapá,AP,TOTAL,3687.76153957192,2019S1,3511.25752547989,176.50401409203005
2020S1,32,AP - Amapá,AP,APP,1680.45204931498,2019S2,2748.22458131798,-1067.7725320030002
2020S1,32,AP - Amapá,AP,CASCO,2638.29861569498,2019S2,3313.83552231872,-675.5369066237399
2020S1,32,AP - Amapá,AP,RCDM,2276.01095186081,2019S2,3543.47113307659,-1267.4601812157798
2020S1,32,AP - Amapá,AP,RCDP,2264.21917102393,2019S2,3524.84647637606,-1260.62730535213
2020S1,32,AP - Amapá,AP,TOTAL,2955.83286183234,2019S2,3687.76153957192,-731.92867773958
2020S2,32,AP - Amapá,AP,APP,2722.74239545222,2020S1,1680.45204931498,1042.29034613724
2020S2,32,AP - Amapá,AP,CASCO,3156.78347687423,2020S1,2638.29861569498,518.48486117925
2020S2,32,AP - Amapá,AP,RCDM,3332.28484403621,2020S1,2276.01095186081,1056.2738921753999
2020S2,32,AP - Amapá,AP,RCDP,3312.22731025517,2020S1,2264.21917102393,1048.00813923124
2020S2,32,AP - Amapá,AP,TOTAL,3450.97799095931,2020S1,2955.83286183234,495.14512912697
2016S1,33,RO - Rondônia,RO,APP,557.353409344796,2015S2,,
2016S1,33,RO - Rondônia,RO,CASCO,579.641080665402,2015S2,,
2016S1,33,RO - Rondônia,RO,RCDM,567.769843495451,2015S2,,
2016S1,33,RO - Rondônia,RO,RCDP,566.871213416569,2015S2,,
2016S1,33,RO - Rondônia,RO,TOTAL,734.739708006382,2015S2,,
2016S2,33,RO - Rondônia,RO,APP,601.298615029082,2016S1,557.353409344796,43.945205684286066
2016S2,33,RO - Rondônia,RO,CASCO,586.008202455007,2016S1,579.641080665402,6.367121789604994
2016S2,33,RO - Rondônia,RO,RCDM,541.701354287099,2016S1,567.769843495451,-26.068489208352048
2016S2,33,RO - Rondônia,RO,RCDP,542.704094014596,2016S1,566.871213416569,-24.167119401973082
2016S2,33,RO - Rondônia,RO,TOTAL,797.567102377769,2016S1,734.739708006382,62.82739437138696
2017S1,33,RO - Rondônia,RO,APP,661.701368088368,2016S2,601.298615029082,60.40275305928594
2017S1,33,RO - Rondônia,RO,CASCO,661.013697671238,2016S2,586.008202455007,75.005495216231
2017S1,33,RO - Rondônia,RO,RCDM,577.589039694984,2016S2,541.701354287099,35.88768540788499
2017S1,33,RO - Rondônia,RO,RCDP,577.92876572581,2016S2,542.704094014596,35.224671711214
2017S1,33,RO - Rondônia,RO,TOTAL,920.517806367483,2016S2,797.567102377769,122.95070398971404
2017S2,33,RO - Rondônia,RO,APP,728.342449917458,2017S1,661.701368088368,66.64108182909001
2017S2,33,RO - Rondônia,RO,CASCO,725.819163265172,2017S1,661.013697671238,64.80546559393406
2017S2,33,RO - Rondônia,RO,RCDM,610.882176888641,2017S1,577.589039694984,33.293137193657
2017S2,33,RO - Rondônia,RO,RCDP,610.142450866755,2017S1,577.92876572581,32.21368514094502
2017S2,33,RO - Rondônia,RO,TOTAL,982.2383357035,2017S1,920.517806367483,61.720529336016966
2018S1,33,RO - Rondônia,RO,APP,3831.85478429077,2017S2,728.342449917458,3103.512334373312
2018S1,33,RO - Rondônia,RO,CASCO,4084.19177153474,2017S2,725.819163265172,3358.372608269568
2018S1,33,RO - Rondônia,RO,RCDM,3757.74519617716,2017S2,610.882176888641,3146.863019288519
2018S1,33,RO - Rondônia,RO,RCDP,3741.62464832654,2017S2,610.142450866755,3131.482197459785
2018S1,33,RO - Rondônia,RO,TOTAL,4327.7780727474,2017S2,982.2383357035,3345.5397370439
2018S2,33,RO - Rondônia,RO,APP,4009.01906638267,2018S1,3831.85478429077,177.16428209190008
2018S2,33,RO - Rondônia,RO,CASCO,4326.55330868065,2018S1,4084.19177153474,242.36153714591
2018S2,33,RO - Rondônia,RO,RCDM,3946.26838259259,2018S1,3757.74519617716,188.52318641543025
2018S2,33,RO - Rondônia,RO,RCDP,3920.04098549439,2018S1,3741.62464832654,178.4163371678501
2018S2,33,RO - Rondônia,RO,TOTAL,4545.94234329415,2018S1,4327.7780727474,218.16427054675023
2019S1,33,RO - Rondônia,RO,APP,3830.87944193278,2018S2,4009.01906638267,-178.1396244498901
2019S1,33,RO - Rondônia,RO,CASCO,4162.84656502493,2018S2,4326.55330868065,-163.70674365571995
2019S1,33,RO - Rondônia,RO,RCDM,3832.55341568077,2018S2,3946.26838259259,-113.71496691182028
2019S1,33,RO - Rondônia,RO,RCDP,3813.26848423807,2018S2,3920.04098549439,-106.77250125632008
2019S1,33,RO - Rondônia,RO,TOTAL,4491.41368819261,2018S2,4545.94234329415,-54.52865510154061
2019S2,33,RO - Rondônia,RO,APP,3390.82731046155,2019S1,3830.87944193278,-440.05213147123004
2019S2,33,RO - Rondônia,RO,CASCO,3635.08483914286,2019S1,4162.84656502493,-527.7617258820701
2019S2,33,RO - Rondônia,RO,RCDM,3315.32594205346,2019S1,3832.55341568077,-517.2274736273098
2019S2,33,RO - Rondônia,RO,RCDP,3303.7177228136,2019S1,3813.26848423807,-509.5507614244698
2019S2,33,RO - Rondônia,RO,TOTAL,4051.45469545433,2019S1,4491.41368819261,-439.9589927382799
2020S1,33,RO - Rondônia,RO,APP,3562.93148649996,2019S2,3390.82731046155,172.10417603841006
2020S1,33,RO - Rondônia,RO,CASCO,3845.7013506284,2019S2,3635.08483914286,210.6165114855403
2020S1,33,RO - Rondônia,RO,RCDM,3664.85751271853,2019S2,3315.32594205346,349.5315706650699
2020S1,33,RO - Rondônia,RO,RCDP,3653.40271811932,2019S2,3303.7177228136,349.6849953057199
2020S1,33,RO - Rondônia,RO,TOTAL,4280.93148423592,2019S2,4051.45469545433,229.47678878159013
2020S2,33,RO - Rondônia,RO,APP,3750.66017377516,2020S1,3562.93148649996,187.72868727519972
2020S2,33,RO - Rondônia,RO,CASCO,4219.43276964361,2020S1,3845.7013506284,373.7314190152101
2020S2,33,RO - Rondônia,RO,RCDM,4082.47113149753,2020S1,3664.85751271853,417.61361877900026
2020S2,33,RO - Rondônia,RO,RCDP,4013.03277663561,2020S1,3653.40271811932,359.63005851628986
2020S2,33,RO - Rondônia,RO,TOTAL,4528.31495829625,2020S1,4280.93148423592,247.38347406032972
2016S1,34,RR - Roraima,RR,APP,2973.09579287376,2015S2,,
2016S1,34,RR - Roraima,RR,CASCO,3645.64920459548,2015S2,,
2016S1,34,RR - Roraima,RR,RCDM,3953.01083066594,2015S2,,
2016S1,34,RR - Roraima,RR,RCDP,3740.62179625174,2015S2,,
2016S1,34,RR - Roraima,RR,TOTAL,4063.43000672432,2015S2,,
2016S2,34,RR - Roraima,RR,APP,2767.07663432322,2016S1,2973.09579287376,-206.01915855053994
2016S2,34,RR - Roraima,RR,CASCO,3575.85469887406,2016S1,3645.64920459548,-69.79450572142014
2016S2,34,RR - Roraima,RR,RCDM,3838.67935279338,2016S1,3953.01083066594,-114.33147787255984
2016S2,34,RR - Roraima,RR,RCDP,3659.92319274927,2016S1,3740.62179625174,-80.69860350246972
2016S2,34,RR - Roraima,RR,TOTAL,3930.15332372161,2016S1,4063.43000672432,-133.2766830027099
2017S1,34,RR - Roraima,RR,APP,2588.10410157638,2016S2,2767.07663432322,-178.97253274684
2017S1,34,RR - Roraima,RR,CASCO,3351.33971778769,2016S2,3575.85469887406,-224.51498108636997
2017S1,34,RR - Roraima,RR,RCDM,3594.68766346807,2016S2,3838.67935279338,-243.9916893253103
2017S1,34,RR - Roraima,RR,RCDP,3446.56985546788,2016S2,3659.92319274927,-213.35333728138994
2017S1,34,RR - Roraima,RR,TOTAL,3705.97533413023,2016S2,3930.15332372161,-224.17798959138008
2017S2,34,RR - Roraima,RR,APP,2589.18075214792,2017S1,2588.10410157638,1.0766505715400854
2017S2,34,RR - Roraima,RR,CASCO,3383.45196564402,2017S1,3351.33971778769,32.112247856330214
2017S2,34,RR - Roraima,RR,RCDM,3637.45744274603,2017S1,3594.68766346807,42.769779277960424
2017S2,34,RR - Roraima,RR,RCDP,3487.92319941707,2017S1,3446.56985546788,41.35334394918982
2017S2,34,RR - Roraima,RR,TOTAL,3771.46291929251,2017S1,3705.97533413023,65.48758516228008
2018S1,34,RR - Roraima,RR,APP,2809.49314261694,2017S2,2589.18075214792,220.3123904690201
2018S1,34,RR - Roraima,RR,CASCO,3581.25752517721,2017S2,3383.45196564402,197.8055595331898
2018S1,34,RR - Roraima,RR,RCDM,3823.24656492937,2017S2,3637.45744274603,185.7891221833397
2018S1,34,RR - Roraima,RR,RCDP,3668.57259262819,2017S2,3487.92319941707,180.6493932111198
2018S1,34,RR - Roraima,RR,TOTAL,3943.75889350474,2017S2,3771.46291929251,172.29597421223025
2018S2,34,RR - Roraima,RR,APP,2898.97251817724,2018S1,2809.49314261694,89.47937556030001
2018S2,34,RR - Roraima,RR,CASCO,3708.83825006755,2018S1,3581.25752517721,127.58072489033975
2018S2,34,RR - Roraima,RR,RCDM,3928.16701441817,2018S1,3823.24656492937,104.92044948879993
2018S2,34,RR - Roraima,RR,RCDP,3719.76428013481,2018S1,3668.57259262819,51.19168750662038
2018S2,34,RR - Roraima,RR,TOTAL,4097.46837961674,2018S1,3943.75889350474,153.70948611199992
2019S1,34,RR - Roraima,RR,APP,2971.87396666361,2018S2,2898.97251817724,72.9014484863701
2019S1,34,RR - Roraima,RR,CASCO,3601.29588446021,2018S2,3708.83825006755,-107.54236560733989
2019S1,34,RR - Roraima,RR,RCDM,3854.81369244866,2018S2,3928.16701441817,-73.35332196951003
2019S1,34,RR - Roraima,RR,RCDP,3742.53424045164,2018S2,3719.76428013481,22.769960316829838
2019S1,34,RR - Roraima,RR,TOTAL,4067.54794060066,2018S2,4097.46837961674,-29.92043901608031
2019S2,34,RR - Roraima,RR,APP,3071.84100625617,2019S1,2971.87396666361,99.96703959256001
2019S2,34,RR - Roraima,RR,CASCO,3606.8026348846,2019S1,3601.29588446021,5.506750424390248
2019S2,34,RR - Roraima,RR,RCDM,3965.60810622061,2019S1,3854.81369244866,110.79441377195008
2019S2,34,RR - Roraima,RR,RCDP,3851.788931116,2019S1,3742.53424045164,109.25469066436017
2019S2,34,RR - Roraima,RR,TOTAL,4092.21906384174,2019S1,4067.54794060066,24.671123241080295
2020S1,34,RR - Roraima,RR,APP,2023.58355493005,2019S2,3071.84100625617,-1048.2574513261202
2020S1,34,RR - Roraima,RR,CASCO,2850.46025958611,2019S2,3606.8026348846,-756.34237529849
2020S1,34,RR - Roraima,RR,RCDM,2704.83286832552,2019S2,3965.60810622061,-1260.77523789509
2020S1,34,RR - Roraima,RR,RCDP,2666.53697807109,2019S2,3851.788931116,-1185.2519530449104
2020S1,34,RR - Roraima,RR,TOTAL,3262.14519022731,2019S2,4092.21906384174,-830.0738736144299
2020S2,34,RR - Roraima,RR,APP,2972.97799927602,2020S1,2023.58355493005,949.39444434597
2020S2,34,RR - Roraima,RR,CASCO,3457.30949377967,2020S1,2850.46025958611,606.8492341935598
2020S2,34,RR - Roraima,RR,RCDM,3662.6382576637,2020S1,2704.83286832552,957.8053893381802
2020S2,34,RR - Roraima,RR,RCDP,3554.48483527824,2020S1,2666.53697807109,887.9478572071503
2020S2,34,RR - Roraima,RR,TOTAL,3829.46291125473,2020S1,3262.14519022731,567.3177210274198
2016S1,35,AC - Acre,AC,APP,4876.57244512066,2015S2,,
2016S1,35,AC - Acre,AC,CASCO,6473.87924794387,2015S2,,
2016S1,35,AC - Acre,AC,RCDM,6704.51485537179,2015S2,,
2016S1,35,AC - Acre,AC,RCDP,6383.31486243289,2015S2,,
2016S1,35,AC - Acre,AC,TOTAL,6843.40252515581,2015S2,,
2016S2,35,AC - Acre,AC,APP,4559.65467719408,2016S1,4876.57244512066,-316.9177679265795
2016S2,35,AC - Acre,AC,CASCO,6220.91490845755,2016S1,6473.87924794387,-252.96433948631966
2016S2,35,AC - Acre,AC,RCDM,6379.3368218746,2016S1,6704.51485537179,-325.17803349719
2016S2,35,AC - Acre,AC,RCDP,6172.79436117737,2016S1,6383.31486243289,-210.52050125551978
2016S2,35,AC - Acre,AC,TOTAL,6517.89298309525,2016S1,6843.40252515581,-325.5095420605594
2017S1,35,AC - Acre,AC,APP,4209.42464482598,2016S2,4559.65467719408,-350.2300323681002
2017S1,35,AC - Acre,AC,CASCO,5710.7150514205,2016S2,6220.91490845755,-510.1998570370506
2017S1,35,AC - Acre,AC,RCDM,5836.17532460392,2016S2,6379.3368218746,-543.1614972706802
2017S1,35,AC - Acre,AC,RCDP,5745.35614683665,2016S2,6172.79436117737,-427.43821434072015
2017S1,35,AC - Acre,AC,TOTAL,5956.46025591157,2016S2,6517.89298309525,-561.4327271836801
2017S2,35,AC - Acre,AC,APP,4229.23550765822,2017S1,4209.42464482598,19.810862832239764
2017S2,35,AC - Acre,AC,CASCO,5857.37519659428,2017S1,5710.7150514205,146.66014517378062
2017S2,35,AC - Acre,AC,RCDM,6050.23272431968,2017S1,5836.17532460392,214.05739971575986
2017S2,35,AC - Acre,AC,RCDP,6007.12861568201,2017S1,5745.35614683665,261.77246884536
2017S2,35,AC - Acre,AC,TOTAL,6239.04641835624,2017S1,5956.46025591157,282.58616244466975
2018S1,35,AC - Acre,AC,APP,4276.99725168897,2017S2,4229.23550765822,47.76174403075038
2018S1,35,AC - Acre,AC,CASCO,6051.51505486295,2017S2,5857.37519659428,194.13985826866974
2018S1,35,AC - Acre,AC,RCDM,6316.69313697377,2017S2,6050.23272431968,266.46041265409076
2018S1,35,AC - Acre,AC,RCDP,6273.1999863903,2017S2,6007.12861568201,266.0713707082905
2018S1,35,AC - Acre,AC,TOTAL,6488.14245197037,2017S2,6239.04641835624,249.09603361412974
2018S2,35,AC - Acre,AC,APP,4925.76700487779,2018S1,4276.99725168897,648.7697531888198
2018S2,35,AC - Acre,AC,CASCO,7132.52859690972,2018S1,6051.51505486295,1081.0135420467705
2018S2,35,AC - Acre,AC,RCDM,7556.95872586546,2018S1,6316.69313697377,1240.2655888916897
2018S2,35,AC - Acre,AC,RCDP,7479.96420628391,2018S1,6273.1999863903,1206.76421989361
2018S2,35,AC - Acre,AC,TOTAL,7762.23269386543,2018S1,6488.14245197037,1274.09024189506
2019S1,35,AC - Acre,AC,APP,5520.73970898334,2018S2,4925.76700487779,594.9727041055503
2019S1,35,AC - Acre,AC,CASCO,7209.92874740856,2018S2,7132.52859690972,77.40015049884005
2019S1,35,AC - Acre,AC,RCDM,7932.65751038911,2018S2,7556.95872586546,375.6987845236499
2019S1,35,AC - Acre,AC,RCDP,7843.95066128904,2018S2,7479.96420628391,363.98645500512976
2019S1,35,AC - Acre,AC,TOTAL,8124.81641437206,2018S2,7762.23269386543,362.58372050663
2019S2,35,AC - Acre,AC,APP,5280.84917601105,2019S1,5520.73970898334,-239.8905329722902
2019S2,35,AC - Acre,AC,CASCO,7736.30117408885,2019S1,7209.92874740856,526.3724266802892
2019S2,35,AC - Acre,AC,RCDM,8098.49294812977,2019S1,7932.65751038911,165.83543774066038
2019S2,35,AC - Acre,AC,RCDP,8014.3641831479,2019S1,7843.95066128904,170.4135218588599
2019S2,35,AC - Acre,AC,TOTAL,8290.12582033919,2019S1,8124.81641437206,165.30940596713026
2020S1,35,AC - Acre,AC,APP,3870.99451006157,2019S2,5280.84917601105,-1409.85466594948
2020S1,35,AC - Acre,AC,CASCO,6159.17258097464,2019S2,7736.30117408885,-1577.1285931142093
2020S1,35,AC - Acre,AC,RCDM,5513.25204243138,2019S2,8098.49294812977,-2585.2409056983906
2020S1,35,AC - Acre,AC,RCDP,5458.71505622985,2019S2,8014.3641831479,-2555.6491269180497
2020S1,35,AC - Acre,AC,TOTAL,6598.06299151806,2019S2,8290.12582033919,-1692.06282882113
2020S2,35,AC - Acre,AC,APP,5366.24096054025,2020S1,3870.99451006157,1495.24645047868
2020S2,35,AC - Acre,AC,CASCO,6869.50393455056,2020S1,6159.17258097464,710.3313535759198
2020S2,35,AC - Acre,AC,RCDM,7095.85735425958,2020S1,5513.25204243138,1582.6053118281998
2020S2,35,AC - Acre,AC,RCDP,7031.06283513829,2020S1,5458.71505622985,1572.34777890844
2020S2,35,AC - Acre,AC,TOTAL,7363.17789607402,2020S1,6598.06299151806,765.1149045559605
2016S1,36,MT - Mato Grosso,MT,APP,81758.6083688429,2015S2,,
2016S1,36,MT - Mato Grosso,MT,CASCO,91885.6874918551,2015S2,,
2016S1,36,MT - Mato Grosso,MT,RCDM,96496.561415182,2015S2,,
2016S1,36,MT - Mato Grosso,MT,RCDP,95413.010779249,2015S2,,
2016S1,36,MT - Mato Grosso,MT,TOTAL,100784.459996974,2015S2,,
2016S2,36,MT - Mato Grosso,MT,APP,84868.4170085154,2016S1,81758.6083688429,3109.8086396724975
2016S2,36,MT - Mato Grosso,MT,CASCO,99409.5701089846,2016S1,91885.6874918551,7523.882617129493
2016S2,36,MT - Mato Grosso,MT,RCDM,101619.605657585,2016S1,96496.561415182,5123.04424240299
2016S2,36,MT - Mato Grosso,MT,RCDP,100536.381042162,2016S1,95413.010779249,5123.370262912998
2016S2,36,MT - Mato Grosso,MT,TOTAL,107410.841193155,2016S1,100784.459996974,6626.381196181013
2017S1,36,MT - Mato Grosso,MT,APP,80106.2216900885,2016S2,84868.4170085154,-4762.195318426908
2017S1,36,MT - Mato Grosso,MT,CASCO,92132.1641180995,2016S2,99409.5701089846,-7277.40599088509
2017S1,36,MT - Mato Grosso,MT,RCDM,95835.0874019223,2016S2,101619.605657585,-5784.518255662697
2017S1,36,MT - Mato Grosso,MT,RCDP,94874.0134366457,2016S2,100536.381042162,-5662.367605516294
2017S1,36,MT - Mato Grosso,MT,TOTAL,100213.298351051,2016S2,107410.841193155,-7197.542842104012
2017S2,36,MT - Mato Grosso,MT,APP,82778.1871022079,2017S1,80106.2216900885,2671.9654121194035
2017S2,36,MT - Mato Grosso,MT,CASCO,95328.0799241704,2017S1,92132.1641180995,3195.915806070887
2017S2,36,MT - Mato Grosso,MT,RCDM,98459.6524923919,2017S1,95835.0874019223,2624.5650904696085
2017S2,36,MT - Mato Grosso,MT,RCDP,98879.3812476466,2017S1,94874.0134366457,4005.3678110008914
2017S2,36,MT - Mato Grosso,MT,TOTAL,104489.003049136,2017S1,100213.298351051,4275.704698084999
2018S1,36,MT - Mato Grosso,MT,APP,85850.5121117993,2017S2,82778.1871022079,3072.3250095913972
2018S1,36,MT - Mato Grosso,MT,CASCO,98783.0737222433,2017S2,95328.0799241704,3454.993798072901
2018S1,36,MT - Mato Grosso,MT,RCDM,102649.89563752,2017S2,98459.6524923919,4190.243145128101
2018S1,36,MT - Mato Grosso,MT,RCDP,102679.492894033,2017S2,98879.3812476466,3800.111646386402
2018S1,36,MT - Mato Grosso,MT,TOTAL,108169.553159059,2017S2,104489.003049136,3680.5501099230023
2018S2,36,MT - Mato Grosso,MT,APP,90721.9924211181,2018S1,85850.5121117993,4871.480309318809
2018S2,36,MT - Mato Grosso,MT,CASCO,105449.23587198,2018S1,98783.0737222433,6666.162149736701
2018S2,36,MT - Mato Grosso,MT,RCDM,108793.317993926,2018S1,102649.89563752,6143.422356405994
2018S2,36,MT - Mato Grosso,MT,RCDP,108185.698831239,2018S1,102679.492894033,5506.205937206003
2018S2,36,MT - Mato Grosso,MT,TOTAL,114433.506913658,2018S1,108169.553159059,6263.953754599002
2019S1,36,MT - Mato Grosso,MT,APP,92141.6737117218,2018S2,90721.9924211181,1419.681290603694
2019S1,36,MT - Mato Grosso,MT,CASCO,109587.555856437,2018S2,105449.23587198,4138.3199844570045
2019S1,36,MT - Mato Grosso,MT,RCDM,113563.120234449,2018S2,108793.317993926,4769.802240523
2019S1,36,MT - Mato Grosso,MT,RCDP,112965.898315438,2018S2,108185.698831239,4780.1994841989945
2019S1,36,MT - Mato Grosso,MT,TOTAL,119245.248986182,2018S2,114433.506913658,4811.742072524008
2019S2,36,MT - Mato Grosso,MT,APP,95219.824880234,2019S1,92141.6737117218,3078.151168512195
2019S2,36,MT - Mato Grosso,MT,CASCO,113289.487428504,2019S1,109587.555856437,3701.9315720669983
2019S2,36,MT - Mato Grosso,MT,RCDM,115951.517529367,2019S1,113563.120234449,2388.3972949180024
2019S2,36,MT - Mato Grosso,MT,RCDP,115051.016189992,2019S1,112965.898315438,2085.117874554009
2019S2,36,MT - Mato Grosso,MT,TOTAL,121931.42150977,2019S1,119245.248986182,2686.1725235880003
2020S1,36,MT - Mato Grosso,MT,APP,75564.9860406211,2019S2,95219.824880234,-19654.8388396129
2020S1,36,MT - Mato Grosso,MT,CASCO,102260.887207442,2019S2,113289.487428504,-11028.600221061992
2020S1,36,MT - Mato Grosso,MT,RCDM,91053.7229841724,2019S2,115951.517529367,-24897.7945451946
2020S1,36,MT - Mato Grosso,MT,RCDP,90049.6791496626,2019S2,115051.016189992,-25001.33704032941
2020S1,36,MT - Mato Grosso,MT,TOTAL,109807.46800423,2019S2,121931.42150977,-12123.953505540005
2020S2,36,MT - Mato Grosso,MT,APP,90819.857949825,2020S1,75564.9860406211,15254.87190920391
2020S2,36,MT - Mato Grosso,MT,CASCO,104902.860336379,2020S1,102260.887207442,2641.9731289369956
2020S2,36,MT - Mato Grosso,MT,RCDM,104816.9178889,2020S1,91053.7229841724,13763.1949047276
2020S2,36,MT - Mato Grosso,MT,RCDP,104269.485031904,2020S1,90049.6791496626,14219.805882241402
2020S2,36,MT - Mato Grosso,MT,TOTAL,111606.780754611,2020S1,109807.46800423,1799.3127503809956
2016S1,37,MS - Mato Grosso do Sul,MS,APP,71125.2303347494,2015S2,,
2016S1,37,MS - Mato Grosso do Sul,MS,CASCO,81011.3286543032,2015S2,,
2016S1,37,MS - Mato Grosso do Sul,MS,RCDM,84089.5669212393,2015S2,,
2016S1,37,MS - Mato Grosso do Sul,MS,RCDP,84011.8956890819,2015S2,,
2016S1,37,MS - Mato Grosso do Sul,MS,TOTAL,86944.9641206791,2015S2,,
2016S2,37,MS - Mato Grosso do Sul,MS,APP,73095.099418784,2016S1,71125.2303347494,1969.8690840345953
2016S2,37,MS - Mato Grosso do Sul,MS,CASCO,85016.6826836346,2016S1,81011.3286543032,4005.3540293314
2016S2,37,MS - Mato Grosso do Sul,MS,RCDM,88034.4004160152,2016S1,84089.5669212393,3944.8334947758995
2016S2,37,MS - Mato Grosso do Sul,MS,RCDP,88023.5839819601,2016S1,84011.8956890819,4011.6882928781997
2016S2,37,MS - Mato Grosso do Sul,MS,TOTAL,90440.1894146479,2016S1,86944.9641206791,3495.225293968804
2017S1,37,MS - Mato Grosso do Sul,MS,APP,69467.7450014465,2016S2,73095.099418784,-3627.3544173374976
2017S1,37,MS - Mato Grosso do Sul,MS,CASCO,80198.180582901,2016S2,85016.6826836346,-4818.502100733604
2017S1,37,MS - Mato Grosso do Sul,MS,RCDM,83439.7915367591,2016S2,88034.4004160152,-4594.608879256091
2017S1,37,MS - Mato Grosso do Sul,MS,RCDP,83361.7175650615,2016S2,88023.5839819601,-4661.8664168986
2017S1,37,MS - Mato Grosso do Sul,MS,TOTAL,85776.5696173371,2016S2,90440.1894146479,-4663.6197973108065
2017S2,37,MS - Mato Grosso do Sul,MS,APP,70350.65578879,2017S1,69467.7450014465,882.9107873434987
2017S2,37,MS - Mato Grosso do Sul,MS,CASCO,81951.8390584248,2017S1,80198.180582901,1753.6584755238
2017S2,37,MS - Mato Grosso do Sul,MS,RCDM,84982.8609159999,2017S1,83439.7915367591,1543.0693792407983
2017S2,37,MS - Mato Grosso do Sul,MS,RCDP,85493.7266501999,2017S1,83361.7175650615,2132.009085138401
2017S2,37,MS - Mato Grosso do Sul,MS,TOTAL,88200.0937104342,2017S1,85776.5696173371,2423.524093097105
2018S1,37,MS - Mato Grosso do Sul,MS,APP,72096.8984303875,2017S2,70350.65578879,1746.242641597506
2018S1,37,MS - Mato Grosso do Sul,MS,CASCO,83626.3586771344,2017S2,81951.8390584248,1674.5196187096008
2018S1,37,MS - Mato Grosso do Sul,MS,RCDM,87172.6271612314,2017S2,84982.8609159999,2189.766245231498
2018S1,37,MS - Mato Grosso do Sul,MS,RCDP,87358.6244226727,2017S2,85493.7266501999,1864.897772472803
2018S1,37,MS - Mato Grosso do Sul,MS,TOTAL,90069.4627782996,2017S2,88200.0937104342,1869.3690678653948
2018S2,37,MS - Mato Grosso do Sul,MS,APP,74319.8885529875,2018S1,72096.8984303875,2222.990122599993
2018S2,37,MS - Mato Grosso do Sul,MS,CASCO,86522.145765217,2018S1,83626.3586771344,2895.7870880826085
2018S2,37,MS - Mato Grosso do Sul,MS,RCDM,89882.2552703912,2018S1,87172.6271612314,2709.628109159792
2018S2,37,MS - Mato Grosso do Sul,MS,RCDP,90019.0388212181,2018S1,87358.6244226727,2660.4143985453993
2018S2,37,MS - Mato Grosso do Sul,MS,TOTAL,92904.0278004431,2018S1,90069.4627782996,2834.565022143506
2019S1,37,MS - Mato Grosso do Sul,MS,APP,74927.4052529647,2018S2,74319.8885529875,607.5166999772046
2019S1,37,MS - Mato Grosso do Sul,MS,CASCO,86943.4627537476,2018S2,86522.145765217,421.3169885305979
2019S1,37,MS - Mato Grosso do Sul,MS,RCDM,90842.0463079768,2018S2,89882.2552703912,959.7910375856009
2019S1,37,MS - Mato Grosso do Sul,MS,RCDP,90548.2161717722,2018S2,90019.0388212181,529.1773505541059
2019S1,37,MS - Mato Grosso do Sul,MS,TOTAL,94009.9942467902,2018S2,92904.0278004431,1105.966446347098
2019S2,37,MS - Mato Grosso do Sul,MS,APP,73020.7267315728,2019S1,74927.4052529647,-1906.6785213919065
2019S2,37,MS - Mato Grosso do Sul,MS,CASCO,86094.2825253285,2019S1,86943.4627537476,-849.1802284191072
2019S2,37,MS - Mato Grosso do Sul,MS,RCDM,89240.9838323691,2019S1,90842.0463079768,-1601.0624756077013
2019S2,37,MS - Mato Grosso do Sul,MS,RCDP,88862.5317870383,2019S1,90548.2161717722,-1685.6843847339042
2019S2,37,MS - Mato Grosso do Sul,MS,TOTAL,92358.9344378426,2019S1,94009.9942467902,-1651.059808947597
2020S1,37,MS - Mato Grosso do Sul,MS,APP,52636.0326712569,2019S2,73020.7267315728,-20384.694060315895
2020S1,37,MS - Mato Grosso do Sul,MS,CASCO,75410.7940770425,2019S2,86094.2825253285,-10683.488448285992
2020S1,37,MS - Mato Grosso do Sul,MS,RCDM,64379.0737308748,2019S2,89240.9838323691,-24861.910101494293
2020S1,37,MS - Mato Grosso do Sul,MS,RCDP,64156.3860595222,2019S2,88862.5317870383,-24706.1457275161
2020S1,37,MS - Mato Grosso do Sul,MS,TOTAL,81242.128308808,2019S2,92358.9344378426,-11116.806129034609
2020S2,37,MS - Mato Grosso do Sul,MS,APP,68529.6201110561,2020S1,52636.0326712569,15893.587439799194
2020S2,37,MS - Mato Grosso do Sul,MS,CASCO,80049.2307701022,2020S1,75410.7940770425,4638.436693059688
2020S2,37,MS - Mato Grosso do Sul,MS,RCDM,81919.7129304162,2020S1,64379.0737308748,17540.639199541394
2020S2,37,MS - Mato Grosso do Sul,MS,RCDP,82001.1129270871,2020S1,64156.3860595222,17844.726867564903
2020S2,37,MS - Mato Grosso do Sul,MS,TOTAL,85706.6005071844,2020S1,81242.128308808,4464.472198376403
2016S1,38,DF - Brasília,DF,APP,149872.818959966,2015S2,,
2016S1,38,DF - Brasília,DF,CASCO,179382.817924139,2015S2,,
2016S1,38,DF - Brasília,DF,RCDM,180229.686393254,2015S2,,
2016S1,38,DF - Brasília,DF,RCDP,179580.790529337,2015S2,,
2016S1,38,DF - Brasília,DF,TOTAL,184809.390451192,2015S2,,
2016S2,38,DF - Brasília,DF,APP,155339.962663484,2016S1,149872.818959966,5467.143703517999
2016S2,38,DF - Brasília,DF,CASCO,195825.474035313,2016S1,179382.817924139,16442.656111174
2016S2,38,DF - Brasília,DF,RCDM,188543.441207028,2016S1,180229.686393254,8313.754813773994
2016S2,38,DF - Brasília,DF,RCDP,187966.95355962,2016S1,179580.790529337,8386.163030282973
2016S2,38,DF - Brasília,DF,TOTAL,202164.331489275,2016S1,184809.390451192,17354.941038082994
2017S1,38,DF - Brasília,DF,APP,146645.229688483,2016S2,155339.962663484,-8694.73297500101
2017S1,38,DF - Brasília,DF,CASCO,178174.237802351,2016S2,195825.474035313,-17651.236232961994
2017S1,38,DF - Brasília,DF,RCDM,181012.174809578,2016S2,188543.441207028,-7531.266397450003
2017S1,38,DF - Brasília,DF,RCDP,179883.536455984,2016S2,187966.95355962,-8083.417103635991
2017S1,38,DF - Brasília,DF,TOTAL,186381.402190841,2016S2,202164.331489275,-15782.929298433999
2017S2,38,DF - Brasília,DF,APP,148304.952008796,2017S1,146645.229688483,1659.7223203130125
2017S2,38,DF - Brasília,DF,CASCO,183370.816741368,2017S1,178174.237802351,5196.578939016996
2017S2,38,DF - Brasília,DF,RCDM,184864.074309945,2017S1,181012.174809578,3851.899500366999
2017S2,38,DF - Brasília,DF,RCDP,184890.181131655,2017S1,179883.536455984,5006.644675671007
2017S2,38,DF - Brasília,DF,TOTAL,194724.00280671,2017S1,186381.402190841,8342.600615868985
2018S1,38,DF - Brasília,DF,APP,146016.37220313,2017S2,148304.952008796,-2288.5798056659987
2018S1,38,DF - Brasília,DF,CASCO,181015.048813954,2017S2,183370.816741368,-2355.76792741401
2018S1,38,DF - Brasília,DF,RCDM,182879.073478951,2017S2,184864.074309945,-1985.0008309939876
2018S1,38,DF - Brasília,DF,RCDP,182351.966629509,2017S2,184890.181131655,-2538.214502146002
2018S1,38,DF - Brasília,DF,TOTAL,189962.588539716,2017S2,194724.00280671,-4761.41426699399
2018S2,38,DF - Brasília,DF,APP,146915.050728427,2018S1,146016.37220313,898.6785252970003
2018S2,38,DF - Brasília,DF,CASCO,184535.60306577,2018S1,181015.048813954,3520.5542518160073
2018S2,38,DF - Brasília,DF,RCDM,183872.405873144,2018S1,182879.073478951,993.3323941929848
2018S2,38,DF - Brasília,DF,RCDP,182523.008641879,2018S1,182351.966629509,171.0420123699878
2018S2,38,DF - Brasília,DF,TOTAL,193174.005627478,2018S1,189962.588539716,3211.4170877620054
2019S1,38,DF - Brasília,DF,APP,143113.785891304,2018S2,146915.050728427,-3801.264837123017
2019S1,38,DF - Brasília,DF,CASCO,183755.174795634,2018S2,184535.60306577,-780.4282701360062
2019S1,38,DF - Brasília,DF,RCDM,178793.626879583,2018S2,183872.405873144,-5078.778993560991
2019S1,38,DF - Brasília,DF,RCDP,176504.895380714,2018S2,182523.008641879,-6018.113261164981
2019S1,38,DF - Brasília,DF,TOTAL,192386.646022061,2018S2,193174.005627478,-787.3596054170048
2019S2,38,DF - Brasília,DF,APP,144127.902662133,2019S1,143113.785891304,1014.1167708290159
2019S2,38,DF - Brasília,DF,CASCO,182261.134339893,2019S1,183755.174795634,-1494.040455740993
2019S2,38,DF - Brasília,DF,RCDM,180362.008489482,2019S1,178793.626879583,1568.3816098989919
2019S2,38,DF - Brasília,DF,RCDP,177256.063384262,2019S1,176504.895380714,751.1680035479949
2019S2,38,DF - Brasília,DF,TOTAL,193168.583430668,2019S1,192386.646022061,781.9374086069874
2020S1,38,DF - Brasília,DF,APP,89192.7201806563,2019S2,144127.902662133,-54935.18248147672
2020S1,38,DF - Brasília,DF,CASCO,146598.355267965,2019S2,182261.134339893,-35662.779071928
2020S1,38,DF - Brasília,DF,RCDM,116122.566681752,2019S2,180362.008489482,-64239.44180772999
2020S1,38,DF - Brasília,DF,RCDP,112549.662579335,2019S2,177256.063384262,-64706.400804927005
2020S1,38,DF - Brasília,DF,TOTAL,158498.177147164,2019S2,193168.583430668,-34670.40628350398
2020S2,38,DF - Brasília,DF,APP,142722.787776356,2020S1,89192.7201806563,53530.067595699715
2020S2,38,DF - Brasília,DF,CASCO,180348.627682311,2020S1,146598.355267965,33750.27241434599
2020S2,38,DF - Brasília,DF,RCDM,179351.644314304,2020S1,116122.566681752,63229.077632552
2020S2,38,DF - Brasília,DF,RCDP,174246.688323593,2020S1,112549.662579335,61697.025744258004
2020S2,38,DF - Brasília,DF,TOTAL,194023.471212361,2020S1,158498.177147164,35525.294065197
2016S1,39,GO - Goiás,GO,APP,171755.421674794,2015S2,,
2016S1,39,GO - Goiás,GO,CASCO,205621.689064423,2015S2,,
2016S1,39,GO - Goiás,GO,RCDM,208914.957542847,2015S2,,
2016S1,39,GO - Goiás,GO,RCDP,205261.012442081,2015S2,,
2016S1,39,GO - Goiás,GO,TOTAL,217195.184753335,2015S2,,
2016S2,39,GO - Goiás,GO,APP,177069.880316363,2016S1,171755.421674794,5314.458641569014
2016S2,39,GO - Goiás,GO,CASCO,223919.799781133,2016S1,205621.689064423,18298.110716710013
2016S2,39,GO - Goiás,GO,RCDM,220489.336753426,2016S1,208914.957542847,11574.379210579005
2016S2,39,GO - Goiás,GO,RCDP,217735.410798199,2016S1,205261.012442081,12474.398356118007
2016S2,39,GO - Goiás,GO,TOTAL,234796.722890138,2016S1,217195.184753335,17601.538136802992
2017S1,39,GO - Goiás,GO,APP,164773.788562081,2016S2,177069.880316363,-12296.09175428201
2017S1,39,GO - Goiás,GO,CASCO,201875.752822448,2016S2,223919.799781133,-22044.04695868501
2017S1,39,GO - Goiás,GO,RCDM,204590.528165952,2016S2,220489.336753426,-15898.808587473992
2017S1,39,GO - Goiás,GO,RCDP,202234.552831789,2016S2,217735.410798199,-15500.857966409996
2017S1,39,GO - Goiás,GO,TOTAL,213166.922670203,2016S2,234796.722890138,-21629.800219934987
2017S2,39,GO - Goiás,GO,APP,168631.376545898,2017S1,164773.788562081,3857.5879838170076
2017S2,39,GO - Goiás,GO,CASCO,207994.567263945,2017S1,201875.752822448,6118.814441497001
2017S2,39,GO - Goiás,GO,RCDM,209394.013883232,2017S1,204590.528165952,4803.485717279982
2017S2,39,GO - Goiás,GO,RCDP,209705.233026121,2017S1,202234.552831789,7470.680194331973
2017S2,39,GO - Goiás,GO,TOTAL,222355.013575505,2017S1,213166.922670203,9188.090905302
2018S1,39,GO - Goiás,GO,APP,164752.889962799,2017S2,168631.376545898,-3878.486583099002
2018S1,39,GO - Goiás,GO,CASCO,203524.413131007,2017S2,207994.567263945,-4470.1541329380125
2018S1,39,GO - Goiás,GO,RCDM,206275.876145652,2017S2,209394.013883232,-3118.137737579993
2018S1,39,GO - Goiás,GO,RCDP,205887.267926166,2017S2,209705.233026121,-3817.9650999549776
2018S1,39,GO - Goiás,GO,TOTAL,217335.067903778,2017S2,222355.013575505,-5019.945671727008
2018S2,39,GO - Goiás,GO,APP,169828.1107456,2018S1,164752.889962799,5075.220782800985
2018S2,39,GO - Goiás,GO,CASCO,211245.937007359,2018S1,203524.413131007,7721.523876352003
2018S2,39,GO - Goiás,GO,RCDM,213032.882203327,2018S1,206275.876145652,6757.006057674997
2018S2,39,GO - Goiás,GO,RCDP,211696.652090207,2018S1,205887.267926166,5809.3841640409955
2018S2,39,GO - Goiás,GO,TOTAL,224207.043571549,2018S1,217335.067903778,6871.97566777101
2019S1,39,GO - Goiás,GO,APP,169515.062533418,2018S2,169828.1107456,-313.0482121819805
2019S1,39,GO - Goiás,GO,CASCO,210499.908985917,2018S2,211245.937007359,-746.0280214420054
2019S1,39,GO - Goiás,GO,RCDM,211937.824058452,2018S2,213032.882203327,-1095.0581448749872
2019S1,39,GO - Goiás,GO,RCDP,209693.393929826,2018S2,211696.652090207,-2003.2581603809958
2019S1,39,GO - Goiás,GO,TOTAL,223363.796639679,2018S2,224207.043571549,-843.2469318700023
2019S2,39,GO - Goiás,GO,APP,174034.721332782,2019S1,169515.062533418,4519.658799363999
2019S2,39,GO - Goiás,GO,CASCO,216638.216011783,2019S1,210499.908985917,6138.307025866001
2019S2,39,GO - Goiás,GO,RCDM,216763.164029485,2019S1,211937.824058452,4825.339971032983
2019S2,39,GO - Goiás,GO,RCDP,214389.153139178,2019S1,209693.393929826,4695.7592093519925
2019S2,39,GO - Goiás,GO,TOTAL,228763.884266258,2019S1,223363.796639679,5400.087626579014
2020S1,39,GO - Goiás,GO,APP,113868.780366618,2019S2,174034.721332782,-60165.94096616401
2020S1,39,GO - Goiás,GO,CASCO,183748.171460699,2019S2,216638.216011783,-32890.04455108399
2020S1,39,GO - Goiás,GO,RCDM,142845.048783877,2019S2,216763.164029485,-73918.115245608
2020S1,39,GO - Goiás,GO,RCDP,140824.344677554,2019S2,214389.153139178,-73564.808461624
2020S1,39,GO - Goiás,GO,TOTAL,194580.028958573,2019S2,228763.884266258,-34183.85530768501
2020S2,39,GO - Goiás,GO,APP,152737.067341316,2020S1,113868.780366618,38868.286974698
2020S2,39,GO - Goiás,GO,CASCO,186691.880104306,2020S1,183748.171460699,2943.7086436070094
2020S2,39,GO - Goiás,GO,RCDM,184533.362421697,2020S1,142845.048783877,41688.313637820014
2020S2,39,GO - Goiás,GO,RCDP,182070.307710428,2020S1,140824.344677554,41245.96303287399
2020S2,39,GO - Goiás,GO,TOTAL,197722.923701888,2020S1,194580.028958573,3142.8947433150024
2016S1,40,TO - Tocantins,TO,APP,19178.1281498321,2015S2,,
2016S1,40,TO - Tocantins,TO,CASCO,23001.4568161606,2015S2,,
2016S1,40,TO - Tocantins,TO,RCDM,23559.3280558428,2015S2,,
2016S1,40,TO - Tocantins,TO,RCDP,23345.2924461197,2015S2,,
2016S1,40,TO - Tocantins,TO,TOTAL,24751.5198073788,2015S2,,
2016S2,40,TO - Tocantins,TO,APP,18586.5475091534,2016S1,19178.1281498321,-591.5806406787015
2016S2,40,TO - Tocantins,TO,CASCO,22479.262489385,2016S1,23001.4568161606,-522.1943267755996
2016S2,40,TO - Tocantins,TO,RCDM,23508.5857697683,2016S1,23559.3280558428,-50.74228607450277
2016S2,40,TO - Tocantins,TO,RCDP,23342.541937727,2016S1,23345.2924461197,-2.7505083926989755
2016S2,40,TO - Tocantins,TO,TOTAL,24345.7063061525,2016S1,24751.5198073788,-405.813501226301
2017S1,40,TO - Tocantins,TO,APP,17034.1013207305,2016S2,18586.5475091534,-1552.4461884228986
2017S1,40,TO - Tocantins,TO,CASCO,20841.7944565839,2016S2,22479.262489385,-1637.4680328011018
2017S1,40,TO - Tocantins,TO,RCDM,21692.7095266897,2016S2,23508.5857697683,-1815.8762430785973
2017S1,40,TO - Tocantins,TO,RCDP,21514.7341844295,2016S2,23342.541937727,-1827.8077532975003
2017S1,40,TO - Tocantins,TO,TOTAL,22649.7533634501,2016S2,24345.7063061525,-1695.952942702399
2017S2,40,TO - Tocantins,TO,APP,17794.5585071319,2017S1,17034.1013207305,760.4571864013997
2017S2,40,TO - Tocantins,TO,CASCO,21728.867999326,2017S1,20841.7944565839,887.0735427421023
2017S2,40,TO - Tocantins,TO,RCDM,22615.6159384628,2017S1,21692.7095266897,922.9064117730995
2017S2,40,TO - Tocantins,TO,RCDP,23277.3364655133,2017S1,21514.7341844295,1762.6022810838003
2017S2,40,TO - Tocantins,TO,TOTAL,24349.0597342686,2017S1,22649.7533634501,1699.3063708185
2018S1,40,TO - Tocantins,TO,APP,17350.284887312,2017S2,17794.5585071319,-444.2736198199018
2018S1,40,TO - Tocantins,TO,CASCO,21012.8191242018,2017S2,21728.867999326,-716.048875124201
2018S1,40,TO - Tocantins,TO,RCDM,22264.4958405169,2017S2,22615.6159384628,-351.12009794589903
2018S1,40,TO - Tocantins,TO,RCDP,22827.9506310755,2017S2,23277.3364655133,-449.38583443780226
2018S1,40,TO - Tocantins,TO,TOTAL,23886.5643278481,2017S2,24349.0597342686,-462.49540642050124
2018S2,40,TO - Tocantins,TO,APP,18873.0461473521,2018S1,17350.284887312,1522.7612600401008
2018S2,40,TO - Tocantins,TO,CASCO,23157.4515172835,2018S1,21012.8191242018,2144.6323930817016
2018S2,40,TO - Tocantins,TO,RCDM,23930.6816384476,2018S1,22264.4958405169,1666.1857979306988
2018S2,40,TO - Tocantins,TO,RCDP,24397.5775141343,2018S1,22827.9506310755,1569.6268830588015
2018S2,40,TO - Tocantins,TO,TOTAL,25329.3857182642,2018S1,23886.5643278481,1442.8213904160984
2019S1,40,TO - Tocantins,TO,APP,18473.7972122161,2018S2,18873.0461473521,-399.2489351359982
2019S1,40,TO - Tocantins,TO,CASCO,23201.8108991375,2018S2,23157.4515172835,44.359381853999366
2019S1,40,TO - Tocantins,TO,RCDM,23992.6547317533,2018S2,23930.6816384476,61.97309330569988
2019S1,40,TO - Tocantins,TO,RCDP,23893.9889780749,2018S2,24397.5775141343,-503.5885360594002
2019S1,40,TO - Tocantins,TO,TOTAL,25255.4218533188,2018S2,25329.3857182642,-73.96386494539911
2019S2,40,TO - Tocantins,TO,APP,20110.1091113561,2019S1,18473.7972122161,1636.3118991400006
2019S2,40,TO - Tocantins,TO,CASCO,24743.884335631,2019S1,23201.8108991375,1542.0734364934979
2019S2,40,TO - Tocantins,TO,RCDM,25528.0925429827,2019S1,23992.6547317533,1535.4378112293998
2019S2,40,TO - Tocantins,TO,RCDP,25298.4569339561,2019S1,23893.9889780749,1404.4679558811986
2019S2,40,TO - Tocantins,TO,TOTAL,26460.9582746038,2019S1,25255.4218533188,1205.536421285
2020S1,40,TO - Tocantins,TO,APP,14632.7725556819,2019S2,20110.1091113561,-5477.336555674201
2020S1,40,TO - Tocantins,TO,CASCO,20415.5232007308,2019S2,24743.884335631,-4328.3611349001985
2020S1,40,TO - Tocantins,TO,RCDM,18840.4218602311,2019S2,25528.0925429827,-6687.670682751599
2020S1,40,TO - Tocantins,TO,RCDP,18671.7013132232,2019S2,25298.4569339561,-6626.7556207329
2020S1,40,TO - Tocantins,TO,TOTAL,22007.9533347706,2019S2,26460.9582746038,-4453.004939833201
2020S2,40,TO - Tocantins,TO,APP,21543.7282640366,2020S1,14632.7725556819,6910.955708354699
2020S2,40,TO - Tocantins,TO,CASCO,25942.402130411,2020S1,20415.5232007308,5526.878929680199
2020S2,40,TO - Tocantins,TO,RCDM,26079.9144608574,2020S1,18840.4218602311,7239.492600626298
2020S2,40,TO - Tocantins,TO,RCDP,25886.9254244319,2020S1,18671.7013132232,7215.224111208703
2020S2,40,TO - Tocantins,TO,TOTAL,27293.65689818,2020S1,22007.9533347706,5285.703563409403
2016S1,41,GO - Sudeste de Goiás,GO,APP,23759.1252549021,2015S2,,
2016S1,41,GO - Sudeste de Goiás,GO,CASCO,27178.4429635135,2015S2,,
2016S1,41,GO - Sudeste de Goiás,GO,RCDM,28172.8347181138,2015S2,,
2016S1,41,GO - Sudeste de Goiás,GO,RCDP,28074.8292353814,2015S2,,
2016S1,41,GO - Sudeste de Goiás,GO,TOTAL,29414.8675704063,2015S2,,
2016S2,41,GO - Sudeste de Goiás,GO,APP,24474.9692209098,2016S1,23759.1252549021,715.8439660076983
2016S2,41,GO - Sudeste de Goiás,GO,CASCO,28648.456793067,2016S1,27178.4429635135,1470.0138295534998
2016S2,41,GO - Sudeste de Goiás,GO,RCDM,29050.0485751708,2016S1,28172.8347181138,877.2138570569987
2016S2,41,GO - Sudeste de Goiás,GO,RCDP,28870.1718673897,2016S1,28074.8292353814,795.3426320083017
2016S2,41,GO - Sudeste de Goiás,GO,TOTAL,30223.4649967016,2016S1,29414.8675704063,808.5974262953023
2017S1,41,GO - Sudeste de Goiás,GO,APP,22911.0163682019,2016S2,24474.9692209098,-1563.9528527078983
2017S1,41,GO - Sudeste de Goiás,GO,CASCO,26675.6026561786,2016S2,28648.456793067,-1972.8541368883998
2017S1,41,GO - Sudeste de Goiás,GO,RCDM,27040.6327977572,2016S2,29050.0485751708,-2009.4157774136002
2017S1,41,GO - Sudeste de Goiás,GO,RCDP,26828.3341681636,2016S2,28870.1718673897,-2041.8376992261
2017S1,41,GO - Sudeste de Goiás,GO,TOTAL,28160.312245301,2016S2,30223.4649967016,-2063.152751400601
2017S2,41,GO - Sudeste de Goiás,GO,APP,24735.4020956527,2017S1,22911.0163682019,1824.3857274507973
2017S2,41,GO - Sudeste de Goiás,GO,CASCO,28873.1280189413,2017S1,26675.6026561786,2197.5253627627026
2017S2,41,GO - Sudeste de Goiás,GO,RCDM,28791.9800820448,2017S1,27040.6327977572,1751.3472842876
2017S2,41,GO - Sudeste de Goiás,GO,RCDP,28770.149943585,2017S1,26828.3341681636,1941.8157754213971
2017S2,41,GO - Sudeste de Goiás,GO,TOTAL,30405.7115572966,2017S1,28160.312245301,2245.3993119955994
2018S1,41,GO - Sudeste de Goiás,GO,APP,24326.0684225759,2017S2,24735.4020956527,-409.33367307679873
2018S1,41,GO - Sudeste de Goiás,GO,CASCO,28488.490335823,2017S2,28873.1280189413,-384.63768311830063
2018S1,41,GO - Sudeste de Goiás,GO,RCDM,28507.3177316664,2017S2,28791.9800820448,-284.6623503783994
2018S1,41,GO - Sudeste de Goiás,GO,RCDP,28416.6464987835,2017S2,28770.149943585,-353.5034448014994
2018S1,41,GO - Sudeste de Goiás,GO,TOTAL,29929.2875962933,2017S2,30405.7115572966,-476.42396100330006
2018S2,41,GO - Sudeste de Goiás,GO,APP,25663.306173468,2018S1,24326.0684225759,1337.2377508921018
2018S2,41,GO - Sudeste de Goiás,GO,CASCO,30173.432085718,2018S1,28488.490335823,1684.9417498949988
2018S2,41,GO - Sudeste de Goiás,GO,RCDM,30236.5663352143,2018S1,28507.3177316664,1729.2486035478978
2018S2,41,GO - Sudeste de Goiás,GO,RCDP,30077.1142829307,2018S1,28416.6464987835,1660.4677841472003
2018S2,41,GO - Sudeste de Goiás,GO,TOTAL,31595.6430189852,2018S1,29929.2875962933,1666.3554226919005
2019S1,41,GO - Sudeste de Goiás,GO,APP,25785.7314332286,2018S2,25663.306173468,122.42525976059915
2019S1,41,GO - Sudeste de Goiás,GO,CASCO,30294.0903294641,2018S2,30173.432085718,120.6582437461002
2019S1,41,GO - Sudeste de Goiás,GO,RCDM,30421.1095041092,2018S2,30236.5663352143,184.54316889490292
2019S1,41,GO - Sudeste de Goiás,GO,RCDP,30207.465669577,2018S2,30077.1142829307,130.35138664629994
2019S1,41,GO - Sudeste de Goiás,GO,TOTAL,32021.3067655531,2018S2,31595.6430189852,425.6637465679014
2019S2,41,GO - Sudeste de Goiás,GO,APP,25890.0595727237,2019S1,25785.7314332286,104.32813949510091
2019S2,41,GO - Sudeste de Goiás,GO,CASCO,29326.2265847977,2019S1,30294.0903294641,-967.8637446663997
2019S2,41,GO - Sudeste de Goiás,GO,RCDM,30497.3087817347,2019S1,30421.1095041092,76.19927762549924
2019S2,41,GO - Sudeste de Goiás,GO,RCDP,30341.1471421071,2019S1,30207.465669577,133.68147253010102
2019S2,41,GO - Sudeste de Goiás,GO,TOTAL,31592.8238232676,2019S1,32021.3067655531,-428.48294228550003
2020S1,41,GO - Sudeste de Goiás,GO,APP,19280.5122572742,2019S2,25890.0595727237,-6609.547315449501
2020S1,41,GO - Sudeste de Goiás,GO,CASCO,25162.3943936708,2019S2,29326.2265847977,-4163.832191126901
2020S1,41,GO - Sudeste de Goiás,GO,RCDM,22869.7369065457,2019S2,30497.3087817347,-7627.571875189002
2020S1,41,GO - Sudeste de Goiás,GO,RCDP,22715.1259480859,2019S2,30341.1471421071,-7626.021194021199
2020S1,41,GO - Sudeste de Goiás,GO,TOTAL,27417.2382205445,2019S2,31592.8238232676,-4175.585602723102
2020S2,41,GO - Sudeste de Goiás,GO,APP,24759.5665075663,2020S1,19280.5122572742,5479.054250292098
2020S2,41,GO - Sudeste de Goiás,GO,CASCO,27412.2897039712,2020S1,25162.3943936708,2249.8953103004023
2020S2,41,GO - Sudeste de Goiás,GO,RCDM,28599.2540940978,2020S1,22869.7369065457,5729.517187552101
2020S2,41,GO - Sudeste de Goiás,GO,RCDP,28518.5691664605,2020S1,22715.1259480859,5803.443218374599
2020S2,41,GO - Sudeste de Goiás,GO,TOTAL,29811.495162826,2020S1,27417.2382205445,2394.2569422814995
