semestre_ref,regiao,regiao_descricao,uf_aproximada,tipo_cobertura,exposicao,premios,is_media,numsinistros,indenizacoes
2016S1,01,RS - Met. Porto Alegre e Caxias do Sul,RS,APP,235844.174480595,10264368.4362141,48889.8360475415,26.0,515381.0
2016S1,01,RS - Met. Porto Alegre e Caxias do Sul,RS,CASCO,298335.424286227,390104154.223181,37699.8565779261,65034.0,350666788.0
2016S1,01,RS - Met. Porto Alegre e Caxias do Sul,RS,RCDM,307342.980160689,87411523.2080551,103257.075239177,18820.0,92596594.0
2016S1,01,RS - Met. Porto Alegre e Caxias do Sul,RS,RCDP,307630.10895321,42230113.4137845,137838.123342929,144.0,1279114.0
2016S1,01,RS - Met. Porto Alegre e Caxias do Sul,RS,TOTAL,320130.842917822,529896264.756625,304802.705207492,84024.0,445057877.0
2016S2,01,RS - Met. Porto Alegre e Caxias do Sul,RS,APP,241753.283771187,10141496.4311894,65383.947567658,15.0,101838.0
2016S2,01,RS - Met. Porto Alegre e Caxias do Sul,RS,CASCO,320420.566876458,406325935.584158,37201.2426657572,68323.0,366411063.0
2016S2,01,RS - Met. Porto Alegre e Caxias do Sul,RS,RCDM,317460.635182693,91992189.7886425,105752.205552057,21467.0,103378446.0
2016S2,01,RS - Met. Porto Alegre e Caxias do Sul,RS,RCDP,318036.868060455,44077572.3238175,141612.019847765,135.0,1380320.0
2016S2,01,RS - Met. Porto Alegre e Caxias do Sul,RS,TOTAL,342004.456867585,552433530.851374,312952.207197747,89940.0,471271667.0
2017S1,01,RS - Met. Porto Alegre e Caxias do Sul,RS,APP,238886.826659933,10492192.1629655,120243.968289646,16.0,131631.0
2017S1,01,RS - Met. Porto Alegre e Caxias do Sul,RS,CASCO,301993.634649816,413317990.099788,38273.8934666621,77475.0,336969945.0
2017S1,01,RS - Met. Porto Alegre e Caxias do Sul,RS,RCDM,309640.127799438,92856495.0591874,109911.267989435,18756.0,97255092.0
2017S1,01,RS - Met. Porto Alegre e Caxias do Sul,RS,RCDP,310201.051082328,43109240.4955685,144813.865647237,174.0,1618557.0
2017S1,01,RS - Met. Porto Alegre e Caxias do Sul,RS,TOTAL,326125.919549651,559669980.169115,367466.57033791,96421.0,435975225.0
2017S2,01,RS - Met. Porto Alegre e Caxias do Sul,RS,APP,251844.555113983,12270100.0996492,111297.747372567,31.0,607691.0
2017S2,01,RS - Met. Porto Alegre e Caxias do Sul,RS,CASCO,317500.514856977,451390462.118657,39416.981969797,73402.0,323358775.0
2017S2,01,RS - Met. Porto Alegre e Caxias do Sul,RS,RCDM,325988.479082818,98758662.2801037,111005.360980579,20100.0,103238158.0
2017S2,01,RS - Met. Porto Alegre e Caxias do Sul,RS,RCDP,328095.109147192,45671632.3048837,145078.007095432,210.0,2229706.0
2017S2,01,RS - Met. Porto Alegre e Caxias do Sul,RS,TOTAL,345724.826651441,607960198.480984,361694.696868175,93743.0,429434330.0
2018S1,01,RS - Met. Porto Alegre e Caxias do Sul,RS,APP,248290.451360612,12226683.2015713,85500.2709889695,22.0,290712.0
2018S1,01,RS - Met. Porto Alegre e Caxias do Sul,RS,CASCO,315888.179936346,456593956.626637,40818.7820034579,72210.0,320400788.0
2018S1,01,RS - Met. Porto Alegre e Caxias do Sul,RS,RCDM,323201.114178698,98105171.530469,111678.105314675,17463.0,93759503.0
2018S1,01,RS - Met. Porto Alegre e Caxias do Sul,RS,RCDP,323911.4429411,44378673.6904448,145744.187191605,210.0,1750790.0
2018S1,01,RS - Met. Porto Alegre e Caxias do Sul,RS,TOTAL,339603.473038324,611220398.08583,348476.554825167,89905.0,416201793.0
2018S2,01,RS - Met. Porto Alegre e Caxias do Sul,RS,APP,260517.902809101,12711133.5431066,82724.8142367036,16.0,258007.0
2018S2,01,RS - Met. Porto Alegre e Caxias do Sul,RS,CASCO,335401.38021192,495070110.387697,43768.521886268,74842.0,346185053.0
2018S2,01,RS - Met. Porto Alegre e Caxias do Sul,RS,RCDM,344910.98820536,109485846.953332,123637.798863612,19486.0,109749355.0
2018S2,01,RS - Met. Porto Alegre e Caxias do Sul,RS,RCDP,344339.840273633,46733056.6360868,162575.113079766,349.0,3395427.0
2018S2,01,RS - Met. Porto Alegre e Caxias do Sul,RS,TOTAL,363616.228942741,663876259.041444,374614.063174419,94693.0,459587842.0
2019S1,01,RS - Met. Porto Alegre e Caxias do Sul,RS,APP,256055.971845186,12237993.4119311,79628.5432464314,14.0,128180.0
2019S1,01,RS - Met. Porto Alegre e Caxias do Sul,RS,CASCO,359339.955008356,535735630.780242,46675.6450372807,84600.0,351898942.0
2019S1,01,RS - Met. Porto Alegre e Caxias do Sul,RS,RCDM,362668.420777597,115018527.217382,117936.750693998,18959.0,112407023.0
2019S1,01,RS - Met. Porto Alegre e Caxias do Sul,RS,RCDP,361494.133111312,63527677.9883775,156553.462354513,357.0,2735726.0
2019S1,01,RS - Met. Porto Alegre e Caxias do Sul,RS,TOTAL,383942.289232503,726426309.773031,359149.298450495,103930.0,467169871.0
2019S2,01,RS - Met. Porto Alegre e Caxias do Sul,RS,APP,255323.425423186,12412560.2785046,81319.0233892499,25.0,286091.0
2019S2,01,RS - Met. Porto Alegre e Caxias do Sul,RS,CASCO,369319.44313626,562507729.204509,47790.326376149,96692.0,380475827.0
2019S2,01,RS - Met. Porto Alegre e Caxias do Sul,RS,RCDM,376197.064950028,126723958.292502,124277.320707086,20086.0,116939142.0
2019S2,01,RS - Met. Porto Alegre e Caxias do Sul,RS,RCDP,375258.944439156,82824334.4392467,165907.300649281,221.0,2591383.0
2019S2,01,RS - Met. Porto Alegre e Caxias do Sul,RS,TOTAL,393667.417954111,784397356.590979,376638.192096606,117024.0,500292443.0
2020S1,01,RS - Met. Porto Alegre e Caxias do Sul,RS,APP,191591.322107808,9373431.33190177,77616.3690450441,25.0,138273.0
2020S1,01,RS - Met. Porto Alegre e Caxias do Sul,RS,CASCO,305025.321043133,432552243.991548,46881.3292686201,68443.0,250620157.0
2020S1,01,RS - Met. Porto Alegre e Caxias do Sul,RS,RCDM,254713.12188948,78572322.051494,140193.408267237,11500.0,75466982.0
2020S1,01,RS - Met. Porto Alegre e Caxias do Sul,RS,RCDP,253528.636956256,35816457.8823377,182192.13020157,123.0,1590244.0
2020S1,01,RS - Met. Porto Alegre e Caxias do Sul,RS,TOTAL,325217.879903699,556273534.098236,343853.692977573,80091.0,327815656.0
2020S2,01,RS - Met. Porto Alegre e Caxias do Sul,RS,APP,216479.064890445,10285208.9103045,64906.0407652793,15.0,159461.0
2020S2,01,RS - Met. Porto Alegre e Caxias do Sul,RS,CASCO,278182.309753791,381677138.10189,45461.0294496334,91355.0,273192742.0
2020S2,01,RS - Met. Porto Alegre e Caxias do Sul,RS,RCDM,277104.652309882,86428419.9693478,126860.284636699,14329.0,92443298.0
2020S2,01,RS - Met. Porto Alegre e Caxias do Sul,RS,RCDP,275703.567422268,37706331.0401562,169712.190143947,144.0,2438190.0
2020S2,01,RS - Met. Porto Alegre e Caxias do Sul,RS,TOTAL,291509.827300466,516049310.02814,375100.061724622,105843.0,368233691.0
2016S1,02,RS - Demais regiões,RS,APP,257357.506055038,12663423.155548,76607.4263373181,43.0,539136.0
2016S1,02,RS - Demais regiões,RS,CASCO,290860.411652013,334625961.951359,39343.0441745365,48428.0,254670587.0
2016S1,02,RS - Demais regiões,RS,RCDM,306811.792025247,83049674.8785807,114160.723793195,15905.0,79614798.0
2016S1,02,RS - Demais regiões,RS,RCDP,307364.48791858,47116490.860406,152527.444489933,183.0,1675796.0
2016S1,02,RS - Demais regiões,RS,TOTAL,318442.098689721,477363746.377479,357279.826068958,64559.0,336500317.0
2016S2,02,RS - Demais regiões,RS,APP,267290.568126488,12647043.3546713,63925.7856667715,42.0,421387.0
2016S2,02,RS - Demais regiões,RS,CASCO,308397.112263315,353838509.670901,39376.0286801059,49632.0,256876227.0
2016S2,02,RS - Demais regiões,RS,RCDM,322888.410515198,86823113.5134815,116793.564056543,16829.0,83477242.0
2016S2,02,RS - Demais regiões,RS,RCDP,323387.180375059,49303949.4117042,156707.788245972,190.0,1528566.0
2016S2,02,RS - Demais regiões,RS,TOTAL,333425.533589516,502517428.314752,355165.012212788,66693.0,342303422.0
2017S1,02,RS - Demais regiões,RS,APP,264939.464918014,13463994.6414842,76301.9292902098,40.0,1610720.0
2017S1,02,RS - Demais regiões,RS,CASCO,304300.226426796,359982783.200584,39578.5064168177,54902.0,267447080.0
2017S1,02,RS - Demais regiões,RS,RCDM,320587.445566962,87450483.2308137,119032.473863949,16319.0,86458721.0
2017S1,02,RS - Demais regiões,RS,RCDP,320881.483922514,48230103.7144735,158901.095433343,223.0,2555118.0
2017S1,02,RS - Demais regiões,RS,TOTAL,330345.182529145,509059121.039558,369550.292094663,71484.0,358071639.0
2017S2,02,RS - Demais regiões,RS,APP,269917.187308141,14761950.7228301,79022.8429729895,38.0,645638.0
2017S2,02,RS - Demais regiões,RS,CASCO,311181.117711391,386858212.075526,40268.3243215628,53204.0,274668529.0
2017S2,02,RS - Demais regiões,RS,RCDM,327485.873509677,91841818.4282015,119876.609290394,17254.0,93066527.0
2017S2,02,RS - Demais regiões,RS,RCDP,329643.520034688,50490857.8529871,158902.965478428,187.0,2194616.0
2017S2,02,RS - Demais regiões,RS,TOTAL,339541.733506378,543831966.813822,372047.369967238,70683.0,370575310.0
2018S1,02,RS - Demais regiões,RS,APP,268819.467713627,14905565.5977078,78385.2433894563,38.0,585868.0
2018S1,02,RS - Demais regiões,RS,CASCO,311571.511417616,394761380.548799,41726.7883321252,50663.0,273196927.0
2018S1,02,RS - Demais regiões,RS,RCDM,326892.500422648,93031262.0092747,121320.313443851,15044.0,85325291.0
2018S1,02,RS - Demais regiões,RS,RCDP,327807.916860336,49178751.5912325,160265.039296504,188.0,2377116.0
2018S1,02,RS - Demais regiões,RS,TOTAL,337441.831912143,551752354.214586,376977.017354222,65933.0,361485202.0
2018S2,02,RS - Demais regiões,RS,APP,279218.713087755,15551957.7557429,75559.666357173,38.0,662283.0
2018S2,02,RS - Demais regiões,RS,CASCO,325502.714634548,415540167.017013,43785.1110810166,54605.0,295149151.0
2018S2,02,RS - Demais regiões,RS,RCDM,339716.941645786,98101856.911998,123603.464772032,16777.0,99196632.0
2018S2,02,RS - Demais regiões,RS,RCDP,340751.338885337,52331504.7874657,163076.441768177,241.0,2216374.0
2018S2,02,RS - Demais regiões,RS,TOTAL,351146.51674146,581430905.167774,381708.793779857,71661.0,397224440.0
2019S1,02,RS - Demais regiões,RS,APP,279863.248475544,15626812.8489517,77025.1773985603,32.0,434846.0
2019S1,02,RS - Demais regiões,RS,CASCO,330586.089411186,423061578.604241,46786.7381965105,65291.0,304975231.0
2019S1,02,RS - Demais regiões,RS,RCDM,342387.588014194,98750238.8994836,132990.607086871,16105.0,101290476.0
2019S1,02,RS - Demais regiões,RS,RCDP,342184.774317627,52839858.596152,172643.881695904,287.0,2611365.0
2019S1,02,RS - Demais regiões,RS,TOTAL,356136.492090025,590199989.318176,401065.199796444,81715.0,409311918.0
2019S2,02,RS - Demais regiões,RS,APP,283684.512295838,16137237.679255,85237.5484875129,58.0,923497.0
2019S2,02,RS - Demais regiões,RS,CASCO,329259.269826693,427867752.062142,48134.5065811977,71709.0,336458138.0
2019S2,02,RS - Demais regiões,RS,RCDM,344018.55440126,103851673.259047,138641.988704689,18522.0,117152628.0
2019S2,02,RS - Demais regiões,RS,RCDP,344008.124275437,52539113.6505083,184364.764933884,140.0,2420859.0
2019S2,02,RS - Demais regiões,RS,TOTAL,354361.658261708,600317267.606874,429211.305370743,90429.0,456955122.0
2020S1,02,RS - Demais regiões,RS,APP,230689.680956388,13256110.9365813,90557.1397716604,46.0,805159.0
2020S1,02,RS - Demais regiões,RS,CASCO,302679.080429936,384705144.36393,47661.8307966848,62889.0,271052348.0
2020S1,02,RS - Demais regiões,RS,RCDM,282502.141048289,79819646.4890053,141134.88652124,12790.0,84648840.0
2020S1,02,RS - Demais regiões,RS,RCDP,282417.46707749,44659549.683028,184716.306429701,153.0,1948456.0
2020S1,02,RS - Demais regiões,RS,TOTAL,323837.483071676,522398712.957603,396117.793627305,75878.0,358454803.0
2020S2,02,RS - Demais regiões,RS,APP,270718.148521531,14478425.195622,74897.7695219639,53.0,922744.0
2020S2,02,RS - Demais regiões,RS,CASCO,315321.043198841,399879995.195425,48790.2426229819,88005.0,341581626.0
2020S2,02,RS - Demais regiões,RS,RCDM,326043.152576795,97664935.2275197,146796.387584691,16938.0,112400886.0
2020S2,02,RS - Demais regiões,RS,RCDP,325768.166290481,50396707.8022285,191613.864414591,135.0,2814072.0
2020S2,02,RS - Demais regiões,RS,TOTAL,335568.87839405,562386270.0705,437728.95832302,105131.0,457719328.0
2016S1,03,SC - Met. Florianópolis e Sul,SC,APP,128899.510584635,5628811.16261267,25184.9126786521,15.0,211490.0
2016S1,03,SC - Met. Florianópolis e Sul,SC,CASCO,138826.699190655,166028307.034954,40912.1349416725,33179.0,118964634.0
2016S1,03,SC - Met. Florianópolis e Sul,SC,RCDM,147308.93737136,43533888.1093166,115070.818757517,8954.0,44446945.0
2016S1,03,SC - Met. Florianópolis e Sul,SC,RCDP,147376.781207924,21321732.6278818,137650.187764395,62.0,581658.0
2016S1,03,SC - Met. Florianópolis e Sul,SC,TOTAL,151983.887981195,236451068.28861,306047.669172217,42210.0,164204727.0
2016S2,03,SC - Met. Florianópolis e Sul,SC,APP,132264.558053268,5567395.33941462,28526.8386176152,11.0,116595.0
2016S2,03,SC - Met. Florianópolis e Sul,SC,CASCO,146684.801521172,176274537.537226,41499.363307193,33819.0,127707269.0
2016S2,03,SC - Met. Florianópolis e Sul,SC,RCDM,154174.793090348,44510477.0904895,114228.039769328,9168.0,44846385.0
2016S2,03,SC - Met. Florianópolis e Sul,SC,RCDP,154276.798572748,21575892.9998238,139731.397381904,58.0,526260.0
2016S2,03,SC - Met. Florianópolis e Sul,SC,TOTAL,158702.401237805,247866657.023732,311339.42337683,43056.0,173196509.0
2017S1,03,SC - Met. Florianópolis e Sul,SC,APP,130482.355762434,5753517.4815556,32026.7512484272,15.0,146271.0
2017S1,03,SC - Met. Florianópolis e Sul,SC,CASCO,142977.969416644,178811780.165398,42299.015954856,36943.0,118073525.0
2017S1,03,SC - Met. Florianópolis e Sul,SC,RCDM,151096.388580339,44961472.5012987,116197.663327594,8976.0,44957493.0
2017S1,03,SC - Met. Florianópolis e Sul,SC,RCDP,151102.955703371,21155381.2195938,143184.663106664,104.0,1249612.0
2017S1,03,SC - Met. Florianópolis e Sul,SC,TOTAL,155047.48172308,250618054.183716,321195.988966279,46038.0,164426901.0
2017S2,03,SC - Met. Florianópolis e Sul,SC,APP,131153.717113695,6059178.78453536,33522.1455750012,10.0,116000.0
2017S2,03,SC - Met. Florianópolis e Sul,SC,CASCO,143786.661975695,188422407.008085,43526.1042886394,35089.0,120817250.0
2017S2,03,SC - Met. Florianópolis e Sul,SC,RCDM,152199.669986059,46138033.0609836,118028.584433333,9316.0,47856841.0
2017S2,03,SC - Met. Florianópolis e Sul,SC,RCDP,153073.700105617,21341203.0542696,144668.095690154,57.0,670338.0
2017S2,03,SC - Met. Florianópolis e Sul,SC,TOTAL,157089.05345457,261884835.209708,325845.788502168,44472.0,169460429.0
2018S1,03,SC - Met. Florianópolis e Sul,SC,APP,128754.227037219,5904343.19721161,33197.8916387382,18.0,334410.0
2018S1,03,SC - Met. Florianópolis e Sul,SC,CASCO,142659.755753831,189811956.104579,45461.5558199444,35952.0,124727109.0
2018S1,03,SC - Met. Florianópolis e Sul,SC,RCDM,150061.520122798,45216600.9170469,118758.74681611,8120.0,41276748.0
2018S1,03,SC - Met. Florianópolis e Sul,SC,RCDP,150409.832455387,20604889.8096501,146277.060639511,84.0,1106110.0
2018S1,03,SC - Met. Florianópolis e Sul,SC,TOTAL,154590.416014939,261466461.848452,330929.130919487,44174.0,167444377.0
2018S2,03,SC - Met. Florianópolis e Sul,SC,APP,132099.437647428,5956571.92238557,34116.2592966733,15.0,176428.0
2018S2,03,SC - Met. Florianópolis e Sul,SC,CASCO,147165.259175195,195065241.175177,48141.4830342717,36061.0,125340085.0
2018S2,03,SC - Met. Florianópolis e Sul,SC,RCDM,154793.439783035,47141486.5013241,123007.231645672,8955.0,49052223.0
2018S2,03,SC - Met. Florianópolis e Sul,SC,RCDP,154952.305534895,21675023.484546,151552.945708693,159.0,2011502.0
2018S2,03,SC - Met. Florianópolis e Sul,SC,TOTAL,159748.765726631,269769294.35927,343076.298377049,45190.0,176580238.0
2019S1,03,SC - Met. Florianópolis e Sul,SC,APP,131736.73658583,5956863.33627847,36930.9868762051,15.0,334453.0
2019S1,03,SC - Met. Florianópolis e Sul,SC,CASCO,146653.437908895,196375926.176602,51521.9111994502,41736.0,132761827.0
2019S1,03,SC - Met. Florianópolis e Sul,SC,RCDM,155702.142005864,47708261.5532806,130897.208655479,8914.0,52172956.0
2019S1,03,SC - Met. Florianópolis e Sul,SC,RCDP,155374.972142766,21909525.1493346,159076.696733879,124.0,1000630.0
2019S1,03,SC - Met. Florianópolis e Sul,SC,TOTAL,160287.152957306,271893804.29269,363089.748243382,50789.0,186269866.0
2019S2,03,SC - Met. Florianópolis e Sul,SC,APP,127086.623575015,5849185.11316459,39156.1137017164,12.0,148987.0
2019S2,03,SC - Met. Florianópolis e Sul,SC,CASCO,142033.124495453,194920690.061476,52502.9134186338,43311.0,137434931.0
2019S2,03,SC - Met. Florianópolis e Sul,SC,RCDM,149883.809256013,47309053.9330818,137941.79717422,9628.0,54175423.0
2019S2,03,SC - Met. Florianópolis e Sul,SC,RCDP,149609.414738331,20912348.6238733,169312.086154361,69.0,895871.0
2019S2,03,SC - Met. Florianópolis e Sul,SC,TOTAL,154182.809163398,268882680.534807,382440.631391864,53020.0,192655212.0
2020S1,03,SC - Met. Florianópolis e Sul,SC,APP,104061.928145831,4851474.7744611,35003.2053955968,16.0,210175.0
2020S1,03,SC - Met. Florianópolis e Sul,SC,CASCO,135882.782629291,180247740.962804,52330.2987673036,37271.0,108042797.0
2020S1,03,SC - Met. Florianópolis e Sul,SC,RCDM,122980.68971933,36423860.8296572,144014.351162886,6028.0,36737964.0
2020S1,03,SC - Met. Florianópolis e Sul,SC,RCDP,122847.232184493,17807398.0836818,174393.020583149,61.0,1036521.0
2020S1,03,SC - Met. Florianópolis e Sul,SC,TOTAL,145407.541504918,239297883.782016,346340.702627544,43376.0,146027457.0
2020S2,03,SC - Met. Florianópolis e Sul,SC,APP,124917.442973043,5798147.44187838,39483.1874470734,16.0,201201.0
2020S2,03,SC - Met. Florianópolis e Sul,SC,CASCO,140107.930222734,181397936.098975,53286.3660725517,49686.0,136652010.0
2020S2,03,SC - Met. Florianópolis e Sul,SC,RCDM,144570.368510839,45526589.3127692,148492.203984998,7686.0,50208793.0
2020S2,03,SC - Met. Florianópolis e Sul,SC,RCDP,144151.154821773,19973795.9235028,179610.174456248,41.0,1452796.0
2020S2,03,SC - Met. Florianópolis e Sul,SC,TOTAL,149303.316358646,252676599.974373,403436.265483541,57429.0,188514800.0
2016S1,04,SC - Oeste,SC,APP,76895.4166971347,4396384.90102385,33578.2895483887,15.0,169997.0
2016S1,04,SC - Oeste,SC,CASCO,77726.9673091057,99955259.1658441,42047.5339419742,14617.0,92525373.0
2016S1,04,SC - Oeste,SC,RCDM,88624.3204487474,30652046.3282146,151021.406330718,6534.0,33358924.0
2016S1,04,SC - Oeste,SC,RCDP,88747.9204486492,18312450.3868288,197214.041067193,75.0,959371.0
2016S1,04,SC - Oeste,SC,TOTAL,91800.3450414804,153298721.594762,402068.873657187,21241.0,127013665.0
2016S2,04,SC - Oeste,SC,APP,83632.3238588865,4632524.01127894,44257.7451319185,14.0,208823.0
2016S2,04,SC - Oeste,SC,CASCO,87333.9073181255,110977368.02988,41771.4565296807,14766.0,100746745.0
2016S2,04,SC - Oeste,SC,RCDM,96086.6906901165,32842637.989574,152812.707680219,6501.0,33516430.0
2016S2,04,SC - Oeste,SC,RCDP,96210.5180849312,19164229.1708975,199988.980524646,43.0,401915.0
2016S2,04,SC - Oeste,SC,TOTAL,98582.6303721233,167589819.136517,420758.006476153,21324.0,134873913.0
2017S1,04,SC - Oeste,SC,APP,84060.1970047597,4737284.29608446,48213.8494386734,20.0,429576.0
2017S1,04,SC - Oeste,SC,CASCO,87159.5339781493,112059834.230358,41047.2281696122,15774.0,88728465.0
2017S1,04,SC - Oeste,SC,RCDM,96357.8572438415,33446698.7338212,151303.847282839,6588.0,34296989.0
2017S1,04,SC - Oeste,SC,RCDP,96443.9832716784,18964047.1488583,198922.868398864,67.0,496349.0
2017S1,04,SC - Oeste,SC,TOTAL,98836.0188815957,169172617.548086,420825.265012312,22449.0,123951379.0
2017S2,04,SC - Oeste,SC,APP,84517.8033065572,4869749.02661184,48095.6972678642,20.0,490093.0
2017S2,04,SC - Oeste,SC,CASCO,87071.9648635834,116602252.150133,41439.9505702123,15226.0,93675843.0
2017S2,04,SC - Oeste,SC,RCDM,96685.383872102,34451096.9371477,153374.251407778,6713.0,38897302.0
2017S2,04,SC - Oeste,SC,RCDP,97318.4030312672,19622090.6401621,197850.76280108,62.0,1194667.0
2017S2,04,SC - Oeste,SC,TOTAL,99581.2933976958,175500746.972754,421996.785940921,22021.0,134257905.0
2018S1,04,SC - Oeste,SC,APP,84699.4901815411,4797824.3587105,47830.4973119832,20.0,404614.0
2018S1,04,SC - Oeste,SC,CASCO,87206.0709899249,118526259.102856,43485.0604254626,14345.0,84859186.0
2018S1,04,SC - Oeste,SC,RCDM,97624.7997188382,35586857.4537327,155397.254501968,6061.0,35563578.0
2018S1,04,SC - Oeste,SC,RCDP,98150.9284872683,19496759.1374717,198073.859660449,60.0,489787.0
2018S1,04,SC - Oeste,SC,TOTAL,100314.701086723,178368872.968513,426310.062727788,20486.0,121317165.0
2018S2,04,SC - Oeste,SC,APP,87070.7923085885,5036168.01252571,48101.2083985285,18.0,397184.0
2018S2,04,SC - Oeste,SC,CASCO,89949.918256348,123816669.072906,45915.2532531039,15128.0,89343744.0
2018S2,04,SC - Oeste,SC,RCDM,99832.2249160013,37096382.174138,155771.873396894,6459.0,40147673.0
2018S2,04,SC - Oeste,SC,RCDP,100134.896138126,19844474.2781912,200850.685836636,119.0,1581549.0
2018S2,04,SC - Oeste,SC,TOTAL,102386.128975564,185758747.462538,433239.989086568,21724.0,131470150.0
2019S1,04,SC - Oeste,SC,APP,87229.3531587617,5128269.34802624,52468.9845458006,19.0,417777.0
2019S1,04,SC - Oeste,SC,CASCO,91405.5586274383,125862930.246035,50215.9787161679,18871.0,93413031.0
2019S1,04,SC - Oeste,SC,RCDM,101453.670928022,37489390.3762709,169117.638179097,6505.0,44856171.0
2019S1,04,SC - Oeste,SC,RCDP,101474.629833781,19715376.9795847,217594.600618882,74.0,627898.0
2019S1,04,SC - Oeste,SC,TOTAL,103660.832570452,188151183.690384,471381.61975443,25469.0,139314877.0
2019S2,04,SC - Oeste,SC,APP,87129.0139050414,5250514.0286663,57054.4937332353,38.0,1046799.0
2019S2,04,SC - Oeste,SC,CASCO,91466.0987099269,129075859.033576,51616.0689347096,21184.0,108373154.0
2019S2,04,SC - Oeste,SC,RCDM,100990.21358426,37934941.2896256,176053.244146341,7448.0,48128751.0
2019S2,04,SC - Oeste,SC,RCDP,101057.70125516,19183461.0267955,233527.101022589,58.0,1039138.0
2019S2,04,SC - Oeste,SC,TOTAL,102974.668339142,191378625.709783,498959.566147986,28728.0,158587842.0
2020S1,04,SC - Oeste,SC,APP,73416.8736352627,4469946.35323815,50309.8188036034,17.0,425675.0
2020S1,04,SC - Oeste,SC,CASCO,88318.8460924709,118921045.764235,50572.2683190007,18548.0,85786514.0
2020S1,04,SC - Oeste,SC,RCDM,86382.9283960718,31399143.50872,184652.286293752,5290.0,35210233.0
2020S1,04,SC - Oeste,SC,RCDP,86479.953054802,17469995.4390119,242980.178093266,44.0,799040.0
2020S1,04,SC - Oeste,SC,TOTAL,98437.1666120025,172241950.464086,461851.403525176,23899.0,122221462.0
2020S2,04,SC - Oeste,SC,APP,87988.4606676837,5295031.40754823,54285.4370465885,16.0,391060.0
2020S2,04,SC - Oeste,SC,CASCO,92185.901643279,125437370.158601,52785.0359701414,23180.0,107118707.0
2020S2,04,SC - Oeste,SC,RCDM,100152.857702875,37930496.0493628,191244.102775639,6734.0,46072564.0
2020S2,04,SC - Oeste,SC,RCDP,100110.898800767,20449832.6554787,253354.632807465,76.0,992403.0
2020S2,04,SC - Oeste,SC,TOTAL,102379.88231755,189100839.403201,533772.028048967,30006.0,154574734.0
2016S1,05,SC - Blumenau e demais regiões,SC,APP,175199.706273983,7332278.23198023,46848.1463742109,36.0,438027.0
2016S1,05,SC - Blumenau e demais regiões,SC,CASCO,186637.774318124,223774455.272344,39612.1702154896,39435.0,200502285.0
2016S1,05,SC - Blumenau e demais regiões,SC,RCDM,196733.193205315,57135434.2181324,125093.052518834,13816.0,66938771.0
2016S1,05,SC - Blumenau e demais regiões,SC,RCDP,197188.878136091,30637268.0844482,165963.835917951,226.0,2833117.0
2016S1,05,SC - Blumenau e demais regiões,SC,TOTAL,204082.37938827,318818988.310967,360074.89343275,53513.0,270712200.0
2016S2,05,SC - Blumenau e demais regiões,SC,APP,194063.709994507,7747278.85931618,49746.6135505489,17.0,128993.0
2016S2,05,SC - Blumenau e demais regiões,SC,CASCO,212089.312285932,251659287.953827,39644.2312258568,39402.0,211585298.0
2016S2,05,SC - Blumenau e demais regiões,SC,RCDM,220370.605186908,63418495.3603234,126404.994588602,14084.0,69065520.0
2016S2,05,SC - Blumenau e demais regiões,SC,RCDP,220890.698332265,32997354.9711521,168422.224882239,185.0,2433347.0
2016S2,05,SC - Blumenau e demais regiões,SC,TOTAL,229001.974909525,355764547.282892,366016.855520903,53688.0,283213158.0
2017S1,05,SC - Blumenau e demais regiões,SC,APP,193906.407626275,8080863.88071019,56282.7623698849,26.0,196726.0
2017S1,05,SC - Blumenau e demais regiões,SC,CASCO,208191.914421322,256284189.409632,40179.5699586731,44477.0,201402737.0
2017S1,05,SC - Blumenau e demais regiões,SC,RCDM,217964.273307244,63733923.1222863,127200.604016585,13913.0,69803243.0
2017S1,05,SC - Blumenau e demais regiões,SC,RCDP,218338.813031616,32622825.8005296,169665.762311867,197.0,2456726.0
2017S1,05,SC - Blumenau e demais regiões,SC,TOTAL,225510.974659659,360659027.880963,375147.351160496,58613.0,273859432.0
2017S2,05,SC - Blumenau e demais regiões,SC,APP,197168.797751564,8641812.66371776,57744.6337437828,25.0,329481.0
2017S2,05,SC - Blumenau e demais regiões,SC,CASCO,212694.515126593,275798981.487547,41017.4288919488,41496.0,207035846.0
2017S2,05,SC - Blumenau e demais regiões,SC,RCDM,221638.103938471,66209773.5715238,127709.155244095,14575.0,75274507.0
2017S2,05,SC - Blumenau e demais regiões,SC,RCDP,223130.328555787,33570091.7382367,169420.918565591,213.0,2828157.0
2017S2,05,SC - Blumenau e demais regiões,SC,TOTAL,231028.999626892,384146134.135357,376090.554336495,56309.0,285467991.0
2018S1,05,SC - Blumenau e demais regiões,SC,APP,195149.139164131,8579004.22352098,55187.1040443808,29.0,268726.0
2018S1,05,SC - Blumenau e demais regiões,SC,CASCO,212209.207623828,280646332.218973,42709.2517315903,41066.0,207907091.0
2018S1,05,SC - Blumenau e demais regiões,SC,RCDM,220548.714441593,66023714.1354894,127406.595124327,12960.0,67621262.0
2018S1,05,SC - Blumenau e demais regiões,SC,RCDP,221422.624027274,32429035.6825171,170101.510863509,248.0,3791205.0
2018S1,05,SC - Blumenau e demais regiões,SC,TOTAL,229278.580178647,387595822.494755,377347.901351933,54303.0,279588284.0
2018S2,05,SC - Blumenau e demais regiões,SC,APP,199435.170308766,8887488.0091339,52205.3401752054,34.0,353923.0
2018S2,05,SC - Blumenau e demais regiões,SC,CASCO,219478.969807345,293257356.126107,45324.7015210286,40854.0,207078036.0
2018S2,05,SC - Blumenau e demais regiões,SC,RCDM,226669.761355659,67953503.4970863,128091.149943313,13587.0,72350617.0
2018S2,05,SC - Blumenau e demais regiões,SC,RCDP,227258.136688625,33632998.977673,171424.291109597,229.0,3251727.0
2018S2,05,SC - Blumenau e demais regiões,SC,TOTAL,235494.4899484,403657063.573942,379646.390557176,54704.0,283034303.0
2019S1,05,SC - Blumenau e demais regiões,SC,APP,198413.711723052,9203535.51322828,56222.4526392413,26.0,295538.0
2019S1,05,SC - Blumenau e demais regiões,SC,CASCO,218789.26508539,293792009.886547,48889.7327181397,48608.0,215261029.0
2019S1,05,SC - Blumenau e demais regiões,SC,RCDM,227204.297946377,67328311.6763432,135602.308096068,13381.0,76878074.0
2019S1,05,SC - Blumenau e demais regiões,SC,RCDP,226884.889728113,33681802.1102288,180088.130236908,266.0,2710021.0
2019S1,05,SC - Blumenau e demais regiões,SC,TOTAL,235402.018476899,403935778.679282,402104.655062796,62281.0,295144662.0
2019S2,05,SC - Blumenau e demais regiões,SC,APP,198079.265497555,9362885.56906426,61706.2800337785,33.0,613157.0
2019S2,05,SC - Blumenau e demais regiões,SC,CASCO,218885.851202936,298359015.572885,50240.4833727311,51289.0,220978836.0
2019S2,05,SC - Blumenau e demais regiões,SC,RCDM,226821.541405226,68811064.0026313,142990.373098594,14815.0,82123204.0
2019S2,05,SC - Blumenau e demais regiões,SC,RCDP,226667.681137715,33552396.2394865,192548.547796886,156.0,2557191.0
2019S2,05,SC - Blumenau e demais regiões,SC,TOTAL,234804.560398882,410016724.028653,426756.802635411,66293.0,306272388.0
2020S1,05,SC - Blumenau e demais regiões,SC,APP,156748.681310406,7612634.77294607,57415.3271114526,22.0,357581.0
2020S1,05,SC - Blumenau e demais regiões,SC,CASCO,195206.360462049,256527466.719648,49695.0453713244,47015.0,197452542.0
2020S1,05,SC - Blumenau e demais regiões,SC,RCDM,179873.078511676,51143905.5323809,143725.504098363,9661.0,61402971.0
2020S1,05,SC - Blumenau e demais regiões,SC,RCDP,179684.33604579,27218564.3277094,193330.702320875,115.0,1508858.0
2020S1,05,SC - Blumenau e demais regiões,SC,TOTAL,208226.006976793,342475855.013438,384645.777777575,56813.0,260721952.0
2020S2,05,SC - Blumenau e demais regiões,SC,APP,192389.197329901,9024933.12936185,54488.3003443713,27.0,346652.0
2020S2,05,SC - Blumenau e demais regiões,SC,CASCO,212123.865306215,278499571.379998,50970.7715738855,60842.0,243115855.0
2020S2,05,SC - Blumenau e demais regiões,SC,RCDM,214598.196753291,66929499.0378418,150442.646972672,12687.0,80166596.0
2020S2,05,SC - Blumenau e demais regiões,SC,RCDP,214358.818682112,32275737.9894077,203322.274709312,140.0,2257591.0
2020S2,05,SC - Blumenau e demais regiões,SC,TOTAL,222087.015767828,386693626.645006,441305.953605135,73696.0,325886694.0
2016S1,06,PR - F.Iguaþu-Medianeira-Cascavel-Toledo,PR,APP,54082.8474644064,3254568.8249206,43729.7388535423,12.0,271725.0
2016S1,06,PR - F.Iguaþu-Medianeira-Cascavel-Toledo,PR,CASCO,64569.1868632366,84296390.1439902,40677.3367389243,13542.0,86943482.0
2016S1,06,PR - F.Iguaþu-Medianeira-Cascavel-Toledo,PR,RCDM,69310.6168641294,21977669.0564381,138291.075436339,5104.0,28087862.0
2016S1,06,PR - F.Iguaþu-Medianeira-Cascavel-Toledo,PR,RCDP,69785.0552032762,13710606.8598587,192488.304088758,59.0,623815.0
2016S1,06,PR - F.Iguaþu-Medianeira-Cascavel-Toledo,PR,TOTAL,72526.9866315755,123209357.420077,388813.753759029,18717.0,115926884.0
2016S2,06,PR - F.Iguaþu-Medianeira-Cascavel-Toledo,PR,APP,59303.2203463675,3595960.27179954,54460.6279161893,9.0,159690.0
2016S2,06,PR - F.Iguaþu-Medianeira-Cascavel-Toledo,PR,CASCO,73254.0419052392,97711858.0446279,41965.7304681744,13725.0,84688667.0
2016S2,06,PR - F.Iguaþu-Medianeira-Cascavel-Toledo,PR,RCDM,77492.5020597703,24950860.7616326,142812.54547218,5249.0,30415976.0
2016S2,06,PR - F.Iguaþu-Medianeira-Cascavel-Toledo,PR,RCDP,78038.9678113544,15095542.8825962,201112.032885847,65.0,681402.0
2016S2,06,PR - F.Iguaþu-Medianeira-Cascavel-Toledo,PR,TOTAL,80433.6965365764,141288390.714244,414060.710613675,19048.0,115945735.0
2017S1,06,PR - F.Iguaþu-Medianeira-Cascavel-Toledo,PR,APP,58123.8436488006,3848276.62472128,60215.4826545027,14.0,312167.0
2017S1,06,PR - F.Iguaþu-Medianeira-Cascavel-Toledo,PR,CASCO,70309.4792236658,97408524.9593106,42131.5321892824,13781.0,87076416.0
2017S1,06,PR - F.Iguaþu-Medianeira-Cascavel-Toledo,PR,RCDM,75877.9257911597,24685490.3318249,141375.78664915,5083.0,30063148.0
2017S1,06,PR - F.Iguaþu-Medianeira-Cascavel-Toledo,PR,RCDP,76265.7970239874,14397457.555976,201937.93075053,59.0,543831.0
2017S1,06,PR - F.Iguaþu-Medianeira-Cascavel-Toledo,PR,TOTAL,79085.3203058969,140301215.99396,414641.171223939,18937.0,117995562.0
2017S2,06,PR - F.Iguaþu-Medianeira-Cascavel-Toledo,PR,APP,60021.9573240597,4259332.77155486,58677.1770949518,18.0,703245.0
2017S2,06,PR - F.Iguaþu-Medianeira-Cascavel-Toledo,PR,CASCO,72457.8227426033,105559050.395189,42287.4656207437,13046.0,93503464.0
2017S2,06,PR - F.Iguaþu-Medianeira-Cascavel-Toledo,PR,RCDM,78629.1513836519,26885123.6180689,143821.952404325,5458.0,35503915.0
2017S2,06,PR - F.Iguaþu-Medianeira-Cascavel-Toledo,PR,RCDP,79373.9157488332,15454259.6637935,203072.528191563,58.0,579807.0
2017S2,06,PR - F.Iguaþu-Medianeira-Cascavel-Toledo,PR,TOTAL,82330.9951413223,152121919.207914,415883.71694868,18580.0,130290431.0
2018S1,06,PR - F.Iguaþu-Medianeira-Cascavel-Toledo,PR,APP,59740.2053093207,4392346.34994008,58864.3714140175,11.0,171028.0
2018S1,06,PR - F.Iguaþu-Medianeira-Cascavel-Toledo,PR,CASCO,73322.7915624818,110242292.697075,43241.5817988734,12403.0,87091640.0
2018S1,06,PR - F.Iguaþu-Medianeira-Cascavel-Toledo,PR,RCDM,79129.2271790598,27860671.6889913,138537.530948372,4855.0,35046804.0
2018S1,06,PR - F.Iguaþu-Medianeira-Cascavel-Toledo,PR,RCDP,79940.5751230437,14950565.8978075,201188.1995635,84.0,1250652.0
2018S1,06,PR - F.Iguaþu-Medianeira-Cascavel-Toledo,PR,TOTAL,82844.4299166668,157410252.369012,410491.798306157,17353.0,123560124.0
2018S2,06,PR - F.Iguaþu-Medianeira-Cascavel-Toledo,PR,APP,61064.4669039231,4637667.2162683,59304.6458314339,12.0,140645.0
2018S2,06,PR - F.Iguaþu-Medianeira-Cascavel-Toledo,PR,CASCO,75308.2500914978,114493040.315078,45508.6632879506,12666.0,94537434.0
2018S2,06,PR - F.Iguaþu-Medianeira-Cascavel-Toledo,PR,RCDM,81409.9568223339,28956446.2244179,141006.65648917,5092.0,36991019.0
2018S2,06,PR - F.Iguaþu-Medianeira-Cascavel-Toledo,PR,RCDP,81916.0170817482,15545238.4304779,206409.285190133,66.0,804436.0
2018S2,06,PR - F.Iguaþu-Medianeira-Cascavel-Toledo,PR,TOTAL,85048.795105692,163590241.536779,420825.905231442,17836.0,132473534.0
2019S1,06,PR - F.Iguaþu-Medianeira-Cascavel-Toledo,PR,APP,61741.2354361182,4747338.88707828,62798.6216969041,7.0,90000.0
2019S1,06,PR - F.Iguaþu-Medianeira-Cascavel-Toledo,PR,CASCO,76516.8737406987,115283670.654365,49350.5972067188,15156.0,91983814.0
2019S1,06,PR - F.Iguaþu-Medianeira-Cascavel-Toledo,PR,RCDM,82704.5833283109,29398802.7433841,150868.534413432,5015.0,34841136.0
2019S1,06,PR - F.Iguaþu-Medianeira-Cascavel-Toledo,PR,RCDP,83120.2107255696,15691184.8631532,220586.994660673,96.0,1015171.0
2019S1,06,PR - F.Iguaþu-Medianeira-Cascavel-Toledo,PR,TOTAL,86857.5066096378,165085234.650392,447011.052641264,20274.0,127930121.0
2019S2,06,PR - F.Iguaþu-Medianeira-Cascavel-Toledo,PR,APP,63320.5078114485,5028443.87389612,65140.52920141,22.0,297067.0
2019S2,06,PR - F.Iguaþu-Medianeira-Cascavel-Toledo,PR,CASCO,78624.3786088559,120511328.480765,50415.3941825491,16923.0,101600992.0
2019S2,06,PR - F.Iguaþu-Medianeira-Cascavel-Toledo,PR,RCDM,84678.0689016036,30685578.175329,154368.552645882,5550.0,36899978.0
2019S2,06,PR - F.Iguaþu-Medianeira-Cascavel-Toledo,PR,RCDP,85120.2825921238,15527288.4353509,230370.792594492,64.0,1312478.0
2019S2,06,PR - F.Iguaþu-Medianeira-Cascavel-Toledo,PR,TOTAL,88679.6469057165,171714999.371126,463124.98775416,22559.0,140110515.0
2020S1,06,PR - F.Iguaþu-Medianeira-Cascavel-Toledo,PR,APP,51767.0791833121,3597862.84371843,63032.9813944117,11.0,233050.0
2020S1,06,PR - F.Iguaþu-Medianeira-Cascavel-Toledo,PR,CASCO,77114.7118340358,113071881.954237,50033.1033162067,14958.0,84554483.0
2020S1,06,PR - F.Iguaþu-Medianeira-Cascavel-Toledo,PR,RCDM,70747.7037597005,24646586.1404597,157579.650940392,3911.0,29042434.0
2020S1,06,PR - F.Iguaþu-Medianeira-Cascavel-Toledo,PR,RCDP,70942.6626621513,13060197.0640961,232310.000999477,51.0,691498.0
2020S1,06,PR - F.Iguaþu-Medianeira-Cascavel-Toledo,PR,TOTAL,86460.9254872138,154352710.631688,405068.605129971,18931.0,114521465.0
2020S2,06,PR - F.Iguaþu-Medianeira-Cascavel-Toledo,PR,APP,67075.3378562359,5169955.14652194,61650.7570640737,21.0,433639.0
2020S2,06,PR - F.Iguaþu-Medianeira-Cascavel-Toledo,PR,CASCO,82095.373091918,123322713.760598,51249.0755086882,20539.0,101685321.0
2020S2,06,PR - F.Iguaþu-Medianeira-Cascavel-Toledo,PR,RCDM,86639.4606826189,33719239.9417089,166276.249629825,4929.0,35962142.0
2020S2,06,PR - F.Iguaþu-Medianeira-Cascavel-Toledo,PR,RCDP,86528.7291815472,15087758.444397,249166.853388955,66.0,818842.0
2020S2,06,PR - F.Iguaþu-Medianeira-Cascavel-Toledo,PR,TOTAL,90597.942803896,177272792.402978,492926.495874385,25555.0,138899944.0
2016S1,07,PR - Met. Curitiba,PR,APP,250769.295131195,10894884.3212837,21750.717055773,27.0,288689.0
2016S1,07,PR - Met. Curitiba,PR,CASCO,287323.575962184,382941454.723167,41270.9368389112,62213.0,333433849.0
2016S1,07,PR - Met. Curitiba,PR,RCDM,303181.142895503,87507220.8922971,116104.260265944,18839.0,98754328.0
2016S1,07,PR - Met. Curitiba,PR,RCDP,303474.910002185,43272171.7081236,142139.623335454,150.0,1576893.0
2016S1,07,PR - Met. Curitiba,PR,TOTAL,313765.046802658,524463007.563352,307779.755002389,81229.0,434053759.0
2016S2,07,PR - Met. Curitiba,PR,APP,265412.280550558,11436900.4881887,26926.4567245959,33.0,316501.0
2016S2,07,PR - Met. Curitiba,PR,CASCO,314477.473845891,413968894.289253,41383.6328326847,61586.0,337523907.0
2016S2,07,PR - Met. Curitiba,PR,RCDM,335757.640686155,96124168.677235,130239.992842077,19291.0,101387281.0
2016S2,07,PR - Met. Curitiba,PR,RCDP,336275.6982193,47380529.9427319,159214.822371218,140.0,1386498.0
2016S2,07,PR - Met. Curitiba,PR,TOTAL,350958.037730581,568767492.266099,337366.349435416,81050.0,440614187.0
2017S1,07,PR - Met. Curitiba,PR,APP,259883.87595591,11795669.8804985,27177.7034358152,28.0,294213.0
2017S1,07,PR - Met. Curitiba,PR,CASCO,302047.18539916,418920963.781502,41938.927814192,67356.0,317797011.0
2017S1,07,PR - Met. Curitiba,PR,RCDM,327870.478624458,98909121.501145,134594.826344488,18968.0,101984985.0
2017S1,07,PR - Met. Curitiba,PR,RCDP,328271.511504081,47123139.4749619,162606.546775516,148.0,2559276.0
2017S1,07,PR - Met. Curitiba,PR,TOTAL,338488.692301913,576591466.99698,349081.413201572,86500.0,422635485.0
2017S2,07,PR - Met. Curitiba,PR,APP,262470.993497069,12996538.5122924,27735.1006374511,29.0,942637.0
2017S2,07,PR - Met. Curitiba,PR,CASCO,306066.277149717,447074701.854247,42707.2200200257,63674.0,312586398.0
2017S2,07,PR - Met. Curitiba,PR,RCDM,331211.71242298,104763375.759509,139065.499179537,19702.0,108735229.0
2017S2,07,PR - Met. Curitiba,PR,RCDP,332729.200041388,48569226.2414846,162352.880535598,187.0,2468202.0
2017S2,07,PR - Met. Curitiba,PR,TOTAL,344523.501173171,613255135.892048,352125.616612436,83592.0,424732466.0
2018S1,07,PR - Met. Curitiba,PR,APP,258307.769194293,13028443.6037431,28594.9817070344,26.0,460510.0
2018S1,07,PR - Met. Curitiba,PR,CASCO,304842.936166349,452547398.865316,44178.9609519283,62692.0,310088434.0
2018S1,07,PR - Met. Curitiba,PR,RCDM,326691.204556764,106284705.836916,134999.066539911,17197.0,97894035.0
2018S1,07,PR - Met. Curitiba,PR,RCDP,327567.431952209,46690695.5207799,162251.285008924,201.0,2074514.0
2018S1,07,PR - Met. Curitiba,PR,TOTAL,340137.538779119,618412528.19436,350805.291438665,80116.0,410517493.0
2018S2,07,PR - Met. Curitiba,PR,APP,264315.02091467,13209706.7886524,29076.459313497,33.0,558227.0
2018S2,07,PR - Met. Curitiba,PR,CASCO,315941.12364145,472296507.689914,46131.0736817368,64659.0,310774831.0
2018S2,07,PR - Met. Curitiba,PR,RCDM,334289.233016832,111111804.377789,135610.613543695,17991.0,106728497.0
2018S2,07,PR - Met. Curitiba,PR,RCDP,334472.515215032,48308660.756266,161177.898403389,216.0,2339511.0
2018S2,07,PR - Met. Curitiba,PR,TOTAL,350304.555984851,644772232.778326,350765.952459583,82899.0,420401066.0
2019S1,07,PR - Met. Curitiba,PR,APP,259819.533461208,12882422.256591,32461.8713357273,26.0,235970.0
2019S1,07,PR - Met. Curitiba,PR,CASCO,319000.431930258,474696389.075783,48983.7686187159,77042.0,311619348.0
2019S1,07,PR - Met. Curitiba,PR,RCDM,331226.481225332,109296210.994746,140231.363491176,17885.0,111439041.0
2019S1,07,PR - Met. Curitiba,PR,RCDP,330178.845614141,47335081.7877032,166625.348501964,309.0,2732759.0
2019S1,07,PR - Met. Curitiba,PR,TOTAL,352981.738708504,644121172.560492,359789.55553675,95262.0,426027118.0
2019S2,07,PR - Met. Curitiba,PR,APP,258019.387189085,12920662.317927,34454.061835369,28.0,471264.0
2019S2,07,PR - Met. Curitiba,PR,CASCO,316235.001962431,475708231.70937,50576.8525584292,82847.0,344458011.0
2019S2,07,PR - Met. Curitiba,PR,RCDM,328263.289641773,110952774.706657,141765.065108892,19281.0,120624512.0
2019S2,07,PR - Met. Curitiba,PR,RCDP,328172.349931322,46065539.6451075,175325.73388418,146.0,2007804.0
2019S2,07,PR - Met. Curitiba,PR,TOTAL,347642.996009286,645552602.810417,374673.321709801,102302.0,467561591.0
2020S1,07,PR - Met. Curitiba,PR,APP,203660.727448878,9884443.1600934,30902.7781411991,24.0,435343.0
2020S1,07,PR - Met. Curitiba,PR,CASCO,296742.466413126,422643243.075532,49895.0892505992,68985.0,258755517.0
2020S1,07,PR - Met. Curitiba,PR,RCDM,266503.253282535,83293037.9467674,147107.363457586,11892.0,78786323.0
2020S1,07,PR - Met. Curitiba,PR,RCDP,267161.686152422,38409638.9629185,181592.11703625,133.0,1445616.0
2020S1,07,PR - Met. Curitiba,PR,TOTAL,326318.79784482,554167166.068363,337157.906871917,81034.0,339422799.0
2020S2,07,PR - Met. Curitiba,PR,APP,270076.014287909,13440553.8856272,33419.524880381,29.0,383548.0
2020S2,07,PR - Met. Curitiba,PR,CASCO,342341.577076883,480341067.565444,50846.0440314885,105938.0,332639869.0
2020S2,07,PR - Met. Curitiba,PR,RCDM,352868.029184444,116525241.845762,147281.556392735,15185.0,102591788.0
2020S2,07,PR - Met. Curitiba,PR,RCDP,352580.50048559,52865622.2060084,181797.736984482,135.0,1336263.0
2020S2,07,PR - Met. Curitiba,PR,TOTAL,373228.905437269,663086333.690537,384921.542126789,121287.0,436951468.0
2016S1,08,PR - Demais regiões,PR,APP,174872.476419826,8294115.91267715,30440.5062271873,31.0,376662.0
2016S1,08,PR - Demais regiões,PR,CASCO,201434.480917403,253184939.662583,40988.0212541763,42995.0,223334136.0
2016S1,08,PR - Demais regiões,PR,RCDM,219926.40414696,60424376.8349505,127389.127948632,13775.0,68766414.0
2016S1,08,PR - Demais regiões,PR,RCDP,217174.645274303,36242454.2353415,178770.325615182,185.0,2417393.0
2016S1,08,PR - Demais regiões,PR,TOTAL,228211.04235631,358040937.578687,368390.767457906,56986.0,294894605.0
2016S2,08,PR - Demais regiões,PR,APP,187059.811580318,9059432.24124462,38564.8894499073,24.0,383829.0
2016S2,08,PR - Demais regiões,PR,CASCO,220728.775022482,275985394.357872,41251.6808828106,42146.0,232526235.0
2016S2,08,PR - Demais regiões,PR,RCDM,237455.484402144,65801482.8821394,130217.910626914,13979.0,68731416.0
2016S2,08,PR - Demais regiões,PR,RCDP,237686.865232083,39458912.5583098,196972.878205536,156.0,1974522.0
2016S2,08,PR - Demais regiões,PR,TOTAL,247693.840401866,390179348.926209,382835.690008444,56305.0,303616002.0
2017S1,08,PR - Demais regiões,PR,APP,182655.262446764,9513354.544516,41597.6465565335,27.0,251165.0
2017S1,08,PR - Demais regiões,PR,CASCO,212676.596593982,276768916.01208,41588.241831503,43440.0,229612396.0
2017S1,08,PR - Demais regiões,PR,RCDM,229938.621223057,66219991.315495,130825.333278139,13033.0,66504047.0
2017S1,08,PR - Demais regiões,PR,RCDP,230132.319851328,38964349.8975699,199221.805030778,194.0,2463528.0
2017S1,08,PR - Demais regiões,PR,TOTAL,238551.396545741,391379655.815034,390024.989276199,56694.0,298831136.0
2017S2,08,PR - Demais regiões,PR,APP,186023.019951273,10293440.0093827,41916.4580535004,23.0,528051.0
2017S2,08,PR - Demais regiões,PR,CASCO,218681.545071845,300972551.691593,42236.1641575715,42170.0,234682467.0
2017S2,08,PR - Demais regiões,PR,RCDM,229146.769526946,68346104.2627404,132977.563360036,13859.0,74075812.0
2017S2,08,PR - Demais regiões,PR,RCDP,230175.522926003,39308971.2811538,179826.479849226,146.0,1727757.0
2017S2,08,PR - Demais regiões,PR,TOTAL,239507.804913457,418815764.561322,374491.712844941,56198.0,311014087.0
2018S1,08,PR - Demais regiões,PR,APP,183827.72278163,10212462.5907569,41441.9753598725,19.0,285238.0
2018S1,08,PR - Demais regiões,PR,CASCO,217797.572007157,309169830.841042,43569.7819664195,40844.0,213493138.0
2018S1,08,PR - Demais regiões,PR,RCDM,227206.719928903,70176792.0904052,132367.627984352,12010.0,65293973.0
2018S1,08,PR - Demais regiões,PR,RCDP,228107.541842536,37998685.1908978,178608.606177416,164.0,3029670.0
2018S1,08,PR - Demais regiões,PR,TOTAL,237442.010320324,427471234.748058,374448.89658859,53037.0,282102019.0
2018S2,08,PR - Demais regiões,PR,APP,187924.107580804,10411763.4643058,40920.6316015804,21.0,264845.0
2018S2,08,PR - Demais regiões,PR,CASCO,225272.018926845,323461358.39586,45742.8571029036,43293.0,234429378.0
2018S2,08,PR - Demais regiões,PR,RCDM,236174.750254577,73863329.0156134,133027.777705482,12896.0,71851917.0
2018S2,08,PR - Demais regiões,PR,RCDP,236266.679027137,39594859.7437326,191166.311120079,191.0,2407058.0
2018S2,08,PR - Demais regiões,PR,TOTAL,246573.325382573,447181977.986263,388087.810111374,56401.0,308953198.0
2019S1,08,PR - Demais regiões,PR,APP,186199.944668967,10238269.5933458,44484.5723622754,19.0,509004.0
2019S1,08,PR - Demais regiões,PR,CASCO,225378.752770681,321909881.829449,48725.2452947128,51260.0,222997334.0
2019S1,08,PR - Demais regiões,PR,RCDM,235709.903439089,73174011.1156767,139103.191702212,12636.0,78418410.0
2019S1,08,PR - Demais regiões,PR,RCDP,235313.687005416,38675242.5100978,198749.92425404,222.0,2397783.0
2019S1,08,PR - Demais regiões,PR,TOTAL,246642.906151322,443904698.277385,405426.166955662,64137.0,304322531.0
2019S2,08,PR - Demais regiões,PR,APP,182374.156459955,10282476.3230487,49331.1637368458,35.0,529838.0
2019S2,08,PR - Demais regiões,PR,CASCO,220944.358073424,322013334.51476,49867.2521623876,57628.0,245039646.0
2019S2,08,PR - Demais regiões,PR,RCDM,229611.122345269,74028577.1589159,144522.056050182,13611.0,82870421.0
2019S2,08,PR - Demais regiões,PR,RCDP,229718.667573062,37770528.6566673,221657.154716413,112.0,1895035.0
2019S2,08,PR - Demais regiões,PR,TOTAL,240186.902934639,444022974.946831,437369.427760368,71386.0,330334940.0
2020S1,08,PR - Demais regiões,PR,APP,151947.064862228,8190341.21188345,45543.8017740456,19.0,383391.0
2020S1,08,PR - Demais regiões,PR,CASCO,207891.927469639,290958584.901088,49250.6427120857,52725.0,210209447.0
2020S1,08,PR - Demais regiões,PR,RCDM,191913.826401351,57413692.7583484,145209.503863959,9242.0,61694284.0
2020S1,08,PR - Demais regiões,PR,RCDP,191720.670238242,31707392.1729489,216455.914422004,106.0,1303011.0
2020S1,08,PR - Demais regiões,PR,TOTAL,224678.568520991,388229281.116808,389116.898763846,62092.0,273590133.0
2020S2,08,PR - Demais regiões,PR,APP,195643.317838336,11008870.7274264,44454.4022355307,36.0,788893.0
2020S2,08,PR - Demais regiões,PR,CASCO,233931.908604591,331147608.728767,51090.8574631627,70290.0,255006839.0
2020S2,08,PR - Demais regiões,PR,RCDM,238864.549689244,76531983.6305861,154888.998347984,11938.0,81516716.0
2020S2,08,PR - Demais regiões,PR,RCDP,238322.768884589,36695850.3506364,221991.603921183,122.0,1782589.0
2020S2,08,PR - Demais regiões,PR,TOTAL,248195.456332878,455323889.434945,449063.355867709,82386.0,339095037.0
2016S1,09,SP - Vale do Paraíba e Ribeira,SP,APP,120978.844457848,4654693.41416298,24008.9569280985,8.0,111901.0
2016S1,09,SP - Vale do Paraíba e Ribeira,SP,CASCO,208168.575606063,264103231.043281,35359.0384464018,85053.0,191161732.0
2016S1,09,SP - Vale do Paraíba e Ribeira,SP,RCDM,204613.425016963,50203020.0104657,73277.8473841488,8849.0,41378484.0
2016S1,09,SP - Vale do Paraíba e Ribeira,SP,RCDP,203520.170255903,16284367.0541592,81838.1716678385,27.0,306314.0
2016S1,09,SP - Vale do Paraíba e Ribeira,SP,TOTAL,212976.290602967,335120153.323053,197922.748868168,93937.0,232958431.0
2016S2,09,SP - Vale do Paraíba e Ribeira,SP,APP,123641.338961816,4692568.75429231,23694.1747242156,10.0,75765.0
2016S2,09,SP - Vale do Paraíba e Ribeira,SP,CASCO,228162.665138023,276648991.860033,35114.389261138,83838.0,186243007.0
2016S2,09,SP - Vale do Paraíba e Ribeira,SP,RCDM,212934.270769429,52399881.1078174,74669.3208974119,8813.0,41666325.0
2016S2,09,SP - Vale do Paraíba e Ribeira,SP,RCDP,211838.791348661,17062035.5327447,84446.0058135996,51.0,462874.0
2016S2,09,SP - Vale do Paraíba e Ribeira,SP,TOTAL,232733.300676506,350680641.071731,193256.621102689,92712.0,228447971.0
2017S1,09,SP - Vale do Paraíba e Ribeira,SP,APP,120115.966758537,4607912.41148606,30522.084611982,7.0,21877.0
2017S1,09,SP - Vale do Paraíba e Ribeira,SP,CASCO,209267.815793101,271822590.392599,35804.612726157,90496.0,193766529.0
2017S1,09,SP - Vale do Paraíba e Ribeira,SP,RCDM,204064.999382108,51044981.8066096,75591.279064167,8564.0,41642145.0
2017S1,09,SP - Vale do Paraíba e Ribeira,SP,RCDP,202742.130894111,15841731.2890587,86598.5142981438,44.0,398711.0
2017S1,09,SP - Vale do Paraíba e Ribeira,SP,TOTAL,214224.273330305,343177460.816956,207081.844490005,99111.0,235829262.0
2017S2,09,SP - Vale do Paraíba e Ribeira,SP,APP,123643.14718384,5096925.46192725,26618.3788217475,6.0,67900.0
2017S2,09,SP - Vale do Paraíba e Ribeira,SP,CASCO,216737.037787156,293307860.301634,36368.4394567972,83972.0,201728734.0
2017S2,09,SP - Vale do Paraíba e Ribeira,SP,RCDM,210569.205059921,54497725.927817,75022.2198026192,8757.0,43692214.0
2017S2,09,SP - Vale do Paraíba e Ribeira,SP,RCDP,209453.816030426,16219392.3573981,86808.5809767711,54.0,472624.0
2017S2,09,SP - Vale do Paraíba e Ribeira,SP,TOTAL,222935.7554545,368984876.895684,203806.572012122,92789.0,245961472.0
2018S1,09,SP - Vale do Paraíba e Ribeira,SP,APP,130674.85988837,5154548.61935677,24904.17430459,2.0,10000.0
2018S1,09,SP - Vale do Paraíba e Ribeira,SP,CASCO,225797.130851035,305979105.880572,37377.8118224365,86651.0,194739915.0
2018S1,09,SP - Vale do Paraíba e Ribeira,SP,RCDM,219875.832236717,57751038.1063434,75536.3127028702,7895.0,38332189.0
2018S1,09,SP - Vale do Paraíba e Ribeira,SP,RCDP,218151.845939865,16500432.7461272,86981.1202787702,83.0,743785.0
2018S1,09,SP - Vale do Paraíba e Ribeira,SP,TOTAL,231569.404814631,385286159.896145,205933.303379747,94631.0,233825889.0
2018S2,09,SP - Vale do Paraíba e Ribeira,SP,APP,133594.908517657,5158403.93109895,23163.2731532031,4.0,31900.0
2018S2,09,SP - Vale do Paraíba e Ribeira,SP,CASCO,234510.809838841,316466460.479376,39097.3661595602,86103.0,208680950.0
2018S2,09,SP - Vale do Paraíba e Ribeira,SP,RCDM,226789.593582436,58800848.1388233,76107.8810041395,8577.0,44323149.0
2018S2,09,SP - Vale do Paraíba e Ribeira,SP,RCDP,224569.73883342,16914209.7185284,87417.0521272611,100.0,565910.0
2018S2,09,SP - Vale do Paraíba e Ribeira,SP,TOTAL,240488.998717115,397266590.303764,206230.125872024,94784.0,253601909.0
2019S1,09,SP - Vale do Paraíba e Ribeira,SP,APP,135966.928377856,5281417.48749546,24930.3011608317,6.0,38273.0
2019S1,09,SP - Vale do Paraíba e Ribeira,SP,CASCO,234356.421222443,314371774.894951,41367.3661919521,91255.0,212697559.0
2019S1,09,SP - Vale do Paraíba e Ribeira,SP,RCDM,227950.944537781,58885045.8176334,81779.8257255522,8548.0,47973738.0
2019S1,09,SP - Vale do Paraíba e Ribeira,SP,RCDP,225920.525374012,17310480.8708317,92660.2897336672,194.0,1032158.0
2019S1,09,SP - Vale do Paraíba e Ribeira,SP,TOTAL,242367.221216543,395776992.554745,219247.828247745,100003.0,261741728.0
2019S2,09,SP - Vale do Paraíba e Ribeira,SP,APP,136827.108313861,5482517.5815399,26694.9297068561,11.0,188161.0
2019S2,09,SP - Vale do Paraíba e Ribeira,SP,CASCO,239395.612202984,327298307.755256,41745.6908645057,89001.0,234158439.0
2019S2,09,SP - Vale do Paraíba e Ribeira,SP,RCDM,228124.957806689,60853606.6109831,86578.7037637585,9517.0,54491831.0
2019S2,09,SP - Vale do Paraíba e Ribeira,SP,RCDP,226140.440051196,17176597.7342044,96602.4907140749,73.0,1003996.0
2019S2,09,SP - Vale do Paraíba e Ribeira,SP,TOTAL,247733.031234907,410733929.497738,224143.377831147,98602.0,289842427.0
2020S1,09,SP - Vale do Paraíba e Ribeira,SP,APP,82843.2214235584,2892057.50849079,24208.7796466576,7.0,60000.0
2020S1,09,SP - Vale do Paraíba e Ribeira,SP,CASCO,207962.140597073,275109251.380576,41593.0145504798,60910.0,159677317.0
2020S1,09,SP - Vale do Paraíba e Ribeira,SP,RCDM,129300.561039056,33561856.9533262,97883.2119640314,5300.0,31321024.0
2020S1,09,SP - Vale do Paraíba e Ribeira,SP,RCDP,128070.317205859,11849497.3453869,103348.524507627,67.0,358839.0
2020S1,09,SP - Vale do Paraíba e Ribeira,SP,TOTAL,215758.74336072,323379409.912066,170349.176895704,66284.0,191417180.0
2020S2,09,SP - Vale do Paraíba e Ribeira,SP,APP,114538.824149007,4440515.48601814,29504.2912423733,7.0,154599.0
2020S2,09,SP - Vale do Paraíba e Ribeira,SP,CASCO,189339.098822645,251092766.443413,41220.49215883,104036.0,201591520.0
2020S2,09,SP - Vale do Paraíba e Ribeira,SP,RCDM,176150.680099408,49521847.1459211,90996.3196871858,7906.0,44961070.0
2020S2,09,SP - Vale do Paraíba e Ribeira,SP,RCDP,174391.299327459,14599925.5744,99647.2281122759,62.0,841146.0
2020S2,09,SP - Vale do Paraíba e Ribeira,SP,TOTAL,196325.879524248,319618544.090576,228454.677353411,112011.0,247548335.0
2016S1,10,SP - Litoral Norte e Baixada Santista,SP,APP,38344.1874279911,1466334.00092692,19073.6732289444,3.0,16087.0
2016S1,10,SP - Litoral Norte e Baixada Santista,SP,CASCO,59961.5756647922,80407147.2262626,34878.8661716676,28616.0,60249801.0
2016S1,10,SP - Litoral Norte e Baixada Santista,SP,RCDM,59186.5784191038,16989876.4810542,71508.5795885677,2768.0,14455588.0
2016S1,10,SP - Litoral Norte e Baixada Santista,SP,RCDP,58770.4825428445,5222235.210534,81736.8068615168,18.0,182410.0
2016S1,10,SP - Litoral Norte e Baixada Santista,SP,TOTAL,61207.1290591881,104042426.521142,194557.233884358,31405.0,74903886.0
2016S2,10,SP - Litoral Norte e Baixada Santista,SP,APP,39692.733074395,1474358.84415965,19763.0251647225,4.0,7863.0
2016S2,10,SP - Litoral Norte e Baixada Santista,SP,CASCO,63746.6584828021,82034519.1534044,34238.8895346927,27260.0,54532323.0
2016S2,10,SP - Litoral Norte e Baixada Santista,SP,RCDM,60437.014690788,17563581.9472754,71844.5440538587,2754.0,13877501.0
2016S2,10,SP - Litoral Norte e Baixada Santista,SP,RCDP,60135.7681256901,5296362.23528494,81559.7110625962,15.0,117871.0
2016S2,10,SP - Litoral Norte e Baixada Santista,SP,TOTAL,65161.9242105377,106303601.2023,188411.711915892,30033.0,68535558.0
2017S1,10,SP - Litoral Norte e Baixada Santista,SP,APP,38480.2053585947,1402947.2485628,22630.2243443488,2.0,2596.0
2017S1,10,SP - Litoral Norte e Baixada Santista,SP,CASCO,58144.2710469686,79573475.3669903,34647.4989408243,33043.0,59785448.0
2017S1,10,SP - Litoral Norte e Baixada Santista,SP,RCDM,57013.1943402602,16551805.4806741,72084.8550075666,2614.0,13544832.0
2017S1,10,SP - Litoral Norte e Baixada Santista,SP,RCDP,56654.3340673326,4605049.64711065,82139.6136704073,17.0,154070.0
2017S1,10,SP - Litoral Norte e Baixada Santista,SP,TOTAL,59581.9641960394,102099883.768275,196545.610437602,35676.0,73486946.0
2017S2,10,SP - Litoral Norte e Baixada Santista,SP,APP,40305.4207139155,1570701.05279451,22034.1486073765,1.0,1000.0
2017S2,10,SP - Litoral Norte e Baixada Santista,SP,CASCO,60867.1543928632,87203056.4953665,35195.3146644293,28656.0,57519616.0
2017S2,10,SP - Litoral Norte e Baixada Santista,SP,RCDM,59156.0311483764,18006323.1933175,74144.9869843167,2792.0,15655620.0
2017S2,10,SP - Litoral Norte e Baixada Santista,SP,RCDP,58883.9380014301,4886895.31854462,81736.5155804527,28.0,203046.0
2017S2,10,SP - Litoral Norte e Baixada Santista,SP,TOTAL,62856.324208077,111632691.658318,196129.709947993,31477.0,73379282.0
2018S1,10,SP - Litoral Norte e Baixada Santista,SP,APP,42165.6848089076,1557653.39137537,19877.019910571,1.0,1350.0
2018S1,10,SP - Litoral Norte e Baixada Santista,SP,CASCO,63418.8436513571,90397579.1722772,36473.2097336298,31994.0,55379593.0
2018S1,10,SP - Litoral Norte e Baixada Santista,SP,RCDM,61136.2244800599,18483354.6701666,73989.2860119099,2450.0,14581418.0
2018S1,10,SP - Litoral Norte e Baixada Santista,SP,RCDP,60702.6847546306,4882179.07478626,81298.0376414317,25.0,324019.0
2018S1,10,SP - Litoral Norte e Baixada Santista,SP,TOTAL,64938.5477591981,115303678.752437,196470.738665467,34470.0,70286380.0
2018S2,10,SP - Litoral Norte e Baixada Santista,SP,APP,43334.3850343102,1603790.174593,19755.0690924956,1.0,1546.0
2018S2,10,SP - Litoral Norte e Baixada Santista,SP,CASCO,65701.4583893265,92383148.7774231,38290.738415737,29942.0,59832493.0
2018S2,10,SP - Litoral Norte e Baixada Santista,SP,RCDM,62855.1187304314,18740514.7885683,73540.2520072334,2621.0,15096693.0
2018S2,10,SP - Litoral Norte e Baixada Santista,SP,RCDP,62333.3872341961,5003855.39570736,81464.9736043948,31.0,284135.0
2018S2,10,SP - Litoral Norte e Baixada Santista,SP,TOTAL,67371.2391693946,117714599.596221,196460.452392347,32595.0,75214867.0
2019S1,10,SP - Litoral Norte e Baixada Santista,SP,APP,43555.3121969602,1632837.36872844,21324.6088507101,,
2019S1,10,SP - Litoral Norte e Baixada Santista,SP,CASCO,65750.7422710801,92247473.9876786,40404.8399722772,33276.0,64424924.0
2019S1,10,SP - Litoral Norte e Baixada Santista,SP,RCDM,62824.6052944404,18588271.0727236,76665.954711592,2547.0,16365055.0
2019S1,10,SP - Litoral Norte e Baixada Santista,SP,RCDP,62178.5203642556,4976286.68889778,85426.2720384725,59.0,408384.0
2019S1,10,SP - Litoral Norte e Baixada Santista,SP,TOTAL,67878.3915807609,117428409.092423,204962.672899307,35882.0,81198363.0
2019S2,10,SP - Litoral Norte e Baixada Santista,SP,APP,43973.5740136537,1737856.72808671,24267.8089741339,5.0,37900.0
2019S2,10,SP - Litoral Norte e Baixada Santista,SP,CASCO,68543.0774680348,98867495.9139262,40078.9604337407,30491.0,70885216.0
2019S2,10,SP - Litoral Norte e Baixada Santista,SP,RCDM,63498.6611341322,20214257.1614401,78203.2780479851,2800.0,19098539.0
2019S2,10,SP - Litoral Norte e Baixada Santista,SP,RCDP,62883.7104652952,4980781.51011656,88483.1489387526,22.0,221058.0
2019S2,10,SP - Litoral Norte e Baixada Santista,SP,TOTAL,70451.4253646112,125784108.580829,205171.640230305,33318.0,90242713.0
2020S1,10,SP - Litoral Norte e Baixada Santista,SP,APP,27887.4847186124,925579.226235991,23300.6386128693,5.0,240000.0
2020S1,10,SP - Litoral Norte e Baixada Santista,SP,CASCO,64529.8733525006,90408911.0763935,38846.4385573415,26037.0,79207870.0
2020S1,10,SP - Litoral Norte e Baixada Santista,SP,RCDM,38594.5312568583,12087887.6567095,76910.8223074574,2282.0,15059068.0
2020S1,10,SP - Litoral Norte e Baixada Santista,SP,RCDP,38254.0956402472,3572845.71550381,89412.6984934792,19.0,361025.0
2020S1,10,SP - Litoral Norte e Baixada Santista,SP,TOTAL,66111.1254031784,106987135.269753,145648.241952709,28343.0,94867963.0
2020S2,10,SP - Litoral Norte e Baixada Santista,SP,APP,34310.7113032728,1205683.17006321,26021.7289212526,5.0,14987.0
2020S2,10,SP - Litoral Norte e Baixada Santista,SP,CASCO,54713.0560115669,77467285.1431858,37884.492679478,62846.0,82716550.0
2020S2,10,SP - Litoral Norte e Baixada Santista,SP,RCDM,46556.0534592732,15813559.1479124,79138.0440802254,3055.0,19872917.0
2020S2,10,SP - Litoral Norte e Baixada Santista,SP,RCDP,46106.3931976235,4213277.25915959,92407.4231664284,28.0,305929.0
2020S2,10,SP - Litoral Norte e Baixada Santista,SP,TOTAL,56262.8559753764,98691821.2436525,195291.282781121,65934.0,102910383.0
2016S1,11,SP - Met. de São Paulo,SP,APP,824237.600048091,33434747.7471655,22767.2877313734,62.0,751965.0
2016S1,11,SP - Met. de São Paulo,SP,CASCO,1492933.57552759,2254828391.27219,38004.0635910127,737592.0,1454780330.0
2016S1,11,SP - Met. de São Paulo,SP,RCDM,1522197.01182435,431748598.789335,103574.466289511,73692.0,344563005.0
2016S1,11,SP - Met. de São Paulo,SP,RCDP,1520848.62025957,122060516.289966,111058.37986809,299.0,2721759.0
2016S1,11,SP - Met. de São Paulo,SP,TOTAL,1602086.1856857,2840665383.2797,251973.052870352,811645.0,1802817059.0
2016S2,11,SP - Met. de São Paulo,SP,APP,841371.485718489,32223325.0385781,23382.3275807791,84.0,626082.0
2016S2,11,SP - Met. de São Paulo,SP,CASCO,1636770.64518883,2259723499.26645,36935.4527738646,718268.0,1410968640.0
2016S2,11,SP - Met. de São Paulo,SP,RCDM,1527822.13074364,444564815.52266,110950.171655645,74568.0,358446214.0
2016S2,11,SP - Met. de São Paulo,SP,RCDP,1527556.27063357,119955593.288226,118638.269418817,293.0,2212527.0
2016S2,11,SP - Met. de São Paulo,SP,TOTAL,1749241.81134601,2855401907.04143,247255.730984627,793213.0,1772253463.0
2017S1,11,SP - Met. de São Paulo,SP,APP,806985.951186587,30835869.1758616,23984.9469051985,69.0,450538.0
2017S1,11,SP - Met. de São Paulo,SP,CASCO,1448834.51917607,2201182440.03784,38159.6563249374,801297.0,1396967265.0
2017S1,11,SP - Met. de São Paulo,SP,RCDM,1449732.23459598,439713650.077177,110774.782004957,70271.0,351034091.0
2017S1,11,SP - Met. de São Paulo,SP,RCDP,1445740.32775404,110174527.188378,117678.465138692,422.0,3668616.0
2017S1,11,SP - Met. de São Paulo,SP,TOTAL,1559938.22066979,2780841170.2174,260732.072532548,872059.0,1752120510.0
2017S2,11,SP - Met. de São Paulo,SP,APP,846711.790164961,35206971.5857472,24334.7984051252,43.0,586639.0
2017S2,11,SP - Met. de São Paulo,SP,CASCO,1504328.09224928,2333871896.11864,38249.6771319957,713879.0,1350771267.0
2017S2,11,SP - Met. de São Paulo,SP,RCDM,1470063.17596208,469395983.282032,114379.180118591,71310.0,366128951.0
2017S2,11,SP - Met. de São Paulo,SP,RCDP,1467831.39519125,114151445.578982,118570.587457682,550.0,5407802.0
2017S2,11,SP - Met. de São Paulo,SP,TOTAL,1625049.21447601,2951616882.07997,259671.766772147,785782.0,1722894659.0
2018S1,11,SP - Met. de São Paulo,SP,APP,890770.86062867,35634949.4439759,25451.2935737889,17.0,100592.0
2018S1,11,SP - Met. de São Paulo,SP,CASCO,1533129.26446935,2393568629.67429,39697.5215235107,747923.0,1378904462.0
2018S1,11,SP - Met. de São Paulo,SP,RCDM,1510221.75790159,486646189.299364,113256.90798649,64549.0,330574975.0
2018S1,11,SP - Met. de São Paulo,SP,RCDP,1508318.95245685,113132869.447628,117678.639401201,647.0,5548175.0
2018S1,11,SP - Met. de São Paulo,SP,TOTAL,1668714.48097432,3028377691.31816,260469.404111098,813136.0,1715128204.0
2018S2,11,SP - Met. de São Paulo,SP,APP,996193.727823889,37092684.1453461,24029.7974421253,104.0,1196122.0
2018S2,11,SP - Met. de São Paulo,SP,CASCO,1607307.35065862,2549070167.83032,41970.5388349457,735442.0,1497267763.0
2018S2,11,SP - Met. de São Paulo,SP,RCDM,1625777.36021976,525692787.506756,107757.315718481,70672.0,376698504.0
2018S2,11,SP - Met. de São Paulo,SP,RCDP,1617580.66730775,161641871.039191,116889.930595825,755.0,6831829.0
2018S2,11,SP - Met. de São Paulo,SP,TOTAL,1752836.3575327,3272869457.2725,261689.043529953,806973.0,1881994218.0
2019S1,11,SP - Met. de São Paulo,SP,APP,932600.69875729,37481761.3326126,28752.0392592972,41.0,279417.0
2019S1,11,SP - Met. de São Paulo,SP,CASCO,1453609.46980284,2298392023.44415,45298.9418017296,738819.0,1489919634.0
2019S1,11,SP - Met. de São Paulo,SP,RCDM,1501246.95210582,479422382.704642,119433.257212656,70574.0,403734125.0
2019S1,11,SP - Met. de São Paulo,SP,RCDP,1488195.05898923,120019051.331078,127099.38689225,1776.0,12325971.0
2019S1,11,SP - Met. de São Paulo,SP,TOTAL,1601184.42581014,2934839218.30443,290137.170110091,811210.0,1906259147.0
2019S2,11,SP - Met. de São Paulo,SP,APP,928363.444555108,39609298.5835197,29821.515790932,53.0,808938.0
2019S2,11,SP - Met. de São Paulo,SP,CASCO,1516802.86844012,2416728594.00012,44840.6375561479,688235.0,1600661374.0
2019S2,11,SP - Met. de São Paulo,SP,RCDM,1472112.01965883,504338924.445273,128612.893800268,73704.0,417191114.0
2019S2,11,SP - Met. de São Paulo,SP,RCDP,1461837.61456587,121733651.003514,134439.954266802,734.0,7116318.0
2019S2,11,SP - Met. de São Paulo,SP,TOTAL,1658697.41757618,3081931296.16058,291324.804848542,762726.0,2025777744.0
2020S1,11,SP - Met. de São Paulo,SP,APP,484902.495243859,16964151.2613338,31413.3210946163,34.0,355639.0
2020S1,11,SP - Met. de São Paulo,SP,CASCO,1327608.295686,2044703874.89623,45369.0384411789,445563.0,1167781853.0
2020S1,11,SP - Met. de São Paulo,SP,RCDM,732945.168419188,221841403.129628,144574.497784368,38418.0,233983969.0
2020S1,11,SP - Met. de São Paulo,SP,RCDP,735393.65338375,75694017.432802,148046.136982677,531.0,4028385.0
2020S1,11,SP - Met. de São Paulo,SP,TOTAL,1441268.67893479,2359003517.81756,202673.380094364,484546.0,1406149846.0
2020S2,11,SP - Met. de São Paulo,SP,APP,594084.391664397,22297494.3013025,37712.0310557829,54.0,862942.0
2020S2,11,SP - Met. de São Paulo,SP,CASCO,979071.471517797,1406417180.26988,40631.9563955904,915981.0,1442595828.0
2020S2,11,SP - Met. de São Paulo,SP,RCDM,897799.971860883,286323852.718238,144040.014698219,56888.0,336346821.0
2020S2,11,SP - Met. de São Paulo,SP,RCDP,902844.561127767,87837552.0348164,149079.793306372,790.0,10942859.0
2020S2,11,SP - Met. de São Paulo,SP,TOTAL,1091187.85982505,1802612678.10815,301585.710155646,973713.0,1790748450.0
2016S1,12,SP - Grande Campinas,SP,APP,151131.149912016,5405269.26372168,22135.7154595026,9.0,83677.0
2016S1,12,SP - Grande Campinas,SP,CASCO,262051.656466024,343004841.186741,36329.7143828182,74906.0,256946804.0
2016S1,12,SP - Grande Campinas,SP,RCDM,264007.505720778,67072360.5199199,85652.6308918005,14835.0,67952714.0
2016S1,12,SP - Grande Campinas,SP,RCDP,263453.193409344,28203751.9358201,103616.376160263,67.0,548745.0
2016S1,12,SP - Grande Campinas,SP,TOTAL,271022.743915325,443470985.728393,232837.394524155,89817.0,325531940.0
2016S2,12,SP - Grande Campinas,SP,APP,160369.19546711,5558645.87038513,24547.8642845141,8.0,47910.0
2016S2,12,SP - Grande Campinas,SP,CASCO,316627.318628817,422183674.011591,37150.1697306303,93530.0,245037198.0
2016S2,12,SP - Grande Campinas,SP,RCDM,307672.343316202,80551721.8231182,81955.1363014505,14805.0,68069350.0
2016S2,12,SP - Grande Campinas,SP,RCDP,307274.420044803,46353204.1892416,102708.735448715,80.0,548159.0
2016S2,12,SP - Grande Campinas,SP,TOTAL,324669.523956339,554378551.203215,224320.996771783,108423.0,313702617.0
2017S1,12,SP - Grande Campinas,SP,APP,157294.492661493,5672079.86230667,24619.4202659799,11.0,51434.0
2017S1,12,SP - Grande Campinas,SP,CASCO,300653.379781821,415889526.775436,38107.0001143764,111375.0,308754188.0
2017S1,12,SP - Grande Campinas,SP,RCDM,300124.133220898,79373037.5835895,81952.9433139733,16849.0,82664715.0
2017S1,12,SP - Grande Campinas,SP,RCDP,299541.768841069,44869689.6521496,103851.894880447,184.0,1299372.0
2017S1,12,SP - Grande Campinas,SP,TOTAL,308456.766078603,545524956.107422,231252.164685688,128419.0,392769709.0
2017S2,12,SP - Grande Campinas,SP,APP,167132.302097879,6630652.75970583,23873.1245880904,13.0,185327.0
2017S2,12,SP - Grande Campinas,SP,CASCO,277682.537566574,382636482.768905,37825.1477475376,82559.0,282533020.0
2017S2,12,SP - Grande Campinas,SP,RCDM,276349.636284602,77364629.5046896,89983.6298664048,16396.0,80501903.0
2017S2,12,SP - Grande Campinas,SP,RCDP,277120.203378782,26827371.2047131,108572.518981109,206.0,1809939.0
2017S2,12,SP - Grande Campinas,SP,TOTAL,287618.836021827,493247479.218022,242661.592268587,99174.0,365030189.0
2018S1,12,SP - Grande Campinas,SP,APP,173357.678952632,6808549.18375108,24773.1667111024,1.0,4.0
2018S1,12,SP - Grande Campinas,SP,CASCO,280003.106053357,373388452.572381,38535.1587035184,78061.0,233064526.0
2018S1,12,SP - Grande Campinas,SP,RCDM,277727.122496623,126917539.230737,92002.5651919546,13269.0,66825873.0
2018S1,12,SP - Grande Campinas,SP,RCDP,277137.097839485,41789012.212809,108933.822195733,106.0,824997.0
2018S1,12,SP - Grande Campinas,SP,TOTAL,289068.486858799,548770888.897413,246965.945469358,91437.0,300715400.0
2018S2,12,SP - Grande Campinas,SP,APP,178604.446931041,6966762.13843438,25641.4933737181,17.0,303259.0
2018S2,12,SP - Grande Campinas,SP,CASCO,290244.271163954,381741308.848157,40314.8010303077,79651.0,269046451.0
2018S2,12,SP - Grande Campinas,SP,RCDM,286506.21098101,84440594.4606295,93599.6015513138,14531.0,76454453.0
2018S2,12,SP - Grande Campinas,SP,RCDP,285951.345233797,23922670.1690499,110116.285247372,121.0,1159346.0
2018S2,12,SP - Grande Campinas,SP,TOTAL,299959.654514894,496935914.156243,250750.982845522,94320.0,346963509.0
2019S1,12,SP - Grande Campinas,SP,APP,182365.095351471,7071477.8920433,27571.0560652023,8.0,65312.0
2019S1,12,SP - Grande Campinas,SP,CASCO,290722.363527552,383411783.610235,43167.8594537024,85195.0,287183111.0
2019S1,12,SP - Grande Campinas,SP,RCDM,286636.237517411,83758711.2841018,100684.441022612,15708.0,86395906.0
2019S1,12,SP - Grande Campinas,SP,RCDP,284662.536153746,24150710.2085373,116173.756502058,349.0,2407568.0
2019S1,12,SP - Grande Campinas,SP,TOTAL,301109.462138553,498301897.343288,266514.866496521,101260.0,376051897.0
2019S2,12,SP - Grande Campinas,SP,APP,181800.287760173,7484599.0297913,29679.0741037703,16.0,263767.0
2019S2,12,SP - Grande Campinas,SP,CASCO,291141.101140395,395491349.29876,43836.9851376609,87539.0,336695834.0
2019S2,12,SP - Grande Campinas,SP,RCDM,286553.065687596,87890763.0316893,101923.146037963,17637.0,100466056.0
2019S2,12,SP - Grande Campinas,SP,RCDP,284912.5890146,24588198.4065486,119831.492705307,134.0,2555088.0
2019S2,12,SP - Grande Campinas,SP,TOTAL,301708.117392633,515327376.864249,272066.981110229,105326.0,439980745.0
2020S1,12,SP - Grande Campinas,SP,APP,109849.432189038,3836823.40299793,27705.7117750574,10.0,194634.0
2020S1,12,SP - Grande Campinas,SP,CASCO,247235.471771516,328732572.774845,44302.2916554946,60920.0,222713209.0
2020S1,12,SP - Grande Campinas,SP,RCDM,165733.155296691,50052173.7654578,103081.466187148,9245.0,55943687.0
2020S1,12,SP - Grande Campinas,SP,RCDP,164788.486805858,17449871.2245058,125814.624030225,67.0,723590.0
2020S1,12,SP - Grande Campinas,SP,TOTAL,255532.745724468,400029139.94003,205873.053142608,70242.0,279575120.0
2020S2,12,SP - Grande Campinas,SP,APP,143726.220605952,5293932.4100849,37005.9530016332,13.0,152002.0
2020S2,12,SP - Grande Campinas,SP,CASCO,223394.443158117,291959630.83414,43087.1095464306,112489.0,268268603.0
2020S2,12,SP - Grande Campinas,SP,RCDM,215040.33656304,67571961.2966446,109102.757030012,12482.0,72748711.0
2020S2,12,SP - Grande Campinas,SP,RCDP,214386.125625347,21342133.4119421,128954.58788002,88.0,1024898.0
2020S2,12,SP - Grande Campinas,SP,TOTAL,232187.374511216,386127351.525544,288348.175340632,125072.0,342194214.0
2016S1,13,SP - Ribeirão Preto e Demais Mun. de Campinas,SP,APP,620322.067009323,26778340.8521326,25940.2746271202,68.0,828968.0
2016S1,13,SP - Ribeirão Preto e Demais Mun. de Campinas,SP,CASCO,933497.428254311,1106062785.38884,38613.173230444,216696.0,792822372.0
2016S1,13,SP - Ribeirão Preto e Demais Mun. de Campinas,SP,RCDM,952405.378617569,225018134.783406,98404.1971836932,45971.0,192853516.0
2016S1,13,SP - Ribeirão Preto e Demais Mun. de Campinas,SP,RCDP,951168.293756387,102295117.862588,139118.17077944,301.0,2730964.0
2016S1,13,SP - Ribeirão Preto e Demais Mun. de Campinas,SP,TOTAL,980193.260201682,1458935540.01221,285854.828334707,263036.0,989235820.0
2016S2,13,SP - Ribeirão Preto e Demais Mun. de Campinas,SP,APP,631589.955164034,27227628.3143288,28147.2873469698,73.0,802200.0
2016S2,13,SP - Ribeirão Preto e Demais Mun. de Campinas,SP,CASCO,966334.759896377,1128120872.07745,38793.3682003374,213637.0,773314555.0
2016S2,13,SP - Ribeirão Preto e Demais Mun. de Campinas,SP,RCDM,978450.178688106,229158939.5543,100738.599114747,46563.0,199767449.0
2016S2,13,SP - Ribeirão Preto e Demais Mun. de Campinas,SP,RCDP,977112.754092516,104764169.691428,142522.561586275,325.0,3343520.0
2016S2,13,SP - Ribeirão Preto e Demais Mun. de Campinas,SP,TOTAL,1010689.515167,1488633025.79763,291419.071945552,260598.0,977227724.0
2017S1,13,SP - Ribeirão Preto e Demais Mun. de Campinas,SP,APP,613945.992584498,27834889.7217349,29869.6853321747,71.0,662573.0
2017S1,13,SP - Ribeirão Preto e Demais Mun. de Campinas,SP,CASCO,920674.501201036,1097529029.63197,39097.6087720547,218743.0,761310168.0
2017S1,13,SP - Ribeirão Preto e Demais Mun. de Campinas,SP,RCDM,937593.536827907,221686047.863261,100848.812464592,45461.0,203442718.0
2017S1,13,SP - Ribeirão Preto e Demais Mun. de Campinas,SP,RCDP,936186.972450193,96849331.7032097,142622.079846462,408.0,3482358.0
2017S1,13,SP - Ribeirão Preto e Demais Mun. de Campinas,SP,TOTAL,963990.147720088,1443358884.5801,295123.622106778,264683.0,968897817.0
2017S2,13,SP - Ribeirão Preto e Demais Mun. de Campinas,SP,APP,636405.015417649,31542114.6675439,31247.4316449115,51.0,744768.0
2017S2,13,SP - Ribeirão Preto e Demais Mun. de Campinas,SP,CASCO,952462.85052117,1184332922.0993,39891.9612105717,206973.0,790051402.0
2017S2,13,SP - Ribeirão Preto e Demais Mun. de Campinas,SP,RCDM,968781.436454731,239664249.891678,102311.031379911,47601.0,218098743.0
2017S2,13,SP - Ribeirão Preto e Demais Mun. de Campinas,SP,RCDP,970196.529543047,101090605.182566,144670.491363407,366.0,4050252.0
2017S2,13,SP - Ribeirão Preto e Demais Mun. de Campinas,SP,TOTAL,1001306.27407726,1556173720.54215,298592.087469742,254991.0,1012945165.0
2018S1,13,SP - Ribeirão Preto e Demais Mun. de Campinas,SP,APP,672363.721389576,32554967.1278224,32113.7635503685,50.0,701667.0
2018S1,13,SP - Ribeirão Preto e Demais Mun. de Campinas,SP,CASCO,995758.221799979,1231651418.7562,40645.2402657627,217968.0,774008743.0
2018S1,13,SP - Ribeirão Preto e Demais Mun. de Campinas,SP,RCDM,1008729.46292481,257612118.073695,102053.521753557,43507.0,205330894.0
2018S1,13,SP - Ribeirão Preto e Demais Mun. de Campinas,SP,RCDP,1007997.92046228,101795809.246925,140864.403685418,401.0,4302241.0
2018S1,13,SP - Ribeirão Preto e Demais Mun. de Campinas,SP,TOTAL,1041964.19162311,1623212175.44528,296752.844101024,261926.0,984343545.0
2018S2,13,SP - Ribeirão Preto e Demais Mun. de Campinas,SP,APP,693379.692865293,32549568.8999861,32849.6455472025,83.0,1020408.0
2018S2,13,SP - Ribeirão Preto e Demais Mun. de Campinas,SP,CASCO,1030094.58223533,1272118684.80519,42426.3112273996,229605.0,854673688.0
2018S2,13,SP - Ribeirão Preto e Demais Mun. de Campinas,SP,RCDM,1039871.60933116,271557764.762383,103424.76515953,46649.0,229574552.0
2018S2,13,SP - Ribeirão Preto e Demais Mun. de Campinas,SP,RCDP,1038378.72166579,107949491.057166,142042.206411551,403.0,5533726.0
2018S2,13,SP - Ribeirão Preto e Demais Mun. de Campinas,SP,TOTAL,1075430.94554329,1683768516.52322,301310.911920154,276740.0,1090802374.0
2019S1,13,SP - Ribeirão Preto e Demais Mun. de Campinas,SP,APP,700165.332174912,31944160.8640409,35869.0507567205,63.0,948605.0
2019S1,13,SP - Ribeirão Preto e Demais Mun. de Campinas,SP,CASCO,1036070.98321461,1281082796.89886,45280.3365827484,254104.0,867760237.0
2019S1,13,SP - Ribeirão Preto e Demais Mun. de Campinas,SP,RCDM,1048518.45720826,271412711.172065,109272.823071535,46804.0,249104440.0
2019S1,13,SP - Ribeirão Preto e Demais Mun. de Campinas,SP,RCDP,1044793.7969431,109801176.163646,148814.883204127,758.0,5961905.0
2019S1,13,SP - Ribeirão Preto e Demais Mun. de Campinas,SP,TOTAL,1084260.29000154,1693883537.31552,318212.358607226,301729.0,1123775187.0
2019S2,13,SP - Ribeirão Preto e Demais Mun. de Campinas,SP,APP,692212.511147797,32508043.4272572,38335.7445561939,112.0,2839735.0
2019S2,13,SP - Ribeirão Preto e Demais Mun. de Campinas,SP,CASCO,1025991.74020902,1298440651.00214,45939.2722637846,262392.0,979022143.0
2019S2,13,SP - Ribeirão Preto e Demais Mun. de Campinas,SP,RCDM,1034350.65790956,274919659.918768,111493.14119045,51479.0,274698697.0
2019S2,13,SP - Ribeirão Preto e Demais Mun. de Campinas,SP,RCDP,1030916.30455844,104836561.118102,152275.023041432,364.0,5487492.0
2019S2,13,SP - Ribeirão Preto e Demais Mun. de Campinas,SP,TOTAL,1068754.53382254,1710330687.68927,326092.003518374,314347.0,1262048067.0
2020S1,13,SP - Ribeirão Preto e Demais Mun. de Campinas,SP,APP,444427.97554363,19047939.4560425,36248.8630639023,61.0,842351.0
2020S1,13,SP - Ribeirão Preto e Demais Mun. de Campinas,SP,CASCO,897238.395360417,1112637676.62412,45539.2816004869,196650.0,713048577.0
2020S1,13,SP - Ribeirão Preto e Demais Mun. de Campinas,SP,RCDM,653545.90074777,171651263.591664,113804.900051844,31348.0,172365698.0
2020S1,13,SP - Ribeirão Preto e Demais Mun. de Campinas,SP,RCDP,651622.418558881,78698606.9734257,157262.497091209,251.0,3766036.0
2020S1,13,SP - Ribeirão Preto e Demais Mun. de Campinas,SP,TOTAL,932565.869244464,1381922413.22312,252309.313522579,228310.0,890022662.0
2020S2,13,SP - Ribeirão Preto e Demais Mun. de Campinas,SP,APP,591624.397164483,26862526.7088881,45219.0184850747,77.0,1239914.0
2020S2,13,SP - Ribeirão Preto e Demais Mun. de Campinas,SP,CASCO,839790.272833463,1073289415.69252,47389.8788399735,344598.0,971015778.0
2020S2,13,SP - Ribeirão Preto e Demais Mun. de Campinas,SP,RCDM,836427.163414985,231853403.795477,116514.620157522,43720.0,247873136.0
2020S2,13,SP - Ribeirão Preto e Demais Mun. de Campinas,SP,RCDP,835824.673033752,98507544.324968,161709.203546489,381.0,5955827.0
2020S2,13,SP - Ribeirão Preto e Demais Mun. de Campinas,SP,TOTAL,872384.880428713,1430344998.30049,345011.025082451,388776.0,1226084655.0
2016S1,14,MG - Triângulo mineiro,MG,APP,122851.135589063,5422129.04098183,35109.7267447951,12.0,150952.0
2016S1,14,MG - Triângulo mineiro,MG,CASCO,154821.194796198,205029023.20372,41291.8726031608,37742.0,156351229.0
2016S1,14,MG - Triângulo mineiro,MG,RCDM,168148.837936828,41407432.7879272,98002.2370411957,7626.0,36159208.0
2016S1,14,MG - Triângulo mineiro,MG,RCDP,167361.2078534,20525710.2727104,138273.172682487,89.0,869119.0
2016S1,14,MG - Triângulo mineiro,MG,TOTAL,173218.758396639,272306065.818506,292268.364489403,45469.0,193530508.0
2016S2,14,MG - Triângulo mineiro,MG,APP,122526.098210189,5401741.39173131,38020.1051178384,17.0,108454.0
2016S2,14,MG - Triângulo mineiro,MG,CASCO,157978.968517681,205486728.570789,41495.1764778135,39046.0,178628011.0
2016S2,14,MG - Triângulo mineiro,MG,RCDM,164481.81227781,41376646.9219828,101965.797794657,7922.0,38457770.0
2016S2,14,MG - Triângulo mineiro,MG,RCDP,163571.299983616,20517566.0862143,141149.1602485,80.0,726227.0
2016S2,14,MG - Triângulo mineiro,MG,TOTAL,170286.540953111,272724732.187259,302546.641982513,47065.0,217920462.0
2017S1,14,MG - Triângulo mineiro,MG,APP,119221.679071181,5547377.55110792,37499.5190782633,26.0,279511.0
2017S1,14,MG - Triângulo mineiro,MG,CASCO,151736.61869774,204570704.53873,41786.1928144752,37174.0,168218793.0
2017S1,14,MG - Triângulo mineiro,MG,RCDM,159570.835147873,41389943.9175949,101101.540052031,7680.0,38940336.0
2017S1,14,MG - Triângulo mineiro,MG,RCDP,158704.248848964,19640069.9077431,144528.088919062,123.0,1167872.0
2017S1,14,MG - Triângulo mineiro,MG,TOTAL,163782.933766414,271092390.348502,306194.330209963,45003.0,208606512.0
2017S2,14,MG - Triângulo mineiro,MG,APP,121250.679031445,6019002.00579541,37460.5091629604,22.0,332349.0
2017S2,14,MG - Triângulo mineiro,MG,CASCO,155188.445206999,219281194.537174,42718.1571559119,34162.0,164186511.0
2017S2,14,MG - Triângulo mineiro,MG,RCDM,163224.223171403,44320990.0498299,102174.204873891,8013.0,41145117.0
2017S2,14,MG - Triângulo mineiro,MG,RCDP,162711.69990116,20467437.7548329,150869.114685959,81.0,1006251.0
2017S2,14,MG - Triângulo mineiro,MG,TOTAL,169175.184679653,290015413.550278,311554.987770271,42278.0,206670228.0
2018S1,14,MG - Triângulo mineiro,MG,APP,120228.027063227,5963860.77458827,39093.3295474838,22.0,167075.0
2018S1,14,MG - Triângulo mineiro,MG,CASCO,153807.385873205,223694926.686568,44125.3046049514,33178.0,154669721.0
2018S1,14,MG - Triângulo mineiro,MG,RCDM,162764.28174948,45205967.9498092,101638.459682955,7084.0,37870800.0
2018S1,14,MG - Triângulo mineiro,MG,RCDP,162081.952984736,20144239.572491,144154.498310191,97.0,1006060.0
2018S1,14,MG - Triângulo mineiro,MG,TOTAL,167405.85982146,294951074.669967,308833.625891477,40381.0,193713656.0
2018S2,14,MG - Triângulo mineiro,MG,APP,124393.295307014,6268027.11431233,40548.4056095864,19.0,283378.0
2018S2,14,MG - Triângulo mineiro,MG,CASCO,159724.571053756,234244872.763058,45718.2504985919,34909.0,175417961.0
2018S2,14,MG - Triângulo mineiro,MG,RCDM,168148.79008879,48021271.58355,102268.061921947,7403.0,40840507.0
2018S2,14,MG - Triângulo mineiro,MG,RCDP,167208.277787803,21517201.0106103,149331.450796426,105.0,1277244.0
2018S2,14,MG - Triângulo mineiro,MG,TOTAL,173291.937923148,309993891.731759,316602.556236933,42436.0,217819090.0
2019S1,14,MG - Triângulo mineiro,MG,APP,122161.33936609,6294291.10595263,43853.6741703081,20.0,147832.0
2019S1,14,MG - Triângulo mineiro,MG,CASCO,156418.906385346,227601920.588911,49057.9560379521,36471.0,170370336.0
2019S1,14,MG - Triângulo mineiro,MG,RCDM,164572.980362813,47569406.8039152,107440.213638113,7327.0,44024991.0
2019S1,14,MG - Triângulo mineiro,MG,RCDP,163595.07899857,21348790.0480343,153573.374268289,146.0,1253192.0
2019S1,14,MG - Triângulo mineiro,MG,TOTAL,170370.306376884,302784894.936886,330007.570590265,43964.0,215796351.0
2019S2,14,MG - Triângulo mineiro,MG,APP,120463.032206375,6262567.54759979,45630.9229292199,31.0,533762.0
2019S2,14,MG - Triângulo mineiro,MG,CASCO,156416.006511794,227537179.378198,49612.6340005633,39864.0,185474783.0
2019S2,14,MG - Triângulo mineiro,MG,RCDM,159597.724289568,45701834.920309,109829.591084669,8019.0,50069496.0
2019S2,14,MG - Triângulo mineiro,MG,RCDP,158807.702405392,19406275.4381466,153085.368685183,79.0,1456133.0
2019S2,14,MG - Triângulo mineiro,MG,TOTAL,165062.68306816,298875333.168819,335587.510376637,47993.0,237534174.0
2020S1,14,MG - Triângulo mineiro,MG,APP,92074.0981932143,4951616.5891516,39221.7890679287,15.0,236757.0
2020S1,14,MG - Triângulo mineiro,MG,CASCO,139433.585498383,197949463.77558,49139.8090738057,34528.0,140077983.0
2020S1,14,MG - Triângulo mineiro,MG,RCDM,121137.966589177,33539262.2581027,110732.190684293,4986.0,33842712.0
2020S1,14,MG - Triângulo mineiro,MG,RCDP,120669.27070083,15903412.8802712,153671.847031141,67.0,1037809.0
2020S1,14,MG - Triângulo mineiro,MG,TOTAL,145710.695070809,252319351.863562,293171.293576503,39596.0,175195261.0
2020S2,14,MG - Triângulo mineiro,MG,APP,120738.520005289,6389874.01972645,45625.463495806,23.0,304739.0
2020S2,14,MG - Triângulo mineiro,MG,CASCO,150406.494565638,219973381.896358,51765.7286200695,44341.0,187565670.0
2020S2,14,MG - Triângulo mineiro,MG,RCDM,150240.174037193,43894328.6864147,116798.31917265,7015.0,46014465.0
2020S2,14,MG - Triângulo mineiro,MG,RCDP,150198.138433009,18468204.8683808,161883.846074403,56.0,841791.0
2020S2,14,MG - Triângulo mineiro,MG,TOTAL,156166.823219575,288702517.665885,359161.29405595,51435.0,234726665.0
2016S1,15,MG - Sul,MG,APP,86472.3064623317,3761212.51124191,36745.7270114336,13.0,104411.0
2016S1,15,MG - Sul,MG,CASCO,111822.842599561,135348731.144969,38131.0183806915,21280.0,97294720.0
2016S1,15,MG - Sul,MG,RCDM,112811.080917797,23446383.3570083,86292.8135279917,3836.0,19102814.0
2016S1,15,MG - Sul,MG,RCDP,112422.143944531,10615026.4732281,105114.99423044,38.0,395476.0
2016S1,15,MG - Sul,MG,TOTAL,116462.113716584,173127962.622959,250215.221273792,25167.0,116897421.0
2016S2,15,MG - Sul,MG,APP,89131.64141123,3731480.74271704,42527.1909990505,19.0,243458.0
2016S2,15,MG - Sul,MG,CASCO,117402.851628635,141793790.94614,38360.1285690179,22012.0,103019076.0
2016S2,15,MG - Sul,MG,RCDM,118002.065313661,24713048.5929789,85828.3800282227,4240.0,20756577.0
2016S2,15,MG - Sul,MG,RCDP,117649.136556499,10722250.6837097,106311.811005215,35.0,367184.0
2016S2,15,MG - Sul,MG,TOTAL,122166.618646759,180917922.395232,254507.50486345,26306.0,124386295.0
2017S1,15,MG - Sul,MG,APP,89769.1339641004,3830834.46888943,40982.4851121187,14.0,236451.0
2017S1,15,MG - Sul,MG,CASCO,117269.870863169,145435202.571432,38549.1096846776,22934.0,95590659.0
2017S1,15,MG - Sul,MG,RCDM,118255.517437438,24946922.1559995,87477.7873142875,4170.0,20925208.0
2017S1,15,MG - Sul,MG,RCDP,117908.432507486,10225505.8322452,107901.993183274,58.0,523616.0
2017S1,15,MG - Sul,MG,TOTAL,121966.851674032,184404664.715459,257381.734737931,27176.0,117275934.0
2017S2,15,MG - Sul,MG,APP,89335.989365906,4276035.39065986,42763.4035594895,8.0,84950.0
2017S2,15,MG - Sul,MG,CASCO,118317.391326939,152940695.056294,39360.5290990456,21587.0,102775659.0
2017S2,15,MG - Sul,MG,RCDM,119138.607753311,26233642.3165662,87629.1417315886,4480.0,22152276.0
2017S2,15,MG - Sul,MG,RCDP,119444.709115729,10609323.1229111,107728.818836599,39.0,355110.0
2017S2,15,MG - Sul,MG,TOTAL,124150.662433608,194032567.851716,257313.820307724,26114.0,125367995.0
2018S1,15,MG - Sul,MG,APP,89645.8846880808,4367428.56153474,44326.1577727714,8.0,48273.0
2018S1,15,MG - Sul,MG,CASCO,119864.914737927,155780616.667134,40500.9110020835,20908.0,96664466.0
2018S1,15,MG - Sul,MG,RCDM,120591.555830128,27123011.0778332,87823.9652458457,3880.0,20195389.0
2018S1,15,MG - Sul,MG,RCDP,120452.273640988,10532622.4747151,107832.982495334,33.0,361942.0
2018S1,15,MG - Sul,MG,TOTAL,125265.350342031,197770628.981962,260267.733864785,24829.0,117270070.0
2018S2,15,MG - Sul,MG,APP,91972.5480756797,4299391.07855439,45284.2151204575,10.0,113461.0
2018S2,15,MG - Sul,MG,CASCO,124600.440351774,161097273.741539,42044.7704031625,22945.0,107407136.0
2018S2,15,MG - Sul,MG,RCDM,124803.569112548,28243404.6430274,89821.1136476281,4280.0,23548571.0
2018S2,15,MG - Sul,MG,RCDP,124744.174595897,11189925.9784217,108716.815022145,39.0,532378.0
2018S2,15,MG - Sul,MG,TOTAL,130084.44296674,204792691.537644,264498.364165363,27274.0,131601546.0
2019S1,15,MG - Sul,MG,APP,91976.7887752703,4055046.36089367,46533.8680704121,5.0,191500.0
2019S1,15,MG - Sul,MG,CASCO,124850.988678571,161103399.482545,44465.007362993,26301.0,103689503.0
2019S1,15,MG - Sul,MG,RCDM,125309.292789606,28178214.6233731,94924.0463648644,4312.0,24575785.0
2019S1,15,MG - Sul,MG,RCDP,124784.944847235,11503478.0287394,113843.761180421,76.0,1049320.0
2019S1,15,MG - Sul,MG,TOTAL,130771.172228385,204807675.487298,277002.2924182,30694.0,129506108.0
2019S2,15,MG - Sul,MG,APP,96097.6328292568,4295941.74355426,48290.6273183201,18.0,244793.0
2019S2,15,MG - Sul,MG,CASCO,130541.248295543,169105427.075628,45432.224154846,31888.0,130352192.0
2019S2,15,MG - Sul,MG,RCDM,131113.908575109,29434218.5336538,97512.905898022,4825.0,27253641.0
2019S2,15,MG - Sul,MG,RCDP,130581.223658393,11605268.5323788,118613.059072571,24.0,461329.0
2019S2,15,MG - Sul,MG,TOTAL,136540.51392387,214405899.75085,286463.186372897,36755.0,158311955.0
2020S1,15,MG - Sul,MG,APP,59179.9695988996,2627753.1440136,40657.7019488478,10.0,245000.0
2020S1,15,MG - Sul,MG,CASCO,100481.344584732,128609934.982349,45120.6139941393,26887.0,98549656.0
2020S1,15,MG - Sul,MG,RCDM,81751.3037726856,18585506.2796039,111553.688242651,3327.0,18857327.0
2020S1,15,MG - Sul,MG,RCDP,81360.5777445682,8532064.51311009,125837.512158492,35.0,316560.0
2020S1,15,MG - Sul,MG,TOTAL,105536.489777384,158333674.466327,250566.326000705,30259.0,117968543.0
2020S2,15,MG - Sul,MG,APP,96461.6740785185,4502697.65599299,49332.3067715423,27.0,415140.0
2020S2,15,MG - Sul,MG,CASCO,127678.719859682,164807278.673086,47257.826098548,45389.0,142839458.0
2020S2,15,MG - Sul,MG,RCDM,126935.750042763,29587142.2925546,108633.347688885,5087.0,30449727.0
2020S2,15,MG - Sul,MG,RCDP,126359.892524276,11585635.766003,124474.652164432,41.0,616109.0
2020S2,15,MG - Sul,MG,TOTAL,132691.818395336,210454819.434367,305248.561556008,50544.0,174320434.0
2016S1,16,MG - Met.BH-Centro Oeste-Zona Mata-C. Vertentes,MG,APP,373738.746808151,14311126.7643943,33208.8151590495,48.0,558060.0
2016S1,16,MG - Met.BH-Centro Oeste-Zona Mata-C. Vertentes,MG,CASCO,467397.998461458,623628508.735743,39561.3241855057,128239.0,490845038.0
2016S1,16,MG - Met.BH-Centro Oeste-Zona Mata-C. Vertentes,MG,RCDM,505168.578745703,130902187.305243,101728.355129927,24242.0,112678361.0
2016S1,16,MG - Met.BH-Centro Oeste-Zona Mata-C. Vertentes,MG,RCDP,500713.622692533,62473043.8479064,111612.69387645,149.0,1560614.0
2016S1,16,MG - Met.BH-Centro Oeste-Zona Mata-C. Vertentes,MG,TOTAL,519097.608678661,831020998.578558,267548.412939746,152678.0,605642073.0
2016S2,16,MG - Met.BH-Centro Oeste-Zona Mata-C. Vertentes,MG,APP,389868.381726126,14223197.452602,36826.3557724969,50.0,403032.0
2016S2,16,MG - Met.BH-Centro Oeste-Zona Mata-C. Vertentes,MG,CASCO,463243.324240966,596699367.074684,39312.1184880902,111155.0,482356322.0
2016S2,16,MG - Met.BH-Centro Oeste-Zona Mata-C. Vertentes,MG,RCDM,516385.088346923,128731594.881553,107574.609507193,25021.0,116595970.0
2016S2,16,MG - Met.BH-Centro Oeste-Zona Mata-C. Vertentes,MG,RCDP,513729.913088475,52836506.6658082,124278.178184918,125.0,1125988.0
2016S2,16,MG - Met.BH-Centro Oeste-Zona Mata-C. Vertentes,MG,TOTAL,533871.299053485,792220766.235713,286150.522671074,136351.0,600481312.0
2017S1,16,MG - Met.BH-Centro Oeste-Zona Mata-C. Vertentes,MG,APP,361631.207060535,14420838.9055219,41484.8010821609,45.0,500556.0
2017S1,16,MG - Met.BH-Centro Oeste-Zona Mata-C. Vertentes,MG,CASCO,435955.206817054,585618972.907115,39802.9230785326,110169.0,445613195.0
2017S1,16,MG - Met.BH-Centro Oeste-Zona Mata-C. Vertentes,MG,RCDM,493910.875266374,125370242.27657,110068.003330461,23593.0,115705430.0
2017S1,16,MG - Met.BH-Centro Oeste-Zona Mata-C. Vertentes,MG,RCDP,491599.987602986,50034259.5886476,129014.644523634,193.0,1942593.0
2017S1,16,MG - Met.BH-Centro Oeste-Zona Mata-C. Vertentes,MG,TOTAL,507326.469754081,775217406.066735,297247.571462403,134000.0,563761774.0
2017S2,16,MG - Met.BH-Centro Oeste-Zona Mata-C. Vertentes,MG,APP,385487.49700267,16001374.2814986,40086.1041009988,44.0,1086952.0
2017S2,16,MG - Met.BH-Centro Oeste-Zona Mata-C. Vertentes,MG,CASCO,492567.075164079,719339615.250329,41359.4997995817,129193.0,485199190.0
2017S2,16,MG - Met.BH-Centro Oeste-Zona Mata-C. Vertentes,MG,RCDM,549332.189832673,147497615.970907,108037.070407625,25087.0,128143102.0
2017S2,16,MG - Met.BH-Centro Oeste-Zona Mata-C. Vertentes,MG,RCDP,547736.085746467,78888837.4974631,127904.671813801,159.0,1680691.0
2017S2,16,MG - Met.BH-Centro Oeste-Zona Mata-C. Vertentes,MG,TOTAL,564740.668965477,961467582.699436,293792.617453446,154483.0,616109935.0
2018S1,16,MG - Met.BH-Centro Oeste-Zona Mata-C. Vertentes,MG,APP,371336.881078084,15940832.4795488,39951.430099713,41.0,627628.0
2018S1,16,MG - Met.BH-Centro Oeste-Zona Mata-C. Vertentes,MG,CASCO,497005.348852195,745884731.689477,42807.1930395452,121190.0,428330238.0
2018S1,16,MG - Met.BH-Centro Oeste-Zona Mata-C. Vertentes,MG,RCDM,545660.573360678,151385712.706101,110295.147978953,20823.0,105125336.0
2018S1,16,MG - Met.BH-Centro Oeste-Zona Mata-C. Vertentes,MG,RCDP,543487.967890463,86336448.0701506,127303.521931181,178.0,2470631.0
2018S1,16,MG - Met.BH-Centro Oeste-Zona Mata-C. Vertentes,MG,TOTAL,559633.102098417,999345628.590198,297049.739846524,142232.0,536553833.0
2018S2,16,MG - Met.BH-Centro Oeste-Zona Mata-C. Vertentes,MG,APP,374473.231078852,15942226.5960474,40291.4350971519,42.0,708949.0
2018S2,16,MG - Met.BH-Centro Oeste-Zona Mata-C. Vertentes,MG,CASCO,457281.677687396,659985894.706993,43610.4110104426,101085.0,424158800.0
2018S2,16,MG - Met.BH-Centro Oeste-Zona Mata-C. Vertentes,MG,RCDM,501167.151323661,139472828.860299,115160.801379122,21769.0,115217196.0
2018S2,16,MG - Met.BH-Centro Oeste-Zona Mata-C. Vertentes,MG,RCDP,498508.107551904,57810991.3892668,126887.062984165,205.0,2087617.0
2018S2,16,MG - Met.BH-Centro Oeste-Zona Mata-C. Vertentes,MG,TOTAL,516486.027701126,873044870.140731,303561.246143851,123101.0,542172562.0
2019S1,16,MG - Met.BH-Centro Oeste-Zona Mata-C. Vertentes,MG,APP,368629.678230834,15358078.8642314,42088.2943486509,42.0,671092.0
2019S1,16,MG - Met.BH-Centro Oeste-Zona Mata-C. Vertentes,MG,CASCO,482335.910980933,701842389.020802,46291.3159601511,131319.0,436864805.0
2019S1,16,MG - Met.BH-Centro Oeste-Zona Mata-C. Vertentes,MG,RCDM,523571.354642167,144482604.43355,115645.041001999,21571.0,122061663.0
2019S1,16,MG - Met.BH-Centro Oeste-Zona Mata-C. Vertentes,MG,RCDP,520680.173835024,75853661.3304403,129011.523863916,321.0,3057128.0
2019S1,16,MG - Met.BH-Centro Oeste-Zona Mata-C. Vertentes,MG,TOTAL,543848.034048348,937419728.182904,305976.563734208,153253.0,562654688.0
2019S2,16,MG - Met.BH-Centro Oeste-Zona Mata-C. Vertentes,MG,APP,363115.55979634,15184012.1623151,43630.15794534,59.0,1073385.0
2019S2,16,MG - Met.BH-Centro Oeste-Zona Mata-C. Vertentes,MG,CASCO,489889.238815762,703384615.044296,47234.910182038,117470.0,469855233.0
2019S2,16,MG - Met.BH-Centro Oeste-Zona Mata-C. Vertentes,MG,RCDM,534107.561934553,148273701.98505,117460.276522282,23823.0,138502594.0
2019S2,16,MG - Met.BH-Centro Oeste-Zona Mata-C. Vertentes,MG,RCDP,531952.934622941,87698093.7256601,131262.842892937,199.0,2749342.0
2019S2,16,MG - Met.BH-Centro Oeste-Zona Mata-C. Vertentes,MG,TOTAL,551628.797162549,954432791.379029,312188.864924796,141551.0,612180554.0
2020S1,16,MG - Met.BH-Centro Oeste-Zona Mata-C. Vertentes,MG,APP,259925.513868061,10835788.955562,37702.5416290363,33.0,708548.0
2020S1,16,MG - Met.BH-Centro Oeste-Zona Mata-C. Vertentes,MG,CASCO,457446.773052472,622802494.159204,47739.0150971401,115994.0,402104509.0
2020S1,16,MG - Met.BH-Centro Oeste-Zona Mata-C. Vertentes,MG,RCDM,435080.25054686,122333451.010498,117690.2212869,13592.0,85024334.0
2020S1,16,MG - Met.BH-Centro Oeste-Zona Mata-C. Vertentes,MG,RCDP,433461.491643121,105290104.273633,136162.989271042,122.0,1461120.0
2020S1,16,MG - Met.BH-Centro Oeste-Zona Mata-C. Vertentes,MG,TOTAL,510905.145519539,861210292.024451,278867.096053987,129741.0,489298511.0
2020S2,16,MG - Met.BH-Centro Oeste-Zona Mata-C. Vertentes,MG,APP,385540.669665591,16422325.9729528,42080.112898349,39.0,664540.0
2020S2,16,MG - Met.BH-Centro Oeste-Zona Mata-C. Vertentes,MG,CASCO,509231.248062507,703800769.434712,48248.2559248138,160634.0,495745493.0
2020S2,16,MG - Met.BH-Centro Oeste-Zona Mata-C. Vertentes,MG,RCDM,547087.171302151,150695315.395779,119221.9956834,20819.0,127772253.0
2020S2,16,MG - Met.BH-Centro Oeste-Zona Mata-C. Vertentes,MG,RCDP,545557.06451225,90158379.8054856,137513.716564147,155.0,1628194.0
2020S2,16,MG - Met.BH-Centro Oeste-Zona Mata-C. Vertentes,MG,TOTAL,565023.565441727,960996339.27623,321489.193207123,181647.0,625810480.0
2016S1,17,MG - Vale do Aço-Norte-Vale Jequitinhonha,MG,APP,40495.5355295669,1635607.05591551,52570.5086780545,8.0,86880.0
2016S1,17,MG - Vale do Aço-Norte-Vale Jequitinhonha,MG,CASCO,45623.3819148038,61272386.2521185,40664.2147282939,9605.0,45403327.0
2016S1,17,MG - Vale do Aço-Norte-Vale Jequitinhonha,MG,RCDM,48194.2421267149,12347634.9446892,91184.5677106103,1974.0,9867701.0
2016S1,17,MG - Vale do Aço-Norte-Vale Jequitinhonha,MG,RCDP,48025.1928155771,5457707.32747568,103551.565496438,32.0,344869.0
2016S1,17,MG - Vale do Aço-Norte-Vale Jequitinhonha,MG,TOTAL,49736.3900396335,80698977.7464444,269824.446201936,11619.0,55702777.0
2016S2,17,MG - Vale do Aço-Norte-Vale Jequitinhonha,MG,APP,40144.8892883873,1577255.0795163,51695.9412213434,10.0,113428.0
2016S2,17,MG - Vale do Aço-Norte-Vale Jequitinhonha,MG,CASCO,46331.4452861422,60732638.6314683,40437.610462925,9890.0,47841306.0
2016S2,17,MG - Vale do Aço-Norte-Vale Jequitinhonha,MG,RCDM,48983.9383852491,12404343.2466955,93286.2984934722,2064.0,11457959.0
2016S2,17,MG - Vale do Aço-Norte-Vale Jequitinhonha,MG,RCDP,48913.1301687704,5418211.54443934,107290.058724905,25.0,227371.0
2016S2,17,MG - Vale do Aço-Norte-Vale Jequitinhonha,MG,TOTAL,50238.749319857,80116756.7249682,275510.744498466,11989.0,59640064.0
2017S1,17,MG - Vale do Aço-Norte-Vale Jequitinhonha,MG,APP,38355.0053644003,1575572.44517284,48112.4814201807,7.0,38286.0
2017S1,17,MG - Vale do Aço-Norte-Vale Jequitinhonha,MG,CASCO,44317.5204177708,59334763.1589082,40528.2766251486,9529.0,45758935.0
2017S1,17,MG - Vale do Aço-Norte-Vale Jequitinhonha,MG,RCDM,47143.7998622186,12133324.820747,92308.3990030376,1978.0,9762929.0
2017S1,17,MG - Vale do Aço-Norte-Vale Jequitinhonha,MG,RCDP,47065.2875334877,5067305.27564227,107975.90996011,27.0,170335.0
2017S1,17,MG - Vale do Aço-Norte-Vale Jequitinhonha,MG,TOTAL,48268.4820514643,78098456.4300953,271949.23963156,11541.0,55730485.0
2017S2,17,MG - Vale do Aço-Norte-Vale Jequitinhonha,MG,APP,39400.8043867741,1698562.06683345,52729.5995941819,7.0,75000.0
2017S2,17,MG - Vale do Aço-Norte-Vale Jequitinhonha,MG,CASCO,45553.5165443211,63268720.0813749,41401.8145280477,9057.0,47274200.0
2017S2,17,MG - Vale do Aço-Norte-Vale Jequitinhonha,MG,RCDM,48808.2479929626,12829882.7984041,93361.660797756,2040.0,11220075.0
2017S2,17,MG - Vale do Aço-Norte-Vale Jequitinhonha,MG,RCDP,48858.3219617787,5298313.66059277,110223.485290107,14.0,178797.0
2017S2,17,MG - Vale do Aço-Norte-Vale Jequitinhonha,MG,TOTAL,50294.9054913619,83078446.6198948,277748.80661067,11118.0,58748072.0
2018S1,17,MG - Vale do Aço-Norte-Vale Jequitinhonha,MG,APP,39111.243729623,1709562.31767198,57373.1931330867,12.0,208230.0
2018S1,17,MG - Vale do Aço-Norte-Vale Jequitinhonha,MG,CASCO,44905.7396019655,64189798.3629709,42834.9587159854,8661.0,40828891.0
2018S1,17,MG - Vale do Aço-Norte-Vale Jequitinhonha,MG,RCDM,48227.194388241,12661698.7751758,92405.5453461232,1812.0,10921196.0
2018S1,17,MG - Vale do Aço-Norte-Vale Jequitinhonha,MG,RCDP,48173.586169187,5106670.95356337,108985.010043447,19.0,346136.0
2018S1,17,MG - Vale do Aço-Norte-Vale Jequitinhonha,MG,TOTAL,49607.1697282959,83650423.4374431,280866.703995286,10504.0,52304453.0
2018S2,17,MG - Vale do Aço-Norte-Vale Jequitinhonha,MG,APP,39705.8783232225,1751690.72254482,53056.8905594532,8.0,135276.0
2018S2,17,MG - Vale do Aço-Norte-Vale Jequitinhonha,MG,CASCO,46065.3712980882,65756707.3868389,44112.7276928302,8862.0,46956731.0
2018S2,17,MG - Vale do Aço-Norte-Vale Jequitinhonha,MG,RCDM,49292.5684887883,12878122.5032892,90251.4297705013,1957.0,12634815.0
2018S2,17,MG - Vale do Aço-Norte-Vale Jequitinhonha,MG,RCDP,49205.6424618531,5280011.83605649,109144.173161617,22.0,200468.0
2018S2,17,MG - Vale do Aço-Norte-Vale Jequitinhonha,MG,TOTAL,50729.2890075534,85654028.2529007,276599.667427504,10849.0,59927290.0
2019S1,17,MG - Vale do Aço-Norte-Vale Jequitinhonha,MG,APP,39159.6272822884,1772278.83699367,54953.0902394164,3.0,23750.0
2019S1,17,MG - Vale do Aço-Norte-Vale Jequitinhonha,MG,CASCO,46768.3752086293,66159434.5791942,48014.7037661318,10701.0,46865733.0
2019S1,17,MG - Vale do Aço-Norte-Vale Jequitinhonha,MG,RCDM,51051.0957523356,13485511.7134717,99056.1241300036,2001.0,14015921.0
2019S1,17,MG - Vale do Aço-Norte-Vale Jequitinhonha,MG,RCDP,50900.4080814249,5481747.39885629,115096.403492868,47.0,694925.0
2019S1,17,MG - Vale do Aço-Norte-Vale Jequitinhonha,MG,TOTAL,53193.9149257746,86884026.1967501,289686.987259631,12752.0,61600329.0
2019S2,17,MG - Vale do Aço-Norte-Vale Jequitinhonha,MG,APP,39690.1823774092,1793745.22227492,58028.1440681683,6.0,58502.0
2019S2,17,MG - Vale do Aço-Norte-Vale Jequitinhonha,MG,CASCO,47462.4862563522,67183620.9638581,49243.2983152212,11613.0,55008213.0
2019S2,17,MG - Vale do Aço-Norte-Vale Jequitinhonha,MG,RCDM,51582.4916950688,13220231.4282048,101921.569117671,2173.0,13864112.0
2019S2,17,MG - Vale do Aço-Norte-Vale Jequitinhonha,MG,RCDP,51432.0615622993,5193674.91577444,118452.802453442,12.0,312255.0
2019S2,17,MG - Vale do Aço-Norte-Vale Jequitinhonha,MG,TOTAL,53209.7820669981,87377247.8705845,302334.815160811,13804.0,69243082.0
2020S1,17,MG - Vale do Aço-Norte-Vale Jequitinhonha,MG,APP,27287.4519172874,1340646.08739721,58281.7341252116,6.0,55844.0
2020S1,17,MG - Vale do Aço-Norte-Vale Jequitinhonha,MG,CASCO,38719.6600337354,54512346.1728275,48646.7376396097,10193.0,44728725.82
2020S1,17,MG - Vale do Aço-Norte-Vale Jequitinhonha,MG,RCDM,35420.4738163762,8934650.50269048,99999.7354852755,1430.0,10031362.39
2020S1,17,MG - Vale do Aço-Norte-Vale Jequitinhonha,MG,RCDP,35260.5916258078,4034258.26015753,124186.143419934,12.0,129836.0
2020S1,17,MG - Vale do Aço-Norte-Vale Jequitinhonha,MG,TOTAL,42377.9230374396,68814279.5532169,270961.251234016,11641.0,54945768.21
2020S2,17,MG - Vale do Aço-Norte-Vale Jequitinhonha,MG,APP,42112.9741941015,1870055.16577572,52329.8034976799,4.0,30000.0
2020S2,17,MG - Vale do Aço-Norte-Vale Jequitinhonha,MG,CASCO,50131.4096172987,68625024.5749596,50163.9395361382,14189.0,56910921.0
2020S2,17,MG - Vale do Aço-Norte-Vale Jequitinhonha,MG,RCDM,51130.730169625,12981858.2946249,104738.86827771,1983.0,13008346.0
2020S2,17,MG - Vale do Aço-Norte-Vale Jequitinhonha,MG,RCDP,51120.4890761808,5007652.07586965,126910.401808849,10.0,156517.0
2020S2,17,MG - Vale do Aço-Norte-Vale Jequitinhonha,MG,TOTAL,53038.9739637813,88474031.9047104,313916.818519692,16186.0,70105784.0
2016S1,18,RJ - Met. do Rio de Janeiro,RJ,APP,442442.943416571,16903808.0300009,49752.9581063893,50.0,351512.0
2016S1,18,RJ - Met. do Rio de Janeiro,RJ,CASCO,520920.784328017,821604921.688713,38915.8499974872,218929.0,740945704.0
2016S1,18,RJ - Met. do Rio de Janeiro,RJ,RCDM,527494.847078913,122112644.662596,95865.0954577245,19940.0,117791349.0
2016S1,18,RJ - Met. do Rio de Janeiro,RJ,RCDP,525568.162154857,43505605.4671711,96743.0570302842,183.0,1393959.0
2016S1,18,RJ - Met. do Rio de Janeiro,RJ,TOTAL,551440.841295688,1003954196.68009,261239.338026529,239102.0,860482524.0
2016S2,18,RJ - Met. do Rio de Janeiro,RJ,APP,436336.74359317,16818860.4009064,57081.5234313998,42.0,193939.0
2016S2,18,RJ - Met. do Rio de Janeiro,RJ,CASCO,595828.982055312,835591815.357161,37562.1400602225,197044.0,700306210.0
2016S2,18,RJ - Met. do Rio de Janeiro,RJ,RCDM,522944.160368557,121303683.252356,110384.625748837,19538.0,119975094.0
2016S2,18,RJ - Met. do Rio de Janeiro,RJ,RCDP,522239.078220428,41309434.9572042,104131.558742123,167.0,1240252.0
2016S2,18,RJ - Met. do Rio de Janeiro,RJ,TOTAL,619892.663909559,1014812576.96232,258151.866478107,216791.0,821715495.0
2017S1,18,RJ - Met. do Rio de Janeiro,RJ,APP,410417.60422055,15489266.9073944,72495.2368681238,39.0,136246.0
2017S1,18,RJ - Met. do Rio de Janeiro,RJ,CASCO,497661.16560301,827238819.773781,38767.4775551879,219752.0,749053887.0
2017S1,18,RJ - Met. do Rio de Janeiro,RJ,RCDM,493818.557382662,124054925.311756,93127.7667992168,18121.0,113506708.0
2017S1,18,RJ - Met. do Rio de Janeiro,RJ,RCDP,493554.801218761,39245755.8479747,99530.5290058994,155.0,1198872.0
2017S1,18,RJ - Met. do Rio de Janeiro,RJ,TOTAL,521206.061429107,1005865869.39045,277526.403007263,238067.0,863895713.0
2017S2,18,RJ - Met. do Rio de Janeiro,RJ,APP,404784.144424665,16447069.9526255,74907.7957115648,33.0,959644.0
2017S2,18,RJ - Met. do Rio de Janeiro,RJ,CASCO,494265.519914298,865981001.388579,39058.3526890608,186830.0,708462712.0
2017S2,18,RJ - Met. do Rio de Janeiro,RJ,RCDM,488547.583164766,132943262.777092,91176.3808584469,18405.0,116144065.0
2017S2,18,RJ - Met. do Rio de Janeiro,RJ,RCDP,491320.478920069,40445098.2015943,99064.6246672444,146.0,1118968.0
2017S2,18,RJ - Met. do Rio de Janeiro,RJ,TOTAL,523640.738499194,1055470283.76093,274066.182922673,205414.0,826685389.0
2018S1,18,RJ - Met. do Rio de Janeiro,RJ,APP,381639.234549844,15885398.1211523,72354.2661550097,22.0,71167.0
2018S1,18,RJ - Met. do Rio de Janeiro,RJ,CASCO,471514.384985127,864168285.275544,40289.861407752,183206.0,741929930.0
2018S1,18,RJ - Met. do Rio de Janeiro,RJ,RCDM,469145.122001358,136322268.724462,92006.8386530107,15506.0,101420896.0
2018S1,18,RJ - Met. do Rio de Janeiro,RJ,RCDP,468145.387748774,40783403.5635314,101433.479636865,129.0,1300573.0
2018S1,18,RJ - Met. do Rio de Janeiro,RJ,TOTAL,496182.064402645,1057051482.13662,277742.196893337,198863.0,844722566.0
2018S2,18,RJ - Met. do Rio de Janeiro,RJ,APP,379763.317757219,17230001.0180309,73316.9022361278,35.0,232858.0
2018S2,18,RJ - Met. do Rio de Janeiro,RJ,CASCO,473858.435616532,882564330.842076,41868.9454134497,163871.0,657165473.0
2018S2,18,RJ - Met. do Rio de Janeiro,RJ,RCDM,473211.312463408,142754793.289914,92420.4966399862,16213.0,110495642.0
2018S2,18,RJ - Met. do Rio de Janeiro,RJ,RCDP,471315.290521555,44858564.2967837,101191.551588645,138.0,1267065.0
2018S2,18,RJ - Met. do Rio de Janeiro,RJ,TOTAL,499585.147510992,1087277380.22915,279623.409531265,180257.0,769161038.0
2019S1,18,RJ - Met. do Rio de Janeiro,RJ,APP,359485.919567636,17720410.3429887,73879.8543214119,14.0,172591.0
2019S1,18,RJ - Met. do Rio de Janeiro,RJ,CASCO,457749.771312358,851643154.154738,43912.9951894373,170141.0,664854967.0
2019S1,18,RJ - Met. do Rio de Janeiro,RJ,RCDM,453329.502887273,146168696.842983,99258.6796984396,14551.0,107711661.0
2019S1,18,RJ - Met. do Rio de Janeiro,RJ,RCDP,451176.226159101,46468304.4210546,103986.185906077,370.0,2846950.0
2019S1,18,RJ - Met. do Rio de Janeiro,RJ,TOTAL,483221.65348943,1061886967.73535,288147.265568527,185076.0,775586169.0
2019S2,18,RJ - Met. do Rio de Janeiro,RJ,APP,348415.120801963,17359275.9689639,81498.2550415444,29.0,255433.0
2019S2,18,RJ - Met. do Rio de Janeiro,RJ,CASCO,448969.808406529,840839940.51823,43957.5820541253,152932.0,587888797.0
2019S2,18,RJ - Met. do Rio de Janeiro,RJ,RCDM,440803.953880635,148517169.683806,94586.0291356844,15811.0,111797913.0
2019S2,18,RJ - Met. do Rio de Janeiro,RJ,RCDP,440762.981355477,45641687.9875504,102046.484611988,140.0,1538927.0
2019S2,18,RJ - Met. do Rio de Janeiro,RJ,TOTAL,471257.868266036,1052271963.85206,286928.162188525,168912.0,701481070.0
2020S1,18,RJ - Met. do Rio de Janeiro,RJ,APP,207969.199199397,10529469.6710056,100805.119517583,10.0,164500.0
2020S1,18,RJ - Met. do Rio de Janeiro,RJ,CASCO,354979.348576969,642183539.829481,45875.1053608696,117699.0,401396983.0
2020S1,18,RJ - Met. do Rio de Janeiro,RJ,RCDM,264384.834698902,86290283.7000681,101267.823976082,8077.0,60204378.0
2020S1,18,RJ - Met. do Rio de Janeiro,RJ,RCDP,265462.43193884,31314312.5807476,111162.646673176,105.0,1073213.0
2020S1,18,RJ - Met. do Rio de Janeiro,RJ,TOTAL,373311.496481595,770264561.27406,251388.190673753,125891.0,462839074.0
2020S2,18,RJ - Met. do Rio de Janeiro,RJ,APP,253778.987601224,11102223.8826992,90652.4557842728,26.0,473701.0
2020S2,18,RJ - Met. do Rio de Janeiro,RJ,CASCO,322248.536453286,572233987.499868,43634.4091797585,167022.0,499104497.0
2020S2,18,RJ - Met. do Rio de Janeiro,RJ,RCDM,309207.008104176,98112564.7082185,101644.266347888,11293.0,88098927.0
2020S2,18,RJ - Met. do Rio de Janeiro,RJ,RCDP,310111.561587365,30573376.2617448,110350.656128281,98.0,901989.0
2020S2,18,RJ - Met. do Rio de Janeiro,RJ,TOTAL,340100.352594399,711972252.054705,302977.200986817,178439.0,588579114.0
2016S1,19,RJ - Interior,RJ,APP,137028.701608943,5741750.32109772,53421.475220275,22.0,193652.0
2016S1,19,RJ - Interior,RJ,CASCO,153321.287350509,216503454.807528,40868.4556458064,37741.0,161894682.0
2016S1,19,RJ - Interior,RJ,RCDM,154989.068118564,35498259.4073327,88652.1085250257,4843.0,28516780.0
2016S1,19,RJ - Interior,RJ,RCDP,154767.487304414,15961804.1581621,108593.096389585,57.0,517426.0
2016S1,19,RJ - Interior,RJ,TOTAL,159634.594044297,273664856.531308,277903.488881569,42663.0,191122540.0
2016S2,19,RJ - Interior,RJ,APP,136074.472899101,5585687.37115335,56268.3231624916,27.0,121182.0
2016S2,19,RJ - Interior,RJ,CASCO,158204.823043434,214897480.128489,40321.4664809579,36732.0,170788341.0
2016S2,19,RJ - Interior,RJ,RCDM,155297.65592978,35427530.737882,89259.6279204908,5114.0,30709485.0
2016S2,19,RJ - Interior,RJ,RCDP,155266.116212823,15684199.4076027,109056.693254131,60.0,485894.0
2016S2,19,RJ - Interior,RJ,TOTAL,163772.661306571,271552577.294438,275603.094427398,41933.0,202104902.0
2017S1,19,RJ - Interior,RJ,APP,134131.298224563,5654149.06265391,77501.1433091762,20.0,114328.0
2017S1,19,RJ - Interior,RJ,CASCO,150133.3200968,211336442.143889,40719.8210003549,40537.0,160216089.0
2017S1,19,RJ - Interior,RJ,RCDM,153792.80502688,34725191.1594221,146702.61809691,4906.0,29316397.0
2017S1,19,RJ - Interior,RJ,RCDP,153758.985849335,14948934.7780032,117125.933586432,41.0,250581.0
2017S1,19,RJ - Interior,RJ,TOTAL,158730.920085929,266637136.135802,361277.073160555,45504.0,189897395.0
2017S2,19,RJ - Interior,RJ,APP,136604.946994768,6012074.91376954,77831.7569717637,13.0,113351.0
2017S2,19,RJ - Interior,RJ,CASCO,154630.584777641,226191309.598684,41450.0102231321,38993.0,167429707.0
2017S2,19,RJ - Interior,RJ,RCDM,158678.373837166,36680911.0242925,173624.874471961,4951.0,31236931.0
2017S2,19,RJ - Interior,RJ,RCDP,159240.113541688,15051859.7912383,119388.143850331,39.0,475027.0
2017S2,19,RJ - Interior,RJ,TOTAL,165436.535317164,283897503.888451,386409.638647837,43996.0,199255016.0
2018S1,19,RJ - Interior,RJ,APP,131972.854438151,6089489.78460568,79427.8548381372,14.0,151305.0
2018S1,19,RJ - Interior,RJ,CASCO,153115.416020701,235010743.628771,42368.3614175111,39625.0,172564181.0
2018S1,19,RJ - Interior,RJ,RCDM,155489.832469488,37875560.154833,132300.634999566,4272.0,28647815.0
2018S1,19,RJ - Interior,RJ,RCDP,155303.703700113,15035803.2793298,113435.265700624,51.0,626059.0
2018S1,19,RJ - Interior,RJ,TOTAL,161491.657116394,293957737.228985,342654.608108888,43962.0,201989360.0
2018S2,19,RJ - Interior,RJ,APP,137527.314093283,6428986.54886913,74468.5297805476,32.0,341851.0
2018S2,19,RJ - Interior,RJ,CASCO,161562.943490261,248854693.85637,44345.5560982696,40304.0,178393931.0
2018S2,19,RJ - Interior,RJ,RCDM,164707.091466622,40113350.0520322,159000.231216787,4643.0,32416628.0
2018S2,19,RJ - Interior,RJ,RCDP,164367.562699561,16379596.7975815,117206.679271289,53.0,724725.0
2018S2,19,RJ - Interior,RJ,TOTAL,171593.620065718,311729716.497683,368152.683712448,45032.0,211877135.0
2019S1,19,RJ - Interior,RJ,APP,135511.788688429,6592540.11661493,76276.683097339,10.0,92124.0
2019S1,19,RJ - Interior,RJ,CASCO,164175.994088185,251921386.558346,45606.4462848438,48658.0,181259182.0
2019S1,19,RJ - Interior,RJ,RCDM,161584.876282769,40799936.2213428,126080.731934516,4523.0,32878907.0
2019S1,19,RJ - Interior,RJ,RCDP,162601.322874628,16880497.5377579,108724.35793737,80.0,623279.0
2019S1,19,RJ - Interior,RJ,TOTAL,171573.920113113,316134565.609871,347620.24481652,53271.0,214853492.0
2019S2,19,RJ - Interior,RJ,APP,128810.905709972,6342217.5994846,83190.5237197577,18.0,261474.0
2019S2,19,RJ - Interior,RJ,CASCO,158909.143184937,245145189.095418,46224.0741034107,48749.0,181875298.0
2019S2,19,RJ - Interior,RJ,RCDM,155815.477505581,41055726.620196,117120.173105138,4951.0,35340688.0
2019S2,19,RJ - Interior,RJ,RCDP,157054.677529873,16159870.9334608,110859.390627961,54.0,714008.0
2019S2,19,RJ - Interior,RJ,TOTAL,165717.767714234,308644198.463753,348436.188877852,53772.0,218191468.0
2020S1,19,RJ - Interior,RJ,APP,104992.374926875,5122058.59345678,86641.4483464067,13.0,143005.0
2020S1,19,RJ - Interior,RJ,CASCO,143783.100684143,215918450.959237,46999.7905671331,40759.0,139035602.37
2020S1,19,RJ - Interior,RJ,RCDM,128484.95843714,31140671.4468106,117874.186229069,3084.0,24306193.0
2020S1,19,RJ - Interior,RJ,RCDP,127877.3913159,14057545.0048254,147595.226229931,40.0,463835.0
2020S1,19,RJ - Interior,RJ,TOTAL,151965.078746791,266222921.452799,329467.526301197,43896.0,163948635.37
2020S2,19,RJ - Interior,RJ,APP,116779.374989403,5431249.8160146,79386.1129878027,22.0,266113.0
2020S2,19,RJ - Interior,RJ,CASCO,139001.670283406,210008675.003407,47019.1138899181,53661.0,169914748.0
2020S2,19,RJ - Interior,RJ,RCDM,136775.437492853,35733702.9122838,113313.428553761,4184.0,30228612.0
2020S2,19,RJ - Interior,RJ,RCDP,136635.440249074,14108991.4830257,143986.320774405,45.0,496300.0
2020S2,19,RJ - Interior,RJ,TOTAL,145205.530438533,265257196.572778,356284.632542826,57912.0,200905773.0
2016S1,20,ES - Espírito Santo,ES,APP,130131.315721271,6158022.9971048,35743.6482975457,24.0,266005.0
2016S1,20,ES - Espírito Santo,ES,CASCO,139535.230331759,199138972.722574,41643.2263306627,30846.0,135430401.0
2016S1,20,ES - Espírito Santo,ES,RCDM,146177.789101885,43171541.3781155,104503.524433621,6995.0,40013979.0
2016S1,20,ES - Espírito Santo,ES,RCDP,145947.923351736,17502378.2439378,131383.845276301,47.0,540222.0
2016S1,20,ES - Espírito Santo,ES,TOTAL,151343.035627612,265915465.842578,297944.37071073,37912.0,176250607.0
2016S2,20,ES - Espírito Santo,ES,APP,126806.026590824,5657731.40676159,47271.0193076828,22.0,166846.0
2016S2,20,ES - Espírito Santo,ES,CASCO,141828.234421617,194440723.976588,41497.544463764,32031.0,154353010.0
2016S2,20,ES - Espírito Santo,ES,RCDM,145568.749404784,42653567.5783698,109313.986176125,6708.0,38290817.0
2016S2,20,ES - Espírito Santo,ES,RCDP,145569.700091016,17152920.2202958,137182.797013134,286.0,1519532.0
2016S2,20,ES - Espírito Santo,ES,TOTAL,151544.606864783,259871749.218577,316660.116461791,39047.0,194330205.0
2017S1,20,ES - Espírito Santo,ES,APP,124321.295510876,5590072.24648494,56515.2835422681,10.0,233491.0
2017S1,20,ES - Espírito Santo,ES,CASCO,136003.914638456,191133545.885897,41652.9771071906,36147.0,158957424.0
2017S1,20,ES - Espírito Santo,ES,RCDM,141251.92011135,42050219.7300478,109374.844437673,6899.0,39830685.0
2017S1,20,ES - Espírito Santo,ES,RCDP,141182.007785698,16489834.9218478,136712.054369181,61.0,739606.0
2017S1,20,ES - Espírito Santo,ES,TOTAL,146026.207777584,255232577.862694,326184.849714247,43117.0,199761206.0
2017S2,20,ES - Espírito Santo,ES,APP,126784.41015562,6137586.19765459,61545.1980715615,17.0,434940.0
2017S2,20,ES - Espírito Santo,ES,CASCO,139460.056329713,202049705.980667,42007.5512963856,34124.0,153111738.0
2017S2,20,ES - Espírito Santo,ES,RCDM,144164.924752234,45053583.3103883,108614.858149362,7087.0,41978663.0
2017S2,20,ES - Espírito Santo,ES,RCDP,144557.617884909,17539868.9488605,132142.450805592,67.0,594319.0
2017S2,20,ES - Espírito Santo,ES,TOTAL,151063.025990138,270726832.168922,322255.35065902,41295.0,196119660.0
2018S1,20,ES - Espírito Santo,ES,APP,124258.9503411,6075858.10950765,61633.2394930717,23.0,407311.0
2018S1,20,ES - Espírito Santo,ES,CASCO,137187.627003127,203091571.902786,43403.255541305,34725.0,150732265.0
2018S1,20,ES - Espírito Santo,ES,RCDM,142207.435211699,45204303.1609834,107905.967104654,6074.0,39270858.0
2018S1,20,ES - Espírito Santo,ES,RCDP,142194.558500024,17237564.29396,133867.583470638,277.0,1862205.0
2018S1,20,ES - Espírito Santo,ES,TOTAL,148227.670833223,271561112.418496,325921.089761486,41099.0,192272639.0
2018S2,20,ES - Espírito Santo,ES,APP,126276.906049191,6221748.02174454,65713.4126326953,21.0,316596.0
2018S2,20,ES - Espírito Santo,ES,CASCO,140419.006996282,209004936.506097,45752.2846009021,32291.0,148380646.0
2018S2,20,ES - Espírito Santo,ES,RCDM,144720.091839279,46666345.3100679,111953.715308057,6491.0,41783537.0
2018S2,20,ES - Espírito Santo,ES,RCDP,144400.615134622,17944751.0638409,135212.893905045,68.0,769242.0
2018S2,20,ES - Espírito Santo,ES,TOTAL,151774.81773276,279788121.185544,334923.034783243,38871.0,191250021.0
2019S1,20,ES - Espírito Santo,ES,APP,126122.484561238,6272335.16140702,67847.6044909665,15.0,201239.0
2019S1,20,ES - Espírito Santo,ES,CASCO,142104.758480726,210208822.96287,48542.5030803787,35001.0,162642166.0
2019S1,20,ES - Espírito Santo,ES,RCDM,145692.136558396,47538164.8568458,125185.310561457,6346.0,45639074.0
2019S1,20,ES - Espírito Santo,ES,RCDP,144862.85984906,18206335.1756889,143980.31611569,110.0,1042471.0
2019S1,20,ES - Espírito Santo,ES,TOTAL,153596.629695341,282185658.880076,357833.654886321,41472.0,209524950.0
2019S2,20,ES - Espírito Santo,ES,APP,127794.801878222,6370437.03297757,71944.2639196944,22.0,239578.0
2019S2,20,ES - Espírito Santo,ES,CASCO,145622.97393519,214802273.323641,42908.7393956687,34969.0,163187097.0
2019S2,20,ES - Espírito Santo,ES,RCDM,147474.565695337,48075382.1852975,128503.436709703,6641.0,47507458.0
2019S2,20,ES - Espírito Santo,ES,RCDP,146546.965721139,17828749.9485022,148056.924194799,48.0,609139.0
2019S2,20,ES - Espírito Santo,ES,TOTAL,155753.68882536,287040300.483428,362216.258723082,41680.0,211543272.0
2020S1,20,ES - Espírito Santo,ES,APP,95735.0624589594,4729863.61617461,78073.3586754326,15.0,221858.0
2020S1,20,ES - Espírito Santo,ES,CASCO,127731.695055137,181189982.642302,48301.3914796648,29280.0,144947643.89
2020S1,20,ES - Espírito Santo,ES,RCDM,110376.098037133,32806952.9763895,127484.488359284,4158.0,30183885.5
2020S1,20,ES - Espírito Santo,ES,RCDP,109626.889820506,13870702.7335636,146630.069630928,53.0,687667.0
2020S1,20,ES - Espírito Santo,ES,TOTAL,136708.977212275,232575073.252299,322201.987100707,33506.0,176041054.390001
2020S2,20,ES - Espírito Santo,ES,APP,126493.500598881,5931391.69237042,69048.245924908,22.0,292101.0
2020S2,20,ES - Espírito Santo,ES,CASCO,141889.889173242,201443383.987522,49566.2469248157,44528.0,155251141.0
2020S2,20,ES - Espírito Santo,ES,RCDM,142049.631672766,43657834.3752054,132726.646320864,5620.0,43624184.0
2020S2,20,ES - Espírito Santo,ES,RCDP,141498.519369523,16339434.9236149,156165.039264487,58.0,959745.0
2020S2,20,ES - Espírito Santo,ES,TOTAL,151185.113697943,267346627.288697,376995.783631026,50228.0,200127171.0
2016S1,21,BA - Bahia,BA,APP,167163.991508067,6582573.60870556,26187.9575906585,19.0,200668.0
2016S1,21,BA - Bahia,BA,CASCO,272963.221179729,404991872.646739,39501.6385359918,87054.0,364288880.0
2016S1,21,BA - Bahia,BA,RCDM,272455.103363842,67924529.3067763,68413.6372554512,12396.0,67903847.0
2016S1,21,BA - Bahia,BA,RCDP,264636.914532083,27519680.8749629,74600.5615668807,47.0,509449.0
2016S1,21,BA - Bahia,BA,TOTAL,281923.596356093,506924782.758883,190783.845953359,99516.0,432902844.0
2016S2,21,BA - Bahia,BA,APP,166080.113428314,6504876.05975755,29439.6718520019,31.0,233176.0
2016S2,21,BA - Bahia,BA,CASCO,285108.877627042,407668043.134678,39377.5649643512,86244.0,354191720.0
2016S2,21,BA - Bahia,BA,RCDM,276460.4037405,69450257.794495,69875.0484556895,12886.0,66471823.0
2016S2,21,BA - Bahia,BA,RCDP,269745.277862975,27425792.4977201,76164.5362114306,64.0,567400.0
2016S2,21,BA - Bahia,BA,TOTAL,293232.526827275,510962454.046919,191969.469852297,99225.0,421464119.0
2017S1,21,BA - Bahia,BA,APP,158556.599524808,6393978.62985987,31282.4805362463,22.0,256489.0
2017S1,21,BA - Bahia,BA,CASCO,267843.289597048,401489376.589779,39737.6909378248,92658.0,343739595.0
2017S1,21,BA - Bahia,BA,RCDM,268144.412892629,68266846.7649424,70119.9947980468,12271.0,69335127.0
2017S1,21,BA - Bahia,BA,RCDP,262202.508800365,25809927.7323157,77062.5539405053,69.0,902391.0
2017S1,21,BA - Bahia,BA,TOTAL,277231.758074507,501881242.494466,197896.576005293,105020.0,414233602.0
2017S2,21,BA - Bahia,BA,APP,159858.434154787,6951073.57757796,32712.7469020344,20.0,313314.0
2017S2,21,BA - Bahia,BA,CASCO,273859.855811622,429539205.701458,40580.3545811752,89753.0,349790185.0
2017S2,21,BA - Bahia,BA,RCDM,274004.855873433,71614769.1470722,72636.2974612606,13403.0,72274871.0
2017S2,21,BA - Bahia,BA,RCDP,270765.302493448,26908117.6558,76899.6202864385,77.0,964159.0
2017S2,21,BA - Bahia,BA,TOTAL,286390.954205011,534954045.550008,200454.790392397,103253.0,423342529.0
2018S1,21,BA - Bahia,BA,APP,156963.824226966,6928979.01421424,32985.3000825529,23.0,514962.0
2018S1,21,BA - Bahia,BA,CASCO,271654.264997165,434602903.821999,42661.6556287952,89798.0,341584606.0
2018S1,21,BA - Bahia,BA,RCDM,272712.804747352,72465187.4367589,76290.4154478984,11721.0,65732275.0
2018S1,21,BA - Bahia,BA,RCDP,268408.64310909,25845107.1810217,78425.5914911546,86.0,1258897.0
2018S1,21,BA - Bahia,BA,TOTAL,283429.837604477,539773130.357741,208208.579485963,101628.0,409090740.0
2018S2,21,BA - Bahia,BA,APP,163140.247687714,6943203.82049038,31393.0175242797,23.0,247036.0
2018S2,21,BA - Bahia,BA,CASCO,284461.891035297,456154531.253417,44253.3634258302,90898.0,361268528.0
2018S2,21,BA - Bahia,BA,RCDM,284250.192439492,75640687.6197547,75333.0091424817,12102.0,72091889.0
2018S2,21,BA - Bahia,BA,RCDP,278808.285705495,26470616.96521,77802.0873047336,91.0,1252726.0
2018S2,21,BA - Bahia,BA,TOTAL,295198.608620326,565150172.567394,207456.853424106,103114.0,434860179.0
2019S1,21,BA - Bahia,BA,APP,162502.476257452,6870182.19806296,35830.6024319817,21.0,301556.0
2019S1,21,BA - Bahia,BA,CASCO,287110.637539774,456959547.273044,48841.6951130841,103429.0,381493372.0
2019S1,21,BA - Bahia,BA,RCDM,281712.489625829,74555032.2829104,81295.2740733624,11626.0,77119405.0
2019S1,21,BA - Bahia,BA,RCDP,276360.48690228,25908150.6974678,85311.9940097374,424.0,2817250.0
2019S1,21,BA - Bahia,BA,TOTAL,297951.621095664,564239375.549617,224419.100701577,115500.0,461731583.0
2019S2,21,BA - Bahia,BA,APP,161513.436552471,7017340.73536824,38804.0902193136,21.0,371033.0
2019S2,21,BA - Bahia,BA,CASCO,280244.676986656,450502977.168354,49912.0999729508,110002.0,413657404.0
2019S2,21,BA - Bahia,BA,RCDM,277171.877119819,73746690.7653321,83068.7730727791,13228.0,83739159.0
2019S2,21,BA - Bahia,BA,RCDP,271952.696448204,24438642.2182881,87895.5558075237,86.0,935380.0
2019S2,21,BA - Bahia,BA,TOTAL,290111.619273981,555623450.250362,232893.596659323,123337.0,498702976.0
2020S1,21,BA - Bahia,BA,APP,112012.394024929,4424434.1386554,39958.1664131834,10.0,124819.0
2020S1,21,BA - Bahia,BA,CASCO,247041.379410814,381156159.861967,48993.786572521,89898.0,329569709.0
2020S1,21,BA - Bahia,BA,RCDM,199618.292426172,50659241.1567788,84020.7669773554,8007.0,56087842.0
2020S1,21,BA - Bahia,BA,RCDP,195571.429421165,19558369.0515131,92386.7711279908,60.0,665594.0
2020S1,21,BA - Bahia,BA,TOTAL,255341.332829142,455769270.401711,202819.333325803,97975.0,386447964.0
2020S2,21,BA - Bahia,BA,APP,165592.116005896,7026161.8421038,36105.8381602529,33.0,522661.0
2020S2,21,BA - Bahia,BA,CASCO,281026.633556964,437591601.488697,50799.7589191193,126687.0,377081117.0
2020S2,21,BA - Bahia,BA,RCDM,275430.894004407,75130231.1561145,83642.8014489023,10361.0,76273987.0
2020S2,21,BA - Bahia,BA,RCDP,271535.702325538,23893215.3618928,93291.3938603731,87.0,810079.0
2020S2,21,BA - Bahia,BA,TOTAL,289325.945730512,543602100.959891,238437.377983532,137168.0,454687844.0
2016S1,22,SE - Sergipe,SE,APP,33281.8618198284,1332866.66909847,24715.7804012834,2.0,10589.0
2016S1,22,SE - Sergipe,SE,CASCO,44454.5792695852,62151134.1784268,41598.3330192203,11054.0,48085873.0
2016S1,22,SE - Sergipe,SE,RCDM,44739.7135178181,10946355.7969747,76154.7211053451,1974.0,9216377.0
2016S1,22,SE - Sergipe,SE,RCDP,43537.7847866854,4168373.14780558,81252.5248447376,11.0,71453.0
2016S1,22,SE - Sergipe,SE,TOTAL,46449.2559479261,78582039.1762049,208011.583539124,13041.0,57384292.0
2016S2,22,SE - Sergipe,SE,APP,32863.2347099534,1339369.95973158,28357.596826925,6.0,130000.0
2016S2,22,SE - Sergipe,SE,CASCO,44986.8371285088,61198932.0816046,41555.4167896052,11366.0,51716895.0
2016S2,22,SE - Sergipe,SE,RCDM,45074.9220549418,10781515.1664296,77134.0034453406,1846.0,8553944.0
2016S2,22,SE - Sergipe,SE,RCDP,43937.1439967635,4027580.55724509,83265.9111458272,14.0,192658.0
2016S2,22,SE - Sergipe,SE,TOTAL,46750.8261411674,77307049.0711046,213639.325478479,13232.0,60593497.0
2017S1,22,SE - Sergipe,SE,APP,32185.7122286465,1346695.72276677,31226.2555728349,2.0,24230.0
2017S1,22,SE - Sergipe,SE,CASCO,43548.1697269953,59987922.8464298,41737.4618165983,11748.0,56082189.0
2017S1,22,SE - Sergipe,SE,RCDM,43836.9560257564,10895995.7563937,78337.7276414596,1875.0,10188760.0
2017S1,22,SE - Sergipe,SE,RCDP,43119.6683567362,3839776.09795868,84466.4830626615,16.0,96670.0
2017S1,22,SE - Sergipe,SE,TOTAL,45409.7258843752,76058355.1788974,218803.241473039,13641.0,66391849.0
2017S2,22,SE - Sergipe,SE,APP,32777.659393088,1423538.1417845,32142.8954854364,6.0,141615.0
2017S2,22,SE - Sergipe,SE,CASCO,44560.0755064213,63916581.0029807,43027.4270622473,11468.0,50206043.0
2017S2,22,SE - Sergipe,SE,RCDM,44965.2837189427,11952005.8540082,79326.1131735307,2087.0,11175536.0
2017S2,22,SE - Sergipe,SE,RCDP,44752.039883194,4116695.22482061,83839.1935678874,13.0,76884.0
2017S2,22,SE - Sergipe,SE,TOTAL,46867.2891522557,81397715.8981797,220471.310233373,13574.0,61600078.0
2018S1,22,SE - Sergipe,SE,APP,40887.5642732233,1505777.21725028,32530.6058585169,7.0,77733.0
2018S1,22,SE - Sergipe,SE,CASCO,53321.6080714669,74355655.959688,44271.8067110392,14504.0,54391439.0
2018S1,22,SE - Sergipe,SE,RCDM,53482.9806754971,14525559.379694,80583.5545228249,2223.0,11841129.0
2018S1,22,SE - Sergipe,SE,RCDP,53002.6738280519,4539401.61159739,83766.0094582291,24.0,471697.0
2018S1,22,SE - Sergipe,SE,TOTAL,55493.8683432937,94916738.5051552,226184.00186972,16758.0,66781998.0
2018S2,22,SE - Sergipe,SE,APP,42212.3138573593,1511746.65096276,32150.9935801735,5.0,65277.0
2018S2,22,SE - Sergipe,SE,CASCO,56091.472382531,78254121.7127885,45893.6872135206,14825.0,55658244.0
2018S2,22,SE - Sergipe,SE,RCDM,56176.7052508462,15532157.8416613,80297.702800371,2063.0,10875508.0
2018S2,22,SE - Sergipe,SE,RCDP,55480.3682784881,4877662.96905177,83244.3736225196,16.0,215613.0
2018S2,22,SE - Sergipe,SE,TOTAL,58133.3298698892,100166629.256573,226789.423704764,16909.0,66814642.0
2019S1,22,SE - Sergipe,SE,APP,42169.8683743603,1477152.49911138,34889.5623430004,5.0,82252.0
2019S1,22,SE - Sergipe,SE,CASCO,56724.4327095961,79814448.6176717,49512.2671739297,15764.0,60585509.0
2019S1,22,SE - Sergipe,SE,RCDM,56260.3450441337,15340740.3391613,84779.4266255581,2086.0,13177387.0
2019S1,22,SE - Sergipe,SE,RCDP,55478.1286072708,4785068.53674364,87883.1463644894,50.0,412875.0
2019S1,22,SE - Sergipe,SE,TOTAL,58730.8299700422,101410065.537578,239424.384176682,17905.0,74258023.0
2019S2,22,SE - Sergipe,SE,APP,42221.4070007484,1528710.78787375,37965.1348862462,5.0,168502.0
2019S2,22,SE - Sergipe,SE,CASCO,56806.9819389633,82106220.7532786,50337.9666557169,16105.0,64081153.0
2019S2,22,SE - Sergipe,SE,RCDM,56636.5463308766,15245584.5764603,86027.7284357152,2263.0,13631883.0
2019S2,22,SE - Sergipe,SE,RCDP,55665.4285455188,4511984.78283254,90263.0139842856,16.0,243286.0
2019S2,22,SE - Sergipe,SE,TOTAL,58520.2421771623,103372504.742539,247041.353986158,18389.0,78124824.0
2020S1,22,SE - Sergipe,SE,APP,27705.6929927971,918474.855282446,40040.0601175164,5.0,90000.0
2020S1,22,SE - Sergipe,SE,CASCO,46648.4106345051,65217737.7336559,49073.7469995975,12573.0,55755806.0
2020S1,22,SE - Sergipe,SE,RCDM,37627.3532331162,9731619.84755621,86620.0473195262,1345.0,9129837.0
2020S1,22,SE - Sergipe,SE,RCDP,36922.3915904998,3332592.6200279,93102.04263231,16.0,163474.0
2020S1,22,SE - Sergipe,SE,TOTAL,48163.317479413,79194552.1112578,211151.863516091,13939.0,65139117.0
2020S2,22,SE - Sergipe,SE,APP,37709.7633144935,1240730.34351074,39329.5828836835,5.0,78517.0
2020S2,22,SE - Sergipe,SE,CASCO,49654.7136883927,71263842.2061482,51973.4045937604,18382.0,62763323.0
2020S2,22,SE - Sergipe,SE,RCDM,48960.258913253,13063775.3009411,90596.8685363494,1708.0,12232343.0
2020S2,22,SE - Sergipe,SE,RCDP,48321.1794737834,4138603.69920597,95675.5629486905,13.0,93130.0
2020S2,22,SE - Sergipe,SE,TOTAL,50938.9273636653,89685603.2838079,259142.80318128,20108.0,75167313.0
2016S1,23,PE - Pernambuco,PE,APP,93620.8897122722,3590171.69480583,18177.0154712193,7.0,75655.0
2016S1,23,PE - Pernambuco,PE,CASCO,174695.106134538,226220344.691851,37185.739875461,60867.0,243709460.0
2016S1,23,PE - Pernambuco,PE,RCDM,175739.15820066,39483734.3869908,65298.538411728,7943.0,41843870.0
2016S1,23,PE - Pernambuco,PE,RCDP,165665.026962952,14742786.4181148,75451.9683038735,48.0,392056.0
2016S1,23,PE - Pernambuco,PE,TOTAL,181833.111534654,283934898.743888,178332.73574041,68865.0,286021041.0
2016S2,23,PE - Pernambuco,PE,APP,98130.260317042,3830961.45697199,23143.3931594131,15.0,107671.0
2016S2,23,PE - Pernambuco,PE,CASCO,211183.139545322,274892447.179175,37926.9219239522,60424.0,231113926.0
2016S2,23,PE - Pernambuco,PE,RCDM,208200.28751382,46960502.0196933,66382.6700822354,8462.0,45512411.0
2016S2,23,PE - Pernambuco,PE,RCDP,194452.345354867,16605185.5633647,76914.3469180185,40.0,394859.0
2016S2,23,PE - Pernambuco,PE,TOTAL,217239.818902257,342220016.277405,181292.147557263,68941.0,277128867.0
2017S1,23,PE - Pernambuco,PE,APP,98560.8188728471,4487985.68410078,23639.8721953295,7.0,40063.0
2017S1,23,PE - Pernambuco,PE,CASCO,201795.703474952,274211435.202112,37924.8442710599,61184.0,250511638.0
2017S1,23,PE - Pernambuco,PE,RCDM,201424.550065282,47308252.9558253,67602.6986443017,8139.0,45116606.0
2017S1,23,PE - Pernambuco,PE,RCDP,187211.66791603,15240779.9550295,80170.0860720869,69.0,527142.0
2017S1,23,PE - Pernambuco,PE,TOTAL,208131.38018541,341189276.862178,186811.872266586,69399.0,296195449.0
2017S2,23,PE - Pernambuco,PE,APP,103053.238276759,5644400.07655432,23290.7532710806,5.0,49365.0
2017S2,23,PE - Pernambuco,PE,CASCO,207973.31219991,294870065.562531,39247.8500023111,58032.0,231269660.0
2017S2,23,PE - Pernambuco,PE,RCDM,207365.013630386,51751719.8488402,68085.8379805168,8769.0,50672662.0
2017S2,23,PE - Pernambuco,PE,RCDP,195883.197448963,15647912.6861147,79755.3171601425,59.0,522916.0
2017S2,23,PE - Pernambuco,PE,TOTAL,216458.983261654,367862705.610729,187801.261494611,66865.0,282514603.0
2018S1,23,PE - Pernambuco,PE,APP,102283.224371652,5986782.15802227,24031.3931899133,7.0,71297.0
2018S1,23,PE - Pernambuco,PE,CASCO,208783.569285338,305219740.29971,40993.851479992,55418.0,235709576.0
2018S1,23,PE - Pernambuco,PE,RCDM,208931.780262865,54980884.2957926,71297.9165905875,7485.0,43371688.0
2018S1,23,PE - Pernambuco,PE,RCDP,196596.711796813,15595527.7962633,81156.4973786833,63.0,497849.0
2018S1,23,PE - Pernambuco,PE,TOTAL,216997.04326646,381716908.356985,194727.766110695,62973.0,279650410.0
2018S2,23,PE - Pernambuco,PE,APP,105668.632661656,5304518.15171911,24710.5150279976,13.0,101696.0
2018S2,23,PE - Pernambuco,PE,CASCO,218241.763871399,320388984.875718,42915.2672450603,54111.0,241001811.0
2018S2,23,PE - Pernambuco,PE,RCDM,218014.254304355,58420364.4798635,70984.3226367531,7807.0,49868172.0
2018S2,23,PE - Pernambuco,PE,RCDP,203962.745060734,17133438.1592313,79942.9583640296,73.0,753124.0
2018S2,23,PE - Pernambuco,PE,TOTAL,226175.336298712,401185317.842836,195116.581013478,62004.0,291724803.0
2019S1,23,PE - Pernambuco,PE,APP,107352.306548903,4309882.85454544,26494.0118207557,5.0,95060.0
2019S1,23,PE - Pernambuco,PE,CASCO,219016.563768819,323287617.71935,46530.6454458832,60538.0,250844371.0
2019S1,23,PE - Pernambuco,PE,RCDM,215862.098030657,57248660.3801331,74434.8972458875,7239.0,46389340.0
2019S1,23,PE - Pernambuco,PE,RCDP,202357.078895116,17710845.8745402,82427.8828035323,188.0,1407293.0
2019S1,23,PE - Pernambuco,PE,TOTAL,226896.804855979,402533204.355299,203580.857242402,67970.0,298736064.0
2019S2,23,PE - Pernambuco,PE,APP,107870.75581783,4296509.95896539,26965.3412160786,5.0,110000.0
2019S2,23,PE - Pernambuco,PE,CASCO,218818.659501023,326241501.877983,47477.63953145,63115.0,268618230.0
2019S2,23,PE - Pernambuco,PE,RCDM,217008.08152465,56946799.1107848,75923.063798243,8459.0,57830593.0
2019S2,23,PE - Pernambuco,PE,RCDP,203213.040780225,17576598.4257742,83991.6609144523,60.0,825868.0
2019S2,23,PE - Pernambuco,PE,TOTAL,226001.473079162,405026836.94528,208533.377545681,71639.0,327384691.0
2020S1,23,PE - Pernambuco,PE,APP,73958.1311603407,2803860.23728095,28474.9526811555,3.0,133273.0
2020S1,23,PE - Pernambuco,PE,CASCO,189440.26184358,274406002.9778,47180.9682841076,47942.0,204927289.0
2020S1,23,PE - Pernambuco,PE,RCDM,145533.191231643,37199520.358575,76877.4517604144,4792.0,33764950.0
2020S1,23,PE - Pernambuco,PE,RCDP,137092.34192991,13539681.9208985,88602.5723206454,45.0,479908.0
2020S1,23,PE - Pernambuco,PE,TOTAL,195288.954973214,327927220.334141,177404.03936648,52782.0,239305420.0
2020S2,23,PE - Pernambuco,PE,APP,110149.112036403,4627920.10278244,27049.0147831281,10.0,197815.0
2020S2,23,PE - Pernambuco,PE,CASCO,205240.293139326,306787750.212937,48763.7680569596,72869.0,239054384.0
2020S2,23,PE - Pernambuco,PE,RCDM,203491.090512456,55710076.8161382,81566.7363227221,6612.0,47753210.0
2020S2,23,PE - Pernambuco,PE,RCDP,193288.035954318,16903366.170559,88922.8840803579,59.0,624757.0
2020S2,23,PE - Pernambuco,PE,TOTAL,212748.630011365,383995741.530393,221292.755909308,79550.0,287630166.0
2016S1,24,PB - Paraíba,PB,APP,35280.6508626421,1344113.85268947,17893.3562069746,2.0,17045.0
2016S1,24,PB - Paraíba,PB,CASCO,56160.6419841424,71704397.6602504,39922.5033269843,18888.0,60794392.0
2016S1,24,PB - Paraíba,PB,RCDM,56855.9515477801,13176808.6642752,62996.5783402157,2853.0,13324058.0
2016S1,24,PB - Paraíba,PB,RCDP,55346.3707671296,5330382.13683481,65451.987049822,12.0,342345.0
2016S1,24,PB - Paraíba,PB,TOTAL,58086.8172664004,91534395.6399006,174844.33562892,21755.0,74477840.0
2016S2,24,PB - Paraíba,PB,APP,36207.8099901364,1368421.30275603,20669.1549426681,4.0,58333.0
2016S2,24,PB - Paraíba,PB,CASCO,62074.3353373953,78318314.4340298,39658.1306039714,19317.0,66946957.0
2016S2,24,PB - Paraíba,PB,RCDM,62548.2175171906,13936627.8236951,63402.5172079524,2865.0,14022840.0
2016S2,24,PB - Paraíba,PB,RCDP,60650.836739962,5538185.842679,66619.3194950122,10.0,70534.0
2016S2,24,PB - Paraíba,PB,TOTAL,64120.3215969796,99143400.2729023,176471.919569893,22196.0,81098664.0
2017S1,24,PB - Paraíba,PB,APP,34612.7587997844,1483080.25776629,21185.739919846,1.0,5000.0
2017S1,24,PB - Paraíba,PB,CASCO,59624.049131447,77272060.3739239,39279.4786038306,17928.0,61327481.0
2017S1,24,PB - Paraíba,PB,RCDM,60663.8491319558,14067076.8010568,64067.511269889,2673.0,13566028.0
2017S1,24,PB - Paraíba,PB,RCDP,58732.3806448593,5179312.14199062,68460.5131119887,18.0,124674.0
2017S1,24,PB - Paraíba,PB,TOTAL,61997.9477586034,97978209.1684868,178425.320744813,20620.0,75023183.0
2017S2,24,PB - Paraíba,PB,APP,35301.7552352389,1780079.06197101,21072.8180385327,1.0,2000.0
2017S2,24,PB - Paraíba,PB,CASCO,61370.5627734927,82682786.4878884,40506.0146186686,16738.0,63519640.0
2017S2,24,PB - Paraíba,PB,RCDM,62743.5572668947,15046025.6517133,64977.4194690568,2986.0,16061612.0
2017S2,24,PB - Paraíba,PB,RCDP,61409.4614004362,5381204.03457071,69510.3114483008,12.0,66573.0
2017S2,24,PB - Paraíba,PB,TOTAL,64550.573653481,104869301.657609,180748.475872203,19737.0,79649825.0
2018S1,24,PB - Paraíba,PB,APP,39917.2409842391,1933826.54566749,20120.243368879,7.0,42750.0
2018S1,24,PB - Paraíba,PB,CASCO,67157.8299525161,92657434.0113607,42504.6367319005,18682.0,65274579.0
2018S1,24,PB - Paraíba,PB,RCDM,68866.3422808633,17127852.2942033,66530.4554722961,2939.0,15781259.0
2018S1,24,PB - Paraíba,PB,RCDP,67029.4299562178,5609813.16413926,71048.4241904912,20.0,101597.0
2018S1,24,PB - Paraíba,PB,TOTAL,70476.8244692036,117313379.594869,186255.610590136,21648.0,81200185.0
2018S2,24,PB - Paraíba,PB,APP,40620.2098507015,1766741.85850413,20208.2470521835,5.0,36119.0
2018S2,24,PB - Paraíba,PB,CASCO,70961.4008209249,98003231.3880763,44817.7026021211,19324.0,70635685.0
2018S2,24,PB - Paraíba,PB,RCDM,72347.6720289672,18329865.3614665,66504.7675096012,3065.0,16755761.0
2018S2,24,PB - Paraíba,PB,RCDP,70027.9515330358,6074936.50019231,71899.596328005,13.0,155614.0
2018S2,24,PB - Paraíba,PB,TOTAL,74034.2528050668,124160583.188964,188910.166534378,22407.0,87583179.0
2019S1,24,PB - Paraíba,PB,APP,40175.8957739971,1509664.68928324,23051.121459462,1.0,14115.0
2019S1,24,PB - Paraíba,PB,CASCO,72374.6299335114,100058552.36465,49763.9347445011,21654.0,76155855.0
2019S1,24,PB - Paraíba,PB,RCDM,72621.6847264324,18507590.8848751,71688.6608274017,2833.0,17640632.0
2019S1,24,PB - Paraíba,PB,RCDP,70190.7696659178,6231782.33343817,77557.6285558057,81.0,654389.0
2019S1,24,PB - Paraíba,PB,TOTAL,75582.3395132208,126295130.409686,203030.674992567,24569.0,94464991.0
2019S2,24,PB - Paraíba,PB,APP,39083.2290046425,1438706.15426269,24057.0611420038,1.0,10000.0
2019S2,24,PB - Paraíba,PB,CASCO,70933.5815364341,98975018.6371179,50968.0821110803,21961.0,78632872.0
2019S2,24,PB - Paraíba,PB,RCDM,71954.3102946319,17813409.1455123,72689.3395053869,3305.0,19208759.0
2019S2,24,PB - Paraíba,PB,RCDP,69951.0363820666,5831486.04528623,78242.4802320807,20.0,322752.0
2019S2,24,PB - Paraíba,PB,TOTAL,73826.9540802268,124045574.231581,208199.555238999,25287.0,98174383.0
2020S1,24,PB - Paraíba,PB,APP,28544.6464641769,1001868.35042936,25146.9837484191,,
2020S1,24,PB - Paraíba,PB,CASCO,64543.3530944572,87899930.9633989,50799.1619894199,17519.0,63911743.0
2020S1,24,PB - Paraíba,PB,RCDM,54667.4217409343,12924084.7933896,73842.5684606973,1950.0,11743652.0
2020S1,24,PB - Paraíba,PB,RCDP,53059.2244845638,4806933.96039156,81567.5395938772,13.0,167562.0
2020S1,24,PB - Paraíba,PB,TOTAL,67069.0298012681,106625156.486268,185876.460613199,19482.0,75822957.0
2020S2,24,PB - Paraíba,PB,APP,35023.5798517312,1291357.96905046,25628.0474212689,2.0,13100.0
2020S2,24,PB - Paraíba,PB,CASCO,61824.7600192549,87010068.6465442,52949.4773380971,25001.0,82319058.0
2020S2,24,PB - Paraíba,PB,RCDM,61432.653193241,16164625.1139941,77296.489000164,2498.0,15742692.0
2020S2,24,PB - Paraíba,PB,RCDP,60289.2367822849,5395852.96880615,84277.289924894,14.0,89035.0
2020S2,24,PB - Paraíba,PB,TOTAL,63845.6010793666,109784382.691449,221208.051169333,27515.0,98163885.0
2016S1,25,RN - Rio Grande do Norte,RN,APP,43018.0970632327,1700731.81345069,22515.958894652,5.0,31237.0
2016S1,25,RN - Rio Grande do Norte,RN,CASCO,62852.8580718902,85100384.6237899,38321.110738247,19744.0,72821314.0
2016S1,25,RN - Rio Grande do Norte,RN,RCDM,63463.6991562848,15570746.2583813,66331.9848060864,2382.0,11344558.0
2016S1,25,RN - Rio Grande do Norte,RN,RCDP,60420.0910217166,5501443.8041876,76344.9708801905,13.0,163795.0
2016S1,25,RN - Rio Grande do Norte,RN,TOTAL,65295.3128156355,107840876.128513,188576.616929041,22144.0,84360904.0
2016S2,25,RN - Rio Grande do Norte,RN,APP,43392.8344029677,1677598.88618461,23275.6029844416,3.0,11994.0
2016S2,25,RN - Rio Grande do Norte,RN,CASCO,67112.7543338905,90039569.7177955,38906.6359219009,20674.0,78246655.0
2016S2,25,RN - Rio Grande do Norte,RN,RCDM,66891.1598045812,16132979.1068605,68227.2483741186,2725.0,13275599.0
2016S2,25,RN - Rio Grande do Norte,RN,RCDP,63746.6228945763,5649626.93939117,79114.1515534521,20.0,243537.0
2016S2,25,RN - Rio Grande do Norte,RN,TOTAL,69779.7679801434,113463169.728857,191263.100349256,23422.0,91777785.0
2017S1,25,RN - Rio Grande do Norte,RN,APP,42093.9724671198,1737893.67168057,26069.8490421839,6.0,70418.0
2017S1,25,RN - Rio Grande do Norte,RN,CASCO,64966.4134929832,90062632.2449443,38598.4648570211,20084.0,81786397.0
2017S1,25,RN - Rio Grande do Norte,RN,RCDM,65704.7093877736,16165266.8876471,67681.2023688542,2621.0,13794813.0
2017S1,25,RN - Rio Grande do Norte,RN,RCDP,62563.8080276605,5252943.58733684,79372.3888388433,30.0,776762.0
2017S1,25,RN - Rio Grande do Norte,RN,TOTAL,67864.6080125719,113189939.576476,193373.255570539,22741.0,96428390.0
2017S2,25,RN - Rio Grande do Norte,RN,APP,43095.0755311884,1988592.12482963,25648.1981770956,1.0,22171.0
2017S2,25,RN - Rio Grande do Norte,RN,CASCO,66612.6173540992,95809891.5819796,40207.7552828474,18331.0,79959058.0
2017S2,25,RN - Rio Grande do Norte,RN,RCDM,67025.507770929,16871211.6007427,69174.8560384158,2662.0,14116318.0
2017S2,25,RN - Rio Grande do Norte,RN,RCDP,64941.4119273042,5360422.71176292,80127.4373882731,12.0,127251.0
2017S2,25,RN - Rio Grande do Norte,RN,TOTAL,70209.2090568431,120007977.193704,195655.84330325,21006.0,94224798.0
2018S1,25,RN - Rio Grande do Norte,RN,APP,49931.8025958329,2199312.77605996,24119.011956186,2.0,37500.0
2018S1,25,RN - Rio Grande do Norte,RN,CASCO,73707.9121288527,110280547.652436,41452.4051420455,20875.0,87242364.0
2018S1,25,RN - Rio Grande do Norte,RN,RCDM,74078.0436370475,19352920.3038342,69051.3510668215,2472.0,13456207.0
2018S1,25,RN - Rio Grande do Norte,RN,RCDP,71640.610766713,5753412.48510851,78115.5091302046,12.0,102665.0
2018S1,25,RN - Rio Grande do Norte,RN,TOTAL,77057.1230844366,137565914.506264,195978.911277779,23361.0,100838736.0
2018S2,25,RN - Rio Grande do Norte,RN,APP,50975.6040129019,1987854.55100747,24217.8443867978,1.0,14240.0
2018S2,25,RN - Rio Grande do Norte,RN,CASCO,75692.0197546738,112757336.511127,43743.6393682705,20609.0,81514898.0
2018S2,25,RN - Rio Grande do Norte,RN,RCDM,75918.055363623,20028436.8516618,69961.3139114308,2375.0,13862114.0
2018S2,25,RN - Rio Grande do Norte,RN,RCDP,73055.4554337864,5915188.69582258,79092.49298228,24.0,305990.0
2018S2,25,RN - Rio Grande do Norte,RN,TOTAL,79030.8799445974,140669936.065775,199502.929452681,23009.0,95697242.0
2019S1,25,RN - Rio Grande do Norte,RN,APP,52258.3943750514,1744304.70169128,26590.1250539289,1.0,10000.0
2019S1,25,RN - Rio Grande do Norte,RN,CASCO,75513.4710179507,112861674.224242,48466.532996577,22767.0,87699263.0
2019S1,25,RN - Rio Grande do Norte,RN,RCDM,76094.2600631579,20073428.1410198,76406.7262299501,2362.0,14394363.0
2019S1,25,RN - Rio Grande do Norte,RN,RCDP,73629.8271938455,6079859.91119841,84564.3507996548,51.0,462382.0
2019S1,25,RN - Rio Grande do Norte,RN,TOTAL,79149.6710142461,140746132.552885,217862.807425109,25181.0,102566008.0
2019S2,25,RN - Rio Grande do Norte,RN,APP,52567.8039388014,1761949.83248573,31753.9010485443,4.0,160000.0
2019S2,25,RN - Rio Grande do Norte,RN,CASCO,76256.4059910919,116406755.540806,49066.5744223615,22003.0,87344012.0
2019S2,25,RN - Rio Grande do Norte,RN,RCDM,76380.1840766664,20032352.4617813,77375.6787234118,2573.0,16221218.0
2019S2,25,RN - Rio Grande do Norte,RN,RCDP,74154.1238589054,6037281.83260984,85138.8483193135,9.0,324702.0
2019S2,25,RN - Rio Grande do Norte,RN,TOTAL,79893.2442670786,144222367.820616,222218.157514503,24589.0,104049932.0
2020S1,25,RN - Rio Grande do Norte,RN,APP,30884.1395662758,1091351.96110764,48782.4436598098,1.0,5000.0
2020S1,25,RN - Rio Grande do Norte,RN,CASCO,65499.750202816,97819647.4854874,49064.756157956,17488.0,75961772.0
2020S1,25,RN - Rio Grande do Norte,RN,RCDM,48850.42717695,12342784.36188,78129.1869375645,1463.0,9401594.0
2020S1,25,RN - Rio Grande do Norte,RN,RCDP,47426.7175910883,4486455.11330521,89537.6891638192,21.0,278141.0
2020S1,25,RN - Rio Grande do Norte,RN,TOTAL,68945.9501915453,115732821.422659,186746.790130612,18973.0,85646507.0
2020S2,25,RN - Rio Grande do Norte,RN,APP,39809.1878973884,1384523.79641865,39718.3946575828,7.0,81433.0
2020S2,25,RN - Rio Grande do Norte,RN,CASCO,58960.4942235542,89588424.6056105,50050.9320298103,27894.0,78887961.0
2020S2,25,RN - Rio Grande do Norte,RN,RCDM,58136.9216586333,15193083.8801191,79196.6974355566,1841.0,11780375.0
2020S2,25,RN - Rio Grande do Norte,RN,RCDP,56960.261412879,5019632.39468851,89395.7459604628,20.0,364755.0
2020S2,25,RN - Rio Grande do Norte,RN,TOTAL,61665.4530786867,111180635.388215,232375.341339352,29762.0,91114524.0
2016S1,26,AL - Alagoas,AL,APP,20909.9115574877,736061.190861807,15302.1148123918,1.0,7045.0
2016S1,26,AL - Alagoas,AL,CASCO,44002.2505478421,62546490.4530444,37445.1857777901,11317.0,51022862.0
2016S1,26,AL - Alagoas,AL,RCDM,43996.0368591547,11295072.3842811,60702.5671631311,2176.0,11039004.0
2016S1,26,AL - Alagoas,AL,RCDP,42707.3766161669,4183797.38398348,65170.5916048652,5.0,38952.0
2016S1,26,AL - Alagoas,AL,TOTAL,45094.8834043583,78714917.1759811,165696.704652729,13499.0,62107863.0
2016S2,26,AL - Alagoas,AL,APP,20975.1281914203,743609.614139605,17085.0148730838,,
2016S2,26,AL - Alagoas,AL,CASCO,45698.1166014262,64728114.7863364,39304.2435543086,11787.0,53483043.0
2016S2,26,AL - Alagoas,AL,RCDM,45351.3905793391,11761477.3828481,62834.9334063819,2211.0,11478601.0
2016S2,26,AL - Alagoas,AL,RCDP,44003.478280623,4267356.64845191,67881.962417109,15.0,562044.0
2016S2,26,AL - Alagoas,AL,TOTAL,47076.4699988347,81456370.5967543,171532.952842462,14013.0,65523688.0
2017S1,26,AL - Alagoas,AL,APP,19975.8328119013,771489.327736096,16886.1569783292,1.0,1560.0
2017S1,26,AL - Alagoas,AL,CASCO,43546.4601382203,63724140.4433365,38933.4257248161,11438.0,50083152.0
2017S1,26,AL - Alagoas,AL,RCDM,43884.4327443619,11885461.4452987,63021.1194995953,2004.0,10413077.0
2017S1,26,AL - Alagoas,AL,RCDP,42549.5806937432,4009023.13768282,67176.4799529279,12.0,113704.0
2017S1,26,AL - Alagoas,AL,TOTAL,45135.9313712469,80382072.6956605,170943.75329468,13455.0,60611493.0
2017S2,26,AL - Alagoas,AL,APP,19167.9035910782,827130.692449166,16970.7823509946,,
2017S2,26,AL - Alagoas,AL,CASCO,42703.3577826307,63822966.4677026,40333.1414904917,10788.0,45969621.0
2017S2,26,AL - Alagoas,AL,RCDM,43074.8043598505,12227189.0641669,64314.5632397411,2156.0,11189629.0
2017S2,26,AL - Alagoas,AL,RCDP,42752.3988783155,4187414.87572425,67219.9477198663,4.0,122108.0
2017S2,26,AL - Alagoas,AL,TOTAL,44979.8892339855,81057104.4893221,172412.391364044,12948.0,57281358.0
2018S1,26,AL - Alagoas,AL,APP,23144.0793826682,860136.058964698,15603.6344980166,1.0,1000.0
2018S1,26,AL - Alagoas,AL,CASCO,47038.1286310046,70640568.1396339,42089.0650167303,12413.0,50013806.0
2018S1,26,AL - Alagoas,AL,RCDM,47589.9642511499,13699969.049388,65230.1180367616,2208.0,12710974.0
2018S1,26,AL - Alagoas,AL,RCDP,46650.2382254656,4371462.73085811,67738.9691489012,5.0,11703.0
2018S1,26,AL - Alagoas,AL,TOTAL,49184.9532875298,89562301.5519495,176867.512920679,14627.0,62737483.0
2018S2,26,AL - Alagoas,AL,APP,23819.6596015268,851606.396732877,16221.891092935,2.0,8750.0
2018S2,26,AL - Alagoas,AL,CASCO,49456.2835947978,73631978.3660151,44422.7896003204,13160.0,53653759.0
2018S2,26,AL - Alagoas,AL,RCDM,49752.3000302119,14451665.6748186,66988.2824654551,2296.0,12631106.0
2018S2,26,AL - Alagoas,AL,RCDP,48613.7931950241,4618076.34566944,68996.1792302209,12.0,135417.0
2018S2,26,AL - Alagoas,AL,TOTAL,51432.050666918,93541757.5498515,182329.596699309,15470.0,66429032.0
2019S1,26,AL - Alagoas,AL,APP,24436.1341754701,856156.125551661,19895.0938134553,2.0,20000.0
2019S1,26,AL - Alagoas,AL,CASCO,50805.969720725,75643045.4877977,50557.2668144275,14473.0,53461260.0
2019S1,26,AL - Alagoas,AL,RCDM,49735.9697286771,14206055.9330932,75497.6130621719,2152.0,13158713.0
2019S1,26,AL - Alagoas,AL,RCDP,48514.7615126339,4483528.59412804,75695.2356777909,69.0,465422.0
2019S1,26,AL - Alagoas,AL,TOTAL,52333.4217756316,95182147.7420464,202564.890577251,16696.0,67105395.0
2019S2,26,AL - Alagoas,AL,APP,24867.4677654477,891768.251238037,20702.027850099,,
2019S2,26,AL - Alagoas,AL,CASCO,49614.2341994271,75898146.6993665,52154.6252709427,15265.0,55374200.0
2019S2,26,AL - Alagoas,AL,RCDM,49364.1246238411,14024544.951518,77133.6271538806,2426.0,14981447.0
2019S2,26,AL - Alagoas,AL,RCDP,47977.4205466383,4079155.99467853,76867.5935907105,12.0,116687.0
2019S2,26,AL - Alagoas,AL,TOTAL,50927.2204699414,94887881.8450729,209796.1057201,17703.0,70472334.0
2020S1,26,AL - Alagoas,AL,APP,17326.4519647709,572567.526175697,21257.8208516899,,
2020S1,26,AL - Alagoas,AL,CASCO,43872.3148001186,64752506.940956,52317.8241593684,12874.0,49922679.0
2020S1,26,AL - Alagoas,AL,RCDM,35470.6793015362,9737058.12152349,77883.3892147094,1512.0,9979840.0
2020S1,26,AL - Alagoas,AL,RCDP,34329.4491676814,3246096.37792355,81853.7421710857,13.0,107778.0
2020S1,26,AL - Alagoas,AL,TOTAL,45101.5586340437,78304175.0401767,184539.500830246,14399.0,60010297.0
2020S2,26,AL - Alagoas,AL,APP,21620.4021086306,743189.515944765,23239.2071212904,3.0,17000.0
2020S2,26,AL - Alagoas,AL,CASCO,42008.9495357824,63281652.6871075,54675.4022221696,18191.0,58121059.0
2020S2,26,AL - Alagoas,AL,RCDM,41988.9385823603,11824251.7339418,80891.5011184957,1900.0,13244780.0
2020S2,26,AL - Alagoas,AL,RCDP,40714.7523098732,3647488.35110789,85979.7862283383,13.0,95135.0
2020S2,26,AL - Alagoas,AL,TOTAL,43407.8399130297,79491691.6000083,225351.428881733,20107.0,71477974.0
2016S1,27,CE - Ceará,CE,APP,78700.3287481293,3187911.69104064,108214.576553961,7.0,40500.0
2016S1,27,CE - Ceará,CE,CASCO,123820.017685714,179047039.265754,38262.7641940633,34279.0,159685175.0
2016S1,27,CE - Ceará,CE,RCDM,131594.231430461,39202516.1838661,70824.2476753022,7180.0,38326916.0
2016S1,27,CE - Ceará,CE,RCDP,122440.776850853,13068450.1389246,71447.9116469921,38.0,340618.0
2016S1,27,CE - Ceará,CE,TOTAL,136306.069714148,234462320.001823,230689.017861572,41504.0,198393209.0
2016S2,27,CE - Ceará,CE,APP,77039.1514200144,3193794.37330714,64572.6707463348,5.0,19011.0
2016S2,27,CE - Ceará,CE,CASCO,125161.484458817,179235734.274467,38694.3916346818,34152.0,165943500.0
2016S2,27,CE - Ceará,CE,RCDM,129576.413170907,39041455.0167375,72068.3295081315,7372.0,41536119.0
2016S2,27,CE - Ceará,CE,RCDP,121212.311965433,12642642.3096649,73118.4856241668,41.0,402767.0
2016S2,27,CE - Ceará,CE,TOTAL,135682.007600629,234060626.790603,207785.45969598,41570.0,207901397.0
2017S1,27,CE - Ceará,CE,APP,74780.1394892,3366576.24472446,103430.611557762,2.0,94500.0
2017S1,27,CE - Ceará,CE,CASCO,120031.484551812,177940498.818114,38566.7875674801,32771.0,158601754.0
2017S1,27,CE - Ceará,CE,RCDM,125817.383192402,39083929.0079756,72330.0987661371,6844.0,41070975.0
2017S1,27,CE - Ceará,CE,RCDP,118652.451686884,11754180.0933118,74002.3382715802,55.0,490226.0
2017S1,27,CE - Ceará,CE,TOTAL,130379.462633919,232102592.715814,233018.098866138,39672.0,200257455.0
2017S2,27,CE - Ceará,CE,APP,74052.0309634274,3572997.5701798,114057.544175262,4.0,25000.0
2017S2,27,CE - Ceará,CE,CASCO,120292.980443579,184813022.29654,39902.9055484081,29279.0,150755168.0
2017S2,27,CE - Ceará,CE,RCDM,126387.624204306,40366356.4037133,76257.3484602434,7171.0,44097153.0
2017S2,27,CE - Ceará,CE,RCDP,122943.114653517,12029393.5832407,73456.7472645749,37.0,431269.0
2017S2,27,CE - Ceará,CE,TOTAL,132999.648699879,240726354.23072,241099.350221851,36491.0,195308590.0
2018S1,27,CE - Ceará,CE,APP,81652.8874471649,3780290.44121106,98167.5173990062,9.0,76114.0
2018S1,27,CE - Ceará,CE,CASCO,128851.906492798,201482026.287264,41830.6555971939,32522.0,149001511.0
2018S1,27,CE - Ceará,CE,RCDM,131891.147592039,44301988.2796868,72757.3882480863,6142.0,36734706.0
2018S1,27,CE - Ceará,CE,RCDP,128915.454442671,12143670.8018536,74145.0955058722,23.0,344546.0
2018S1,27,CE - Ceará,CE,TOTAL,137406.01059763,261627007.49433,238304.443859922,38696.0,186156877.0
2018S2,27,CE - Ceará,CE,APP,83879.2607065635,3730137.15864766,79206.1257927132,8.0,108620.0
2018S2,27,CE - Ceará,CE,CASCO,134997.971662943,209875324.129685,43793.4524608977,32266.0,152814974.0
2018S2,27,CE - Ceará,CE,RCDM,137973.755156153,46397790.4668297,74394.1257212735,6741.0,40855221.0
2018S2,27,CE - Ceará,CE,RCDP,134264.845644328,13001841.7439088,75201.6795891538,46.0,410990.0
2018S2,27,CE - Ceará,CE,TOTAL,143705.694744798,272972038.814516,230484.445837974,39061.0,194189805.0
2019S1,27,CE - Ceará,CE,APP,83278.5970281833,3524629.12947259,73407.9756619732,4.0,36500.0
2019S1,27,CE - Ceará,CE,CASCO,134858.018803474,208128810.417411,49251.3977226099,36308.0,149668035.0
2019S1,27,CE - Ceará,CE,RCDM,138015.569511069,45371662.9326341,82416.204106889,6174.0,37192423.0
2019S1,27,CE - Ceará,CE,RCDP,134257.648974264,13059815.179252,81740.8619516348,197.0,1868060.0
2019S1,27,CE - Ceará,CE,TOTAL,145719.18593468,270062975.196644,242725.683668443,42683.0,188765018.0
2019S2,27,CE - Ceará,CE,APP,84074.0442133844,3537547.83836795,76168.6216532205,9.0,111114.0
2019S2,27,CE - Ceará,CE,CASCO,134539.308584273,207262970.432728,50227.6910171711,35605.0,143821111.0
2019S2,27,CE - Ceará,CE,RCDM,138788.812649211,44666058.1269093,81971.9062681589,6773.0,43551334.0
2019S2,27,CE - Ceará,CE,RCDP,134556.10590446,12476426.7655848,83899.2283221384,38.0,493172.0
2019S2,27,CE - Ceará,CE,TOTAL,144659.456348516,267925301.48088,249228.264132768,42425.0,187976731.0
2020S1,27,CE - Ceará,CE,APP,55956.2326442916,2203601.81962886,95190.2394613271,2.0,2462.0
2020S1,27,CE - Ceará,CE,CASCO,112079.525392478,167127741.506235,49613.672172414,27936.0,114889186.0
2020S1,27,CE - Ceará,CE,RCDM,93079.0845692037,28563293.2554164,84582.2032910585,3700.0,24227652.0
2020S1,27,CE - Ceará,CE,RCDP,90726.6325184028,9159311.89765525,88586.3382277091,30.0,433719.0
2020S1,27,CE - Ceará,CE,TOTAL,121217.434928598,207038406.018566,222430.175679798,31668.0,139553019.0
2020S2,27,CE - Ceará,CE,APP,72856.2281507566,2832901.06953384,86861.2240004821,11.0,156412.0
2020S2,27,CE - Ceará,CE,CASCO,109264.525884586,166174975.816588,52197.008360483,42062.0,146294541.0
2020S2,27,CE - Ceará,CE,RCDM,112076.430029016,36050146.5868299,88252.2310523758,5638.0,38863740.0
2020S2,27,CE - Ceará,CE,RCDP,109464.232820279,10370015.6203941,90707.1614279115,45.0,691609.0
2020S2,27,CE - Ceará,CE,TOTAL,118187.805235639,215415140.524685,271369.817031154,47756.0,186006302.0
2016S1,28,PI - Piaui,PI,APP,20714.6102262503,907497.054714667,23076.6587485996,3.0,10002.0
2016S1,28,PI - Piaui,PI,CASCO,31785.9523428176,54576920.2367294,43246.5485872707,8793.0,47724013.0
2016S1,28,PI - Piaui,PI,RCDM,31977.4290577499,9601904.50137835,64783.670297971,1497.0,8473477.0
2016S1,28,PI - Piaui,PI,RCDP,30543.1277231369,3071799.16047569,67024.7014480238,13.0,74320.0
2016S1,28,PI - Piaui,PI,TOTAL,32893.2454804503,68139013.779575,182130.381401181,10306.0,56281812.0
2016S2,28,PI - Piaui,PI,APP,19752.1172733326,861963.986202126,24946.4302257836,3.0,15000.0
2016S2,28,PI - Piaui,PI,CASCO,31360.0375236394,53260512.5507875,44227.1423284087,8943.0,51555411.0
2016S2,28,PI - Piaui,PI,RCDM,31438.0238225646,9512400.09464339,68171.0149725232,1573.0,9949883.0
2016S2,28,PI - Piaui,PI,RCDP,30062.4622107516,2911417.28012733,70378.0332252454,12.0,123810.0
2016S2,28,PI - Piaui,PI,TOTAL,32355.3964068596,66541508.836844,190728.355129083,10531.0,61644104.0
2017S1,28,PI - Piaui,PI,APP,18817.9232277279,909671.48988946,29560.2253180347,1.0,10000.0
2017S1,28,PI - Piaui,PI,CASCO,30210.4820977435,52962040.6087414,44147.1695407875,8637.0,48946308.0
2017S1,28,PI - Piaui,PI,RCDM,30488.2382633551,9686931.74030669,70088.9584214145,1448.0,9437734.0
2017S1,28,PI - Piaui,PI,RCDP,29229.9122394607,2786184.41058034,72573.8604108745,16.0,322061.0
2017S1,28,PI - Piaui,PI,TOTAL,31291.5807271749,66341294.335614,197179.444150617,10102.0,58716103.0
2017S2,28,PI - Piaui,PI,APP,18756.9638780113,1035990.03932205,33815.6150419167,5.0,55000.0
2017S2,28,PI - Piaui,PI,CASCO,30152.1882366845,55072435.7071341,45972.7065640951,8122.0,44476246.0
2017S2,28,PI - Piaui,PI,RCDM,30618.3279534797,9989123.05797552,71328.0950807862,1702.0,11005281.0
2017S2,28,PI - Piaui,PI,RCDP,30126.270427932,2913465.45299768,72534.8721742428,8.0,129669.0
2017S2,28,PI - Piaui,PI,TOTAL,31847.8977841893,69008064.4715526,201328.419929577,9837.0,55666196.0
2018S1,28,PI - Piaui,PI,APP,21277.9698015107,1110579.65603588,28889.6178524281,,
2018S1,28,PI - Piaui,PI,CASCO,32698.0300432909,60914452.9041977,48805.4352299856,9128.0,53509258.0
2018S1,28,PI - Piaui,PI,RCDM,33374.0053892154,11333761.0494424,74821.9599916477,1549.0,9866734.0
2018S1,28,PI - Piaui,PI,RCDP,32621.2053880063,3072118.45067371,76722.2195288376,10.0,64043.0
2018S1,28,PI - Piaui,PI,TOTAL,34421.2629205361,76423135.2856445,210277.307514048,10687.0,63440035.0
2018S2,28,PI - Piaui,PI,APP,22253.687059104,1053362.06579654,28807.2344705587,,
2018S2,28,PI - Piaui,PI,CASCO,34696.588095706,65886199.4953552,52084.4276989356,8894.0,53468743.0
2018S2,28,PI - Piaui,PI,RCDM,35283.0949359769,12273321.4251064,74584.4060112512,1476.0,11347480.0
2018S2,28,PI - Piaui,PI,RCDP,34309.2839939068,3453254.2438467,74884.2360710222,14.0,131566.0
2018S2,28,PI - Piaui,PI,TOTAL,36395.2921661041,82659536.5560028,211114.366730076,10384.0,64947789.0
2019S1,28,PI - Piaui,PI,APP,22721.3971975031,948136.828765172,29365.70394814,2.0,19115.0
2019S1,28,PI - Piaui,PI,CASCO,35473.3533276264,66792384.9350903,58997.910872461,9364.0,59870225.0
2019S1,28,PI - Piaui,PI,RCDM,35411.7533294158,12317391.9227035,81834.1810263629,1353.0,10640911.0
2019S1,28,PI - Piaui,PI,RCDP,34393.5040170052,3528158.48947443,80615.3796076217,68.0,639151.0
2019S1,28,PI - Piaui,PI,TOTAL,37019.7231895388,83531664.7962834,229085.469721411,10787.0,71169402.0
2019S2,28,PI - Piaui,PI,APP,22384.788381828,916654.109713609,27841.7650755411,3.0,24115.0
2019S2,28,PI - Piaui,PI,CASCO,35259.0510426299,67106275.4080445,60466.8787308903,9561.0,59646164.0
2019S2,28,PI - Piaui,PI,RCDM,35373.2072073021,12187090.3713974,83478.0852688012,1555.0,13109811.0
2019S2,28,PI - Piaui,PI,RCDP,34316.8565523182,3309762.44037567,80328.0814128076,14.0,370250.0
2019S2,28,PI - Piaui,PI,TOTAL,36523.0345733389,83440981.782895,232915.246236984,11133.0,73150340.0
2020S1,28,PI - Piaui,PI,APP,14668.7506286893,608012.929426841,48883.48280553,3.0,60000.0
2020S1,28,PI - Piaui,PI,CASCO,30061.1587099554,55335966.0859049,59780.686511729,7014.0,42173075.0
2020S1,28,PI - Piaui,PI,RCDM,22111.6574614518,7454615.65066492,86772.4089879134,813.0,6968152.0
2020S1,28,PI - Piaui,PI,RCDP,21539.9697911255,2453204.15681297,92439.8387317804,7.0,63030.0
2020S1,28,PI - Piaui,PI,TOTAL,31187.665555818,65847744.7952325,207060.793542374,7837.0,49264257.0
2020S2,28,PI - Piaui,PI,APP,19976.8049256587,816076.741618826,30842.9439064798,6.0,54099.0
2020S2,28,PI - Piaui,PI,CASCO,28872.319765606,56198232.4588554,63442.1407399725,11468.0,57058502.0
2020S2,28,PI - Piaui,PI,RCDM,28685.0923791407,10239339.934764,89530.2608283402,997.0,8793762.0
2020S2,28,PI - Piaui,PI,RCDP,28082.9362298008,3026935.21613716,96424.3437902195,6.0,173723.0
2020S2,28,PI - Piaui,PI,TOTAL,29896.8868691484,70276225.6279417,259486.117865856,12477.0,66080086.0
2016S1,29,MA - Maranhão,MA,APP,31239.8373482483,1560833.65396675,38528.991069027,8.0,188802.0
2016S1,29,MA - Maranhão,MA,CASCO,41951.2068760805,75007881.4593182,44028.1968041794,10052.0,63468789.0
2016S1,29,MA - Maranhão,MA,RCDM,43515.1739655393,13218998.898682,69323.1979527621,1928.0,11115323.0
2016S1,29,MA - Maranhão,MA,RCDP,41818.8287982768,5100391.8263558,76606.9198539869,10.0,59030.0
2016S1,29,MA - Maranhão,MA,TOTAL,44578.8725790991,94880493.2911004,208430.883471431,11998.0,74831944.0
2016S2,29,MA - Maranhão,MA,APP,30006.5526379477,1457348.84778338,33161.0678554947,3.0,18501.0
2016S2,29,MA - Maranhão,MA,CASCO,41919.5468723061,71715801.7971365,43873.2950475101,10631.0,63891328.0
2016S2,29,MA - Maranhão,MA,RCDM,43009.2372571402,12497167.8438664,70090.8580792946,2121.0,12968385.0
2016S2,29,MA - Maranhão,MA,RCDP,41320.3140033381,4666789.27379093,77107.3140818539,14.0,169897.0
2016S2,29,MA - Maranhão,MA,TOTAL,44219.9440872795,90326182.6306676,205283.558748329,12769.0,77048111.0
2017S1,29,MA - Maranhão,MA,APP,28121.230051476,1399760.01698008,41929.434780829,2.0,6800.0
2017S1,29,MA - Maranhão,MA,CASCO,39219.6765922774,68395378.235107,44248.624973745,9894.0,61054762.0
2017S1,29,MA - Maranhão,MA,RCDM,40354.4574143831,12192210.9477188,70209.8618390791,1726.0,12334231.0
2017S1,29,MA - Maranhão,MA,RCDP,38966.5724869077,4248689.61932842,78510.6906796206,18.0,417975.0
2017S1,29,MA - Maranhão,MA,TOTAL,41398.0409737118,86229390.5914649,213382.18307613,11640.0,73813768.0
2017S2,29,MA - Maranhão,MA,APP,28099.2074719863,1556777.24990899,40927.284017988,4.0,69115.0
2017S2,29,MA - Maranhão,MA,CASCO,39529.6975895944,71526748.6080214,46233.941777714,9612.0,63194481.0
2017S2,29,MA - Maranhão,MA,RCDM,41084.659203554,13090537.1134173,70516.8543062263,2296.0,15655492.0
2017S2,29,MA - Maranhão,MA,RCDP,40423.2948300783,4716068.67844273,77880.3278730561,9.0,102806.0
2017S2,29,MA - Maranhão,MA,TOTAL,42592.0783396331,90873134.256705,212635.275229014,11921.0,79021894.0
2018S1,29,MA - Maranhão,MA,APP,29681.9999150904,1606870.64022132,40711.6098756767,3.0,30730.0
2018S1,29,MA - Maranhão,MA,CASCO,41590.4519386454,77433343.7614172,49297.5824138421,10032.0,58194280.0
2018S1,29,MA - Maranhão,MA,RCDM,43407.5341305612,14400688.8136376,72786.459679779,1820.0,11882711.0
2018S1,29,MA - Maranhão,MA,RCDP,42631.8081033551,4823932.83459325,79496.8406967011,14.0,295949.0
2018S1,29,MA - Maranhão,MA,TOTAL,44721.7615254219,98253794.340318,219911.126117381,11869.0,70403670.0
2018S2,29,MA - Maranhão,MA,APP,30742.99368269,1598728.02087417,43085.1184468904,3.0,57500.0
2018S2,29,MA - Maranhão,MA,CASCO,44703.0535900337,82535565.6825143,52174.6794483573,10233.0,64356340.0
2018S2,29,MA - Maranhão,MA,RCDM,46458.3905476946,15305652.0884733,72902.6978727557,1863.0,12869890.0
2018S2,29,MA - Maranhão,MA,RCDP,45130.091943034,5165951.9542016,79176.302937798,13.0,201527.0
2018S2,29,MA - Maranhão,MA,TOTAL,47820.3685890748,104590551.947918,222739.386208172,12112.0,77485257.0
2019S1,29,MA - Maranhão,MA,APP,31026.8848441741,1587546.31860511,48438.2911819487,5.0,45000.0
2019S1,29,MA - Maranhão,MA,CASCO,44585.6382292272,82952749.3066444,60454.1198141781,10704.0,65316496.0
2019S1,29,MA - Maranhão,MA,RCDM,46386.3012418039,15384449.0805591,82162.1891962105,1698.0,12482395.0
2019S1,29,MA - Maranhão,MA,RCDP,45301.9039844912,5284022.99847415,88478.3647909824,82.0,633536.0
2019S1,29,MA - Maranhão,MA,TOTAL,48043.3286354393,105202486.385336,251617.7676472,12489.0,78477427.0
2019S2,29,MA - Maranhão,MA,APP,31294.0676137945,1595450.78456112,54032.8070342145,6.0,98599.0
2019S2,29,MA - Maranhão,MA,CASCO,45806.2398435446,84631791.3349507,61572.7404011387,10959.0,65872149.0
2019S2,29,MA - Maranhão,MA,RCDM,47295.3466665726,15180221.1069474,82964.6368270234,1969.0,14146497.0
2019S2,29,MA - Maranhão,MA,RCDP,46251.4480591365,4986968.23147794,88855.0054861763,11.0,149015.0
2019S2,29,MA - Maranhão,MA,TOTAL,48836.0699186213,106387490.670479,258051.216644664,12945.0,80266260.0
2020S1,29,MA - Maranhão,MA,APP,19796.4191054134,1023767.5560871,62206.5391380325,2.0,19115.0
2020S1,29,MA - Maranhão,MA,CASCO,36612.5806335947,66890356.6890836,62259.9271813267,9158.0,58838218.0
2020S1,29,MA - Maranhão,MA,RCDM,30941.6903118459,9685529.42408494,83023.9605196219,1137.0,8445069.0
2020S1,29,MA - Maranhão,MA,RCDP,30002.9341497063,3604777.29508375,94371.2574167339,12.0,309146.0
2020S1,29,MA - Maranhão,MA,TOTAL,38998.9641869115,81200467.7774878,229429.217092307,10309.0,67611548.0
2020S2,29,MA - Maranhão,MA,APP,29656.9718235163,1597700.23454086,47928.1448302285,1.0,14115.0
2020S2,29,MA - Maranhão,MA,CASCO,40162.5551336608,78065878.6349972,65085.2057306322,14526.0,76078988.0
2020S2,29,MA - Maranhão,MA,RCDM,40819.8017092533,14152366.8299141,89141.5771871437,1764.0,14126842.0
2020S2,29,MA - Maranhão,MA,RCDP,40130.5469300793,4389127.64402688,97309.0240779879,14.0,113163.0
2020S2,29,MA - Maranhão,MA,TOTAL,42269.7907138094,98199049.2588518,275286.476236379,16305.0,90333108.0
2016S1,30,PA - Pará,PA,APP,56497.283022414,2911521.38208589,28383.9898100996,6.0,56725.0
2016S1,30,PA - Pará,PA,CASCO,67401.9512116821,117625992.90164,45684.6574491446,17706.0,87941304.0
2016S1,30,PA - Pará,PA,RCDM,69729.0005102339,19393782.2105875,84776.945225787,2540.0,14895745.0
2016S1,30,PA - Pará,PA,RCDP,66972.9786505527,8085405.64795897,94910.7929246781,28.0,301982.0
2016S1,30,PA - Pará,PA,TOTAL,71694.6497844206,147973121.144035,237678.009385898,20280.0,103195756.0
2016S2,30,PA - Pará,PA,APP,55192.9053818174,2905932.61687342,30544.1675590014,10.0,87110.0
2016S2,30,PA - Pará,PA,CASCO,67726.5078265485,116261273.324798,45461.3525621602,17497.0,89273930.0
2016S2,30,PA - Pará,PA,RCDM,69618.5488953553,19099480.7468119,84845.7989988549,2550.0,15625260.0
2016S2,30,PA - Pará,PA,RCDP,67571.9571669386,8040151.24673774,98236.9842495265,23.0,213602.0
2016S2,30,PA - Pará,PA,TOTAL,72183.5269318377,146278549.788481,241641.802474398,20080.0,105199902.0
2017S1,30,PA - Pará,PA,APP,51138.1012174338,2817469.32528978,31248.5985038444,4.0,49767.0
2017S1,30,PA - Pará,PA,CASCO,62533.7696728222,109270425.385838,45427.6381816519,16248.0,86597310.0
2017S1,30,PA - Pará,PA,RCDM,64693.3368022861,17563697.2066355,83805.9704661498,2326.0,14888548.0
2017S1,30,PA - Pará,PA,RCDP,63270.2984502246,7122660.50073528,99010.2336518298,38.0,463943.0
2017S1,30,PA - Pará,PA,TOTAL,66647.840907678,136755999.896084,243204.290580405,18616.0,101999568.0
2017S2,30,PA - Pará,PA,APP,50634.9219612218,2993810.30716146,31336.1982422144,4.0,185000.0
2017S2,30,PA - Pará,PA,CASCO,62848.875079765,114215423.150955,46426.1205017361,15706.0,89877378.0
2017S2,30,PA - Pará,PA,RCDM,64707.6613534084,17745687.360669,81610.262434197,2545.0,16693923.0
2017S2,30,PA - Pará,PA,RCDP,64016.3380824476,7158222.7972563,97195.7067318567,28.0,489819.0
2017S2,30,PA - Pará,PA,TOTAL,67559.7708702227,142085818.120436,238418.574251777,18283.0,107246120.0
2018S1,30,PA - Pará,PA,APP,51243.8793112072,3023265.32990555,32779.8615478822,4.0,54115.0
2018S1,30,PA - Pará,PA,CASCO,63147.1779096178,117504272.802308,49326.7123283069,15448.0,88413487.0
2018S1,30,PA - Pará,PA,RCDM,65070.1012033927,18489872.3793082,83022.1378905976,2014.0,13784006.0
2018S1,30,PA - Pará,PA,RCDP,64253.8190147886,7093109.13964123,97955.5260665548,19.0,138861.0
2018S1,30,PA - Pará,PA,TOTAL,67883.2409255435,146083042.636129,244426.002178316,17485.0,102390469.0
2018S2,30,PA - Pará,PA,APP,53347.3163748365,3009434.87794489,32172.1279661161,7.0,138527.0
2018S2,30,PA - Pará,PA,CASCO,67415.8091645152,124874924.526083,51609.0252604662,15823.0,92782980.0
2018S2,30,PA - Pará,PA,RCDM,68617.1488771727,20090172.21003,82690.9940230118,2212.0,14235091.0
2018S2,30,PA - Pará,PA,RCDP,67482.7242446775,7736348.04866241,97743.1909263587,17.0,148439.0
2018S2,30,PA - Pará,PA,TOTAL,71638.244690137,155693519.460895,245400.014711262,18059.0,107305037.0
2019S1,30,PA - Pará,PA,APP,53506.6710867691,2853324.49142641,36995.1548860414,4.0,50000.0
2019S1,30,PA - Pará,PA,CASCO,69288.9888468608,127356663.75114,56324.7766017646,18742.0,96008916.0
2019S1,30,PA - Pará,PA,RCDM,68639.9066653578,20266788.46626,88666.6065051435,2147.0,16099054.0
2019S1,30,PA - Pará,PA,RCDP,67528.5943391053,7896544.86046365,103005.42799202,69.0,668908.0
2019S1,30,PA - Pará,PA,TOTAL,74154.8381570503,158360544.625899,256928.84450638,20962.0,112826878.0
2019S2,30,PA - Pará,PA,APP,54636.8834302882,3219638.8250794,43178.6622862416,4.0,119999.0
2019S2,30,PA - Pará,PA,CASCO,68249.7131730695,125934854.345241,58381.3162084006,19984.0,110193915.0
2019S2,30,PA - Pará,PA,RCDM,70547.3652347745,20108277.0164371,96467.3275219683,2484.0,18766732.0
2019S2,30,PA - Pará,PA,RCDP,69510.4967682338,7483387.27619645,114379.312925839,23.0,430865.0
2019S2,30,PA - Pará,PA,TOTAL,73793.6692570099,156735047.331423,287427.886455681,22495.0,129511511.0
2020S1,30,PA - Pará,PA,APP,36550.6053431709,2262582.3180741,43931.2957229508,3.0,22515.0
2020S1,30,PA - Pará,PA,CASCO,58624.19693811,107428726.209452,58680.7229066131,16847.0,89661527.0
2020S1,30,PA - Pará,PA,RCDM,47252.3642255347,13155615.4120944,102653.520352357,1534.0,12449744.0
2020S1,30,PA - Pará,PA,RCDP,46650.8683362342,5736473.83664382,127159.878380592,15.0,224257.0
2020S1,30,PA - Pará,PA,TOTAL,63168.3777599698,128573843.20694,252065.388982318,18399.0,102358043.0
2020S2,30,PA - Pará,PA,APP,54079.094475951,3058492.07704746,38221.7117740107,10.0,193500.0
2020S2,30,PA - Pará,PA,CASCO,67301.0503227799,131154697.579482,61650.2663545858,25223.0,118242746.0
2020S2,30,PA - Pará,PA,RCDM,66853.6120020705,20399056.317573,93479.8650875661,2213.0,18193487.0
2020S2,30,PA - Pará,PA,RCDP,65930.2147640786,7233842.14569482,110877.748472501,22.0,181174.0
2020S2,30,PA - Pará,PA,TOTAL,70629.0036934619,161201978.609891,282704.170517487,27468.0,136810907.0
2016S1,31,AM - Amazonas,AM,APP,24504.6402828521,1300470.28103516,30690.7421815554,6.0,61006.0
2016S1,31,AM - Amazonas,AM,CASCO,27127.5224078167,42989730.6605788,44541.7715062057,5540.0,25906388.0
2016S1,31,AM - Amazonas,AM,RCDM,29028.3031934774,8784598.12249438,79388.8097597397,1319.0,7609686.0
2016S1,31,AM - Amazonas,AM,RCDP,28745.4730588202,3438862.54742141,101275.82122364,7.0,64652.0
2016S1,31,AM - Amazonas,AM,TOTAL,29701.2730484288,56505347.8220477,242803.666602215,6872.0,33641732.0
2016S2,31,AM - Amazonas,AM,APP,23302.0760954511,1227505.78883197,34107.8296678157,,
2016S2,31,AM - Amazonas,AM,CASCO,26580.1527209538,41444383.8602241,44770.1683567586,5758.0,27813163.0
2016S2,31,AM - Amazonas,AM,RCDM,28196.3417246598,8387585.59917423,79990.4369622986,1341.0,7599624.0
2016S2,31,AM - Amazonas,AM,RCDP,28290.859528135,3385617.03231216,109102.082367918,5.0,24582.0
2016S2,31,AM - Amazonas,AM,TOTAL,29247.2951258039,54435570.7502578,251908.345120817,7104.0,35437369.0
2017S1,31,AM - Amazonas,AM,APP,21846.6848694878,1178868.30258927,34655.8862012703,3.0,14296.0
2017S1,31,AM - Amazonas,AM,CASCO,24879.7095180089,39424109.0676391,45151.9732700104,5390.0,26689276.0
2017S1,31,AM - Amazonas,AM,RCDM,27047.1423994824,8036431.01860377,87877.2206164535,1237.0,7271684.0
2017S1,31,AM - Amazonas,AM,RCDP,26950.3259605644,3167446.84070771,106946.238603271,12.0,117464.0
2017S1,31,AM - Amazonas,AM,TOTAL,27760.731440681,51796906.2035834,258247.200106344,6642.0,34092720.0
2017S2,31,AM - Amazonas,AM,APP,21934.0131624686,1297310.14987077,34488.705468493,5.0,30058.0
2017S2,31,AM - Amazonas,AM,CASCO,25089.3993766685,41177445.1965012,46287.0518037842,4895.0,25025076.0
2017S2,31,AM - Amazonas,AM,RCDM,26794.8459136733,8251761.84745934,80470.7060645904,1362.0,8458074.0
2017S2,31,AM - Amazonas,AM,RCDP,27222.7965894504,3301283.61260961,110651.524959739,12.0,70771.0
2017S2,31,AM - Amazonas,AM,TOTAL,28076.7965708831,54014374.0026748,253860.742266923,6274.0,33583979.0
2018S1,31,AM - Amazonas,AM,APP,22601.9862475581,1322640.1827565,34857.7112337226,3.0,14118.0
2018S1,31,AM - Amazonas,AM,CASCO,26478.9341782769,43296191.4462553,48059.5748740791,5254.0,24974407.0
2018S1,31,AM - Amazonas,AM,RCDM,27692.3780202754,9018339.57139338,81791.6418496804,1299.0,7172313.0
2018S1,31,AM - Amazonas,AM,RCDP,27981.504056091,3374628.49269259,109833.057810188,8.0,83039.0
2018S1,31,AM - Amazonas,AM,TOTAL,29250.6602138379,57002143.0818459,254627.530169912,6564.0,32243877.0
2018S2,31,AM - Amazonas,AM,APP,23386.6569251847,1332311.75564188,34074.5162036092,2.0,25000.0
2018S2,31,AM - Amazonas,AM,CASCO,27182.2787436466,44326840.791095,50961.8986722502,5354.0,24838587.0
2018S2,31,AM - Amazonas,AM,RCDM,28816.2403398389,9613997.81191899,80820.5592356312,1283.0,8318675.0
2018S2,31,AM - Amazonas,AM,RCDP,28757.4677351606,3450798.20100025,98527.8421997772,12.0,100848.0
2018S2,31,AM - Amazonas,AM,TOTAL,29768.7225099579,58712140.9741636,248290.812833978,6651.0,33283110.0
2019S1,31,AM - Amazonas,AM,APP,23282.4081566408,1304600.52574241,39659.6758345312,3.0,8503.0
2019S1,31,AM - Amazonas,AM,CASCO,27676.0328045134,45152503.5287336,56442.4395825358,5349.0,26953945.0
2019S1,31,AM - Amazonas,AM,RCDM,29443.6081500705,9948374.33251658,89577.2428340762,1187.0,8692591.0
2019S1,31,AM - Amazonas,AM,RCDP,29278.9204789288,3607236.2044069,107033.389971027,44.0,283268.0
2019S1,31,AM - Amazonas,AM,TOTAL,30569.3917086241,60004284.9222534,272231.768194957,6583.0,35938307.0
2019S2,31,AM - Amazonas,AM,APP,23882.4979458409,1319408.90944581,45390.1740330209,2.0,14117.0
2019S2,31,AM - Amazonas,AM,CASCO,28387.0430318411,46704683.3004207,57805.9951553818,5482.0,30686566.0
2019S2,31,AM - Amazonas,AM,RCDM,29917.4977845997,10370690.5350032,88825.877697787,1308.0,9490534.0
2019S2,31,AM - Amazonas,AM,RCDP,29756.0813490027,3685880.12581486,101282.573232522,12.0,79104.0
2019S2,31,AM - Amazonas,AM,TOTAL,31052.9909057342,62073445.7543308,271837.599920122,6804.0,40270321.0
2020S1,31,AM - Amazonas,AM,APP,14859.6273367256,859516.978713604,44838.3283984188,2.0,6000.0
2020S1,31,AM - Amazonas,AM,CASCO,22487.25193119,36059979.6234051,55920.2869225903,4173.0,23669037.0
2020S1,31,AM - Amazonas,AM,RCDM,19054.6163679571,6438946.33102428,91929.6093169467,743.0,5695664.0
2020S1,31,AM - Amazonas,AM,RCDP,18934.3862310355,2703804.37543631,105461.184107616,8.0,42088.0
2020S1,31,AM - Amazonas,AM,TOTAL,24767.4464475405,46058024.9997157,230377.903876116,4926.0,29412789.0
2020S2,31,AM - Amazonas,AM,APP,23401.6076071258,1312605.91241616,50953.6417902573,3.0,21930.0
2020S2,31,AM - Amazonas,AM,CASCO,27716.0184527854,44990102.8748811,58015.1597761452,7876.0,36831182.0
2020S2,31,AM - Amazonas,AM,RCDM,28794.0704845777,9640223.27172076,126135.086540839,1358.0,10896343.0
2020S2,31,AM - Amazonas,AM,RCDP,28349.0978937093,3303808.27163302,104073.030214749,11.0,355193.0
2020S2,31,AM - Amazonas,AM,TOTAL,30309.7581172925,59236605.3457463,310716.909024011,9248.0,48104648.0
2016S1,32,AP - Amapá,AP,APP,2755.07387028215,150323.098933009,32499.5458439095,,
2016S1,32,AP - Amapá,AP,CASCO,3127.46290031588,5636755.01763135,50332.5987808993,526.0,3944187.0
2016S1,32,AP - Amapá,AP,RCDM,3231.42454265198,1071272.34181857,90550.283742928,115.0,932302.0
2016S1,32,AP - Amapá,AP,RCDP,3225.56974803889,395518.388823673,133228.917118152,2.0,13475.0
2016S1,32,AP - Amapá,AP,TOTAL,3396.88481172686,7252898.34176099,285989.134457566,643.0,4889964.0
2016S2,32,AP - Amapá,AP,APP,2447.26842539338,142857.386776261,35198.9034659316,,
2016S2,32,AP - Amapá,AP,CASCO,2825.32594686234,5123186.15586508,50294.0490262332,495.0,3008644.0
2016S2,32,AP - Amapá,AP,RCDM,2952.63279542606,980229.685933266,91050.9974049458,86.0,814293.0
2016S2,32,AP - Amapá,AP,RCDP,2952.97252144199,369909.654377449,133217.279044967,1.0,5000.0
2016S2,32,AP - Amapá,AP,TOTAL,3069.38073703786,6615881.68948162,291610.570417915,582.0,3827937.0
2017S1,32,AP - Amapá,AP,APP,2215.18903291272,124766.604062582,36798.1855794527,,
2017S1,32,AP - Amapá,AP,CASCO,2526.22738910839,4737839.01555024,50363.3536994421,450.0,2367315.0
2017S1,32,AP - Amapá,AP,RCDM,2667.87122381805,917613.810178719,97598.4612995473,81.0,648998.0
2017S1,32,AP - Amapá,AP,RCDP,2668.09314161213,351050.711026773,147282.6831981,1.0,1886.0
2017S1,32,AP - Amapá,AP,TOTAL,2777.39725127677,6130571.92554861,311187.165272149,532.0,3018199.0
2017S2,32,AP - Amapá,AP,APP,2285.68760494189,132422.793738807,38671.7194838802,,
2017S2,32,AP - Amapá,AP,CASCO,2635.34786890727,5030477.58997431,52276.1025408295,400.0,2950158.0
2017S2,32,AP - Amapá,AP,RCDM,2804.67389179394,938678.592055824,101207.537299161,71.0,531885.0
2017S2,32,AP - Amapá,AP,RCDP,2812.58622048656,406180.49942868,148558.025055152,1.0,21000.0
2017S2,32,AP - Amapá,AP,TOTAL,2931.38073739083,6507476.29613368,317738.677270464,472.0,3503043.0
2018S1,32,AP - Amapá,AP,APP,2503.83560937271,133999.946050412,38416.6233169473,,
2018S1,32,AP - Amapá,AP,CASCO,2884.58355371188,5477983.72944233,54239.5437737456,485.0,3048919.0
2018S1,32,AP - Amapá,AP,RCDM,3047.59999109386,1049005.23808588,97765.1651185414,81.0,714865.0
2018S1,32,AP - Amapá,AP,RCDP,3042.0547856139,467926.59660671,141069.866182652,1.0,9672.0
2018S1,32,AP - Amapá,AP,TOTAL,3181.48766219988,7127884.22548589,309220.841013348,567.0,3773456.0
2018S2,32,AP - Amapá,AP,APP,2654.42458329396,132764.168115324,40572.3129776895,1.0,3500.0
2018S2,32,AP - Amapá,AP,CASCO,3167.79716965603,5687697.67858697,55631.4948963544,556.0,3631938.0
2018S2,32,AP - Amapá,AP,RCDM,3305.66018062877,1118306.87621874,94893.2936762812,106.0,1037989.0
2018S2,32,AP - Amapá,AP,RCDP,3287.37524948595,517675.38678618,134373.991553612,3.0,29781.0
2018S2,32,AP - Amapá,AP,TOTAL,3501.98620246258,7453340.81058307,298623.19519847,666.0,4703208.0
2019S1,32,AP - Amapá,AP,APP,2608.86848617112,142710.610030288,37935.0537395797,,
2019S1,32,AP - Amapá,AP,CASCO,3142.72327956278,5755980.50390745,60313.8597577521,572.0,4319223.0
2019S1,32,AP - Amapá,AP,RCDM,3348.78903262177,1138026.01085384,97599.2389408754,107.0,882632.0
2019S1,32,AP - Amapá,AP,RCDP,3333.64382715896,527225.823422287,136656.477940349,4.0,26731.0
2019S1,32,AP - Amapá,AP,TOTAL,3511.25752547989,7556211.54421765,306563.737130069,683.0,5228586.0
2019S2,32,AP - Amapá,AP,APP,2748.22458131798,166758.254491665,52266.7568112473,,
2019S2,32,AP - Amapá,AP,CASCO,3313.83552231872,6113760.66702999,61543.0136196635,597.0,4745382.0
2019S2,32,AP - Amapá,AP,RCDM,3543.47113307659,1192963.74815983,99348.8761003889,103.0,1025644.0
2019S2,32,AP - Amapá,AP,RCDP,3524.84647637606,505136.902345715,136103.426820363,3.0,17532.0
2019S2,32,AP - Amapá,AP,TOTAL,3687.76153957192,7974379.85001408,320602.722010338,703.0,5788558.0
2020S1,32,AP - Amapá,AP,APP,1680.45204931498,105635.619798187,63895.4761379192,,
2020S1,32,AP - Amapá,AP,CASCO,2638.29861569498,4887305.98946224,62349.0556481697,445.0,2469662.0
2020S1,32,AP - Amapá,AP,RCDM,2276.01095186081,742456.009151842,101920.77774985,67.0,646382.0
2020S1,32,AP - Amapá,AP,RCDP,2264.21917102393,378130.349214174,144701.93686403,,
2020S1,32,AP - Amapá,AP,TOTAL,2955.83286183234,6113029.84492716,282219.811069402,512.0,3116044.0
2020S2,32,AP - Amapá,AP,APP,2722.74239545222,159812.991185443,40127.6671459251,,
2020S2,32,AP - Amapá,AP,CASCO,3156.78347687423,6272403.96942648,65428.479146768,877.0,5333824.0
2020S2,32,AP - Amapá,AP,RCDM,3332.28484403621,1180950.91918398,96228.4319211555,101.0,1004598.0
2020S2,32,AP - Amapá,AP,RCDP,3312.22731025517,478651.08944124,136754.4905904,1.0,1100.0
2020S2,32,AP - Amapá,AP,TOTAL,3450.97799095931,8091335.06061075,316262.722052161,979.0,6339522.0
2016S1,33,RO - Rondônia,RO,APP,557.353409344796,49056.0482058432,238078.94300234,,
2016S1,33,RO - Rondônia,RO,CASCO,579.641080665402,721980.571028113,38342.8272392451,182.0,512032.0
2016S1,33,RO - Rondônia,RO,RCDM,567.769843495451,205277.454214334,119067.120292801,21.0,105690.0
2016S1,33,RO - Rondônia,RO,RCDP,566.871213416569,90597.5914745927,134260.522626088,,
2016S1,33,RO - Rondônia,RO,TOTAL,734.739708006382,1066911.66107783,406476.934341265,203.0,617722.0
2016S2,33,RO - Rondônia,RO,APP,601.298615029082,50071.4940747488,426881.040205348,,
2016S2,33,RO - Rondônia,RO,CASCO,586.008202455007,659087.128426403,37088.3140164189,164.0,471257.0
2016S2,33,RO - Rondônia,RO,RCDM,541.701354287099,146715.881003782,130541.404645582,25.0,136568.0
2016S2,33,RO - Rondônia,RO,RCDP,542.704094014596,60692.8159740269,119687.792972105,,
2016S2,33,RO - Rondônia,RO,TOTAL,797.567102377769,916567.319889873,521704.631900307,189.0,607825.0
2017S1,33,RO - Rondônia,RO,APP,661.701368088368,56386.1241733432,444168.006941623,,
2017S1,33,RO - Rondônia,RO,CASCO,661.013697671238,655217.876359224,35173.7701929444,154.0,419816.0
2017S1,33,RO - Rondônia,RO,RCDM,577.589039694984,165716.297283411,142480.204813453,21.0,86845.0
2017S1,33,RO - Rondônia,RO,RCDP,577.92876572581,68658.1298749,118127.758408147,1.0,5000.0
2017S1,33,RO - Rondônia,RO,TOTAL,920.517806367483,945978.428711623,508223.975033371,176.0,511661.0
2017S2,33,RO - Rondônia,RO,APP,728.342449917458,63238.7003192976,551538.006116653,,
2017S2,33,RO - Rondônia,RO,CASCO,725.819163265172,765635.77165857,36471.5060414631,139.0,421360.0
2017S2,33,RO - Rondônia,RO,RCDM,610.882176888641,176186.231839836,144012.65642558,21.0,133409.0
2017S2,33,RO - Rondônia,RO,RCDP,610.142450866755,71040.8705493659,134533.701751876,,
2017S2,33,RO - Rondônia,RO,TOTAL,982.2383357035,1076037.55364995,609716.271071271,160.0,554769.0
2018S1,33,RO - Rondônia,RO,APP,3831.85478429077,159779.283113027,134602.968313443,2.0,32500.0
2018S1,33,RO - Rondônia,RO,CASCO,4084.19177153474,6008330.15493238,45588.8050586745,1318.0,4099206.0
2018S1,33,RO - Rondônia,RO,RCDM,3757.74519617716,1068526.59011772,90843.4685627293,139.0,965712.0
2018S1,33,RO - Rondônia,RO,RCDP,3741.62464832654,303822.478929486,100134.066107101,1.0,2814.0
2018S1,33,RO - Rondônia,RO,TOTAL,4327.7780727474,7539641.51594402,331969.118104981,1460.0,5100232.0
2018S2,33,RO - Rondônia,RO,APP,4009.01906638267,165643.388433655,129908.994336561,2.0,30000.0
2018S2,33,RO - Rondônia,RO,CASCO,4326.55330868065,6253168.21345383,48804.330763883,1490.0,5133064.0
2018S2,33,RO - Rondônia,RO,RCDM,3946.26838259259,1105431.07415727,89125.6671356278,136.0,990549.0
2018S2,33,RO - Rondônia,RO,RCDP,3920.04098549439,310493.419417761,100317.511593822,1.0,13131.0
2018S2,33,RO - Rondônia,RO,TOTAL,4545.94234329415,7833569.18146016,329821.510330703,1629.0,6166744.0
2019S1,33,RO - Rondônia,RO,APP,3830.87944193278,183123.536906485,169116.031098314,,
2019S1,33,RO - Rondônia,RO,CASCO,4162.84656502493,5927901.46239315,49696.3720614522,1286.0,3728004.0
2019S1,33,RO - Rondônia,RO,RCDM,3832.55341568077,1031679.24942026,89583.1685385235,127.0,1083767.0
2019S1,33,RO - Rondônia,RO,RCDP,3813.26848423807,298695.557474364,102499.321225859,,
2019S1,33,RO - Rondônia,RO,TOTAL,4491.41368819261,7440577.92802325,359232.014700186,1413.0,4811771.0
2019S2,33,RO - Rondônia,RO,APP,3390.82731046155,204459.2499176,243222.023710778,,
2019S2,33,RO - Rondônia,RO,CASCO,3635.08483914286,5976990.43385929,49933.4785860817,1329.0,4323985.0
2019S2,33,RO - Rondônia,RO,RCDM,3315.32594205346,980033.596975148,93733.3013093295,136.0,1126187.0
2019S2,33,RO - Rondônia,RO,RCDP,3303.7177228136,303849.992985701,109212.247020749,,
2019S2,33,RO - Rondônia,RO,TOTAL,4051.45469545433,7464653.54987183,417294.308401416,1465.0,5450172.0
2020S1,33,RO - Rondônia,RO,APP,3562.93148649996,210207.261056624,182627.242025263,3.0,50000.0
2020S1,33,RO - Rondônia,RO,CASCO,3845.7013506284,6206071.57271779,53205.0155869068,1710.0,7616471.0
2020S1,33,RO - Rondônia,RO,RCDM,3664.85751271853,981744.069782093,95392.6319844251,196.0,1923019.0
2020S1,33,RO - Rondônia,RO,RCDP,3653.40271811932,308235.953104386,111232.238664177,2.0,10471.0
2020S1,33,RO - Rondônia,RO,TOTAL,4280.93148423592,7704100.47347888,379308.058894648,1911.0,9599961.0
2020S2,33,RO - Rondônia,RO,APP,3750.66017377516,192768.439796846,86210.0045472827,4.0,78609.0
2020S2,33,RO - Rondônia,RO,CASCO,4219.43276964361,6740470.81019628,54021.4413670831,3126.0,10142097.0
2020S2,33,RO - Rondônia,RO,RCDM,4082.47113149753,1158786.87792477,99143.4110949573,235.0,1631311.0
2020S2,33,RO - Rondônia,RO,RCDP,4013.03277663561,452654.369412376,111886.964891391,6.0,81531.0
2020S2,33,RO - Rondônia,RO,TOTAL,4528.31495829625,8542517.01281931,313409.301939911,3371.0,11933548.0
2016S1,34,RR - Roraima,RR,APP,2973.09579287376,187414.417557845,45841.2830305189,,
2016S1,34,RR - Roraima,RR,CASCO,3645.64920459548,6418871.5366744,48881.6804115942,697.0,4217566.0
2016S1,34,RR - Roraima,RR,RCDM,3953.01083066594,1169032.84322865,68095.3960398976,123.0,759580.0
2016S1,34,RR - Roraima,RR,RCDP,3740.62179625174,397831.572764798,86110.4532254045,2.0,8000.0
2016S1,34,RR - Roraima,RR,TOTAL,4063.43000672432,8171505.18942255,223333.624744623,822.0,4985146.0
2016S2,34,RR - Roraima,RR,APP,2767.07663432322,170046.304702889,54812.8689858749,,
2016S2,34,RR - Roraima,RR,CASCO,3575.85469887406,6241190.38782758,48554.2404822199,746.0,4044573.0
2016S2,34,RR - Roraima,RR,RCDM,3838.67935279338,1148211.98728391,68860.5688564789,119.0,839069.0
2016S2,34,RR - Roraima,RR,RCDP,3659.92319274927,405946.483003821,87050.9412154105,,
2016S2,34,RR - Roraima,RR,TOTAL,3930.15332372161,7964866.02798151,232212.974989869,865.0,4883642.0
2017S1,34,RR - Roraima,RR,APP,2588.10410157638,161386.915348087,60285.1868964795,,
2017S1,34,RR - Roraima,RR,CASCO,3351.33971778769,5873286.9042277,49617.5404152373,637.0,3415827.0
2017S1,34,RR - Roraima,RR,RCDM,3594.68766346807,1141462.17273819,70652.8454881225,115.0,742200.0
2017S1,34,RR - Roraima,RR,RCDP,3446.56985546788,417903.735298321,89256.1490981014,2.0,24116.0
2017S1,34,RR - Roraima,RR,TOTAL,3705.97533413023,7593308.9852396,239236.548843202,754.0,4182143.0
2017S2,34,RR - Roraima,RR,APP,2589.18075214792,173490.203791053,73045.826011363,,
2017S2,34,RR - Roraima,RR,CASCO,3383.45196564402,6203687.44594663,51626.3401694658,633.0,3604674.0
2017S2,34,RR - Roraima,RR,RCDM,3637.45744274603,1110104.71606183,72191.233046027,121.0,756455.0
2017S2,34,RR - Roraima,RR,RCDP,3487.92319941707,399316.867927665,91670.907732656,5.0,120331.0
2017S2,34,RR - Roraima,RR,TOTAL,3771.46291929251,7886016.5009151,251989.875738737,759.0,4481460.0
2018S1,34,RR - Roraima,RR,APP,2809.49314261694,176411.761585793,79724.1410657245,,
2018S1,34,RR - Roraima,RR,CASCO,3581.25752517721,6907527.30047372,54389.9894037939,593.0,3312545.0
2018S1,34,RR - Roraima,RR,RCDM,3823.24656492937,1162869.74371654,74292.386579818,92.0,665720.0
2018S1,34,RR - Roraima,RR,RCDP,3668.57259262819,420251.855382632,91548.8970447313,,
2018S1,34,RR - Roraima,RR,TOTAL,3943.75889350474,8666349.79505213,264039.57692286,685.0,3978265.0
2018S2,34,RR - Roraima,RR,APP,2898.97251817724,178952.129466095,64858.2499968953,,
2018S2,34,RR - Roraima,RR,CASCO,3708.83825006755,6974891.32988682,56989.2479939111,721.0,4789411.0
2018S2,34,RR - Roraima,RR,RCDM,3928.16701441817,1199223.18253435,76238.9940572281,114.0,755710.0
2018S2,34,RR - Roraima,RR,RCDP,3719.76428013481,445069.692602866,91747.5198301338,1.0,13131.0
2018S2,34,RR - Roraima,RR,TOTAL,4097.46837961674,8797750.40894577,254721.734913739,836.0,5558252.0
2019S1,34,RR - Roraima,RR,APP,2971.87396666361,194183.122692229,60146.9978992244,,
2019S1,34,RR - Roraima,RR,CASCO,3601.29588446021,6731538.6671793,62013.3797487372,647.0,3366980.0
2019S1,34,RR - Roraima,RR,RCDM,3854.81369244866,1284947.68115449,83273.1688056765,110.0,1159942.0
2019S1,34,RR - Roraima,RR,RCDP,3742.53424045164,491786.227492146,97262.4356573086,2.0,7362.0
2019S1,34,RR - Roraima,RR,TOTAL,4067.54794060066,8702151.46840069,268339.329972151,759.0,4534284.0
2019S2,34,RR - Roraima,RR,APP,3071.84100625617,199405.578971374,60008.9632845783,,
2019S2,34,RR - Roraima,RR,CASCO,3606.8026348846,7049982.85529403,65773.1390092089,733.0,4833971.0
2019S2,34,RR - Roraima,RR,RCDM,3965.60810622061,1429725.68791403,84900.1270469097,125.0,1032593.0
2019S2,34,RR - Roraima,RR,RCDP,3851.788931116,518423.199194198,99733.7338036219,4.0,87207.0
2019S2,34,RR - Roraima,RR,TOTAL,4092.21906384174,9197333.93604133,280256.629231935,862.0,5953771.0
2020S1,34,RR - Roraima,RR,APP,2023.58355493005,138708.389979637,52355.9638237729,,
2020S1,34,RR - Roraima,RR,CASCO,2850.46025958611,5518838.79065077,65701.4597321596,512.0,4076785.0
2020S1,34,RR - Roraima,RR,RCDM,2704.83286832552,1029914.24154142,83967.1843667353,92.0,831670.0
2020S1,34,RR - Roraima,RR,RCDP,2666.53697807109,398515.758470814,99902.1778725564,,
2020S1,34,RR - Roraima,RR,TOTAL,3262.14519022731,7085764.55033102,242977.308892915,604.0,4908455.0
2020S2,34,RR - Roraima,RR,APP,2972.97799927602,196553.102739999,68283.7023347616,,
2020S2,34,RR - Roraima,RR,CASCO,3457.30949377967,6735628.31004138,66837.864971464,822.0,5898320.0
2020S2,34,RR - Roraima,RR,RCDM,3662.6382576637,1346255.87401691,89911.2982633641,144.0,1574263.0
2020S2,34,RR - Roraima,RR,RCDP,3554.48483527824,456476.360331193,107510.540999541,1.0,5488.0
2020S2,34,RR - Roraima,RR,TOTAL,3829.46291125473,8734009.93616243,300460.276151112,967.0,7478071.0
2016S1,35,AC - Acre,AC,APP,4876.57244512066,260494.650929928,27920.3463980442,,
2016S1,35,AC - Acre,AC,CASCO,6473.87924794387,11926468.3950372,50696.4093743379,1112.0,7261227.0
2016S1,35,AC - Acre,AC,RCDM,6704.51485537179,2118077.29459941,62036.6026919689,259.0,1348615.0
2016S1,35,AC - Acre,AC,RCDP,6383.31486243289,726280.321929965,74744.465842128,1.0,5000.0
2016S1,35,AC - Acre,AC,TOTAL,6843.40252515581,15030256.4793625,198843.320860016,1372.0,8614842.0
2016S2,35,AC - Acre,AC,APP,4559.65467719408,256234.240081055,32945.694384486,,
2016S2,35,AC - Acre,AC,CASCO,6220.91490845755,11598950.0425746,50655.7826546128,1107.0,7507682.0
2016S2,35,AC - Acre,AC,RCDM,6379.3368218746,1990893.50484171,64994.625359836,256.0,1284542.0
2016S2,35,AC - Acre,AC,RCDP,6172.79436117737,712191.967104584,79689.8094591797,1.0,9223.0
2016S2,35,AC - Acre,AC,TOTAL,6517.89298309525,14557396.1096561,211599.793900033,1364.0,8801447.0
2017S1,35,AC - Acre,AC,APP,4209.42464482598,251919.154398916,27411.8717272894,,
2017S1,35,AC - Acre,AC,CASCO,5710.7150514205,10883994.7512639,50850.6245728269,976.0,5878185.0
2017S1,35,AC - Acre,AC,RCDM,5836.17532460392,1850938.86271868,68331.912565748,202.0,981859.0
2017S1,35,AC - Acre,AC,RCDP,5745.35614683665,675322.579298325,84937.5070080677,4.0,41851.0
2017S1,35,AC - Acre,AC,TOTAL,5956.46025591157,13661143.7899975,217748.232821147,1182.0,6901895.0
2017S2,35,AC - Acre,AC,APP,4229.23550765822,269386.158593663,28443.7771268204,,
2017S2,35,AC - Acre,AC,CASCO,5857.37519659428,11209981.3578544,50853.7709028107,1126.0,7370557.0
2017S2,35,AC - Acre,AC,RCDM,6050.23272431968,1893218.67790151,68008.5504074131,307.0,1524311.0
2017S2,35,AC - Acre,AC,RCDP,6007.12861568201,704056.3143402,82765.6079200681,1.0,10000.0
2017S2,35,AC - Acre,AC,TOTAL,6239.04641835624,14073425.5739448,213832.693108636,1434.0,8904868.0
2018S1,35,AC - Acre,AC,APP,4276.99725168897,266711.967216539,28651.621286146,,
2018S1,35,AC - Acre,AC,CASCO,6051.51505486295,11819180.0896724,51824.6044123214,1076.0,6482757.0
2018S1,35,AC - Acre,AC,RCDM,6316.69313697377,1981376.09649908,67866.5667828219,240.0,1321817.0
2018S1,35,AC - Acre,AC,RCDP,6273.1999863903,758873.507524987,79777.299488177,1.0,970.0
2018S1,35,AC - Acre,AC,TOTAL,6488.14245197037,14822339.2782787,211586.629504825,1317.0,7805544.0
2018S2,35,AC - Acre,AC,APP,4925.76700487779,303394.573245304,33696.8222292417,,
2018S2,35,AC - Acre,AC,CASCO,7132.52859690972,12756299.6333298,50753.120608702,1212.0,9290706.0
2018S2,35,AC - Acre,AC,RCDM,7556.95872586546,2225088.78229253,78155.7052211368,329.0,1676410.0
2018S2,35,AC - Acre,AC,RCDP,7479.96420628391,901287.490875769,79438.9896787991,2.0,17330.0
2018S2,35,AC - Acre,AC,TOTAL,7762.23269386543,16185036.4168748,222839.202512833,1543.0,10984446.0
2019S1,35,AC - Acre,AC,APP,5520.73970898334,326618.015817145,45971.5402179036,,
2019S1,35,AC - Acre,AC,CASCO,7209.92874740856,12899284.4022581,58354.8975834772,1282.0,10104946.0
2019S1,35,AC - Acre,AC,RCDM,7932.65751038911,2347514.6558435,101808.890923888,305.0,1994609.0
2019S1,35,AC - Acre,AC,RCDP,7843.95066128904,927549.148807797,93408.0282164528,11.0,80489.0
2019S1,35,AC - Acre,AC,TOTAL,8124.81641437206,16500367.7721613,274930.280395097,1598.0,12180044.0
2019S2,35,AC - Acre,AC,APP,5280.84917601105,297123.056908792,38595.6906737902,1.0,5000.0
2019S2,35,AC - Acre,AC,CASCO,7736.30117408885,13246220.6084045,58324.7839276514,1550.0,10396931.0
2019S2,35,AC - Acre,AC,RCDM,8098.49294812977,2169346.75669489,79092.9160123678,323.0,2028607.0
2019S2,35,AC - Acre,AC,RCDP,8014.3641831479,835314.643797345,86763.5856850079,5.0,26159.0
2019S2,35,AC - Acre,AC,TOTAL,8290.12582033919,16547270.8341713,241807.139068782,1879.0,12456697.0
2020S1,35,AC - Acre,AC,APP,3870.99451006157,225101.744549382,38422.2294880825,,
2020S1,35,AC - Acre,AC,CASCO,6159.17258097464,10669993.0495403,59718.8981967077,1212.0,8735924.0
2020S1,35,AC - Acre,AC,RCDM,5513.25204243138,1500373.86325518,81070.2860337057,208.0,1369534.0
2020S1,35,AC - Acre,AC,RCDP,5458.71505622985,639692.111155908,95718.1735674963,,
2020S1,35,AC - Acre,AC,TOTAL,6598.06299151806,13034635.4810968,226916.001849857,1420.0,10105458.0
2020S2,35,AC - Acre,AC,APP,5366.24096054025,310186.049505153,47271.7319181804,2.0,22000.0
2020S2,35,AC - Acre,AC,CASCO,6869.50393455056,12985945.3232237,65665.57536449,1936.0,13305444.0
2020S2,35,AC - Acre,AC,RCDM,7095.85735425958,2222776.32022844,88312.112631413,250.0,1991274.0
2020S2,35,AC - Acre,AC,RCDP,7031.06283513829,808671.453725471,99678.2584709636,,
2020S2,35,AC - Acre,AC,TOTAL,7363.17789607402,16325941.8496047,277554.822963075,2188.0,15318718.0
2016S1,36,MT - Mato Grosso,MT,APP,81758.6083688429,5487477.96966084,41593.5749376596,23.0,661733.0
2016S1,36,MT - Mato Grosso,MT,CASCO,91885.6874918551,169928869.185121,48345.9601068599,24450.0,144640622.0
2016S1,36,MT - Mato Grosso,MT,RCDM,96496.561415182,31457635.9238969,114259.371756015,4845.0,29265073.0
2016S1,36,MT - Mato Grosso,MT,RCDP,95413.010779249,15531513.2439698,134059.400978538,66.0,889091.0
2016S1,36,MT - Mato Grosso,MT,TOTAL,100784.459996974,222299605.678642,315322.501038191,29384.0,175456519.0
2016S2,36,MT - Mato Grosso,MT,APP,84868.4170085154,5743307.87936941,50644.866532215,23.0,476775.0
2016S2,36,MT - Mato Grosso,MT,CASCO,99409.5701089846,176461415.503527,48443.5125987139,26094.0,148695173.0
2016S2,36,MT - Mato Grosso,MT,RCDM,101619.605657585,32443151.1738314,112258.296759981,4933.0,29236829.0
2016S2,36,MT - Mato Grosso,MT,RCDP,100536.381042162,15780865.1530442,133524.78035798,54.0,533820.0
2016S2,36,MT - Mato Grosso,MT,TOTAL,107410.841193155,230375948.770251,317776.187409103,31104.0,178942597.0
2017S1,36,MT - Mato Grosso,MT,APP,80106.2216900885,5703088.8890302,51853.1895157306,15.0,285928.0
2017S1,36,MT - Mato Grosso,MT,CASCO,92132.1641180995,169207946.413742,49397.8016479403,24355.0,137932339.0
2017S1,36,MT - Mato Grosso,MT,RCDM,95835.0874019223,31992836.152626,110826.729390363,4839.0,32000643.0
2017S1,36,MT - Mato Grosso,MT,RCDP,94874.0134366457,14759560.5257728,139238.043346745,52.0,1094496.0
2017S1,36,MT - Mato Grosso,MT,TOTAL,100213.298351051,221630821.926177,326092.935631825,29261.0,171313406.0
2017S2,36,MT - Mato Grosso,MT,APP,82778.1871022079,6214928.65665098,53469.7763549318,24.0,456779.0
2017S2,36,MT - Mato Grosso,MT,CASCO,95328.0799241704,180400337.523701,50184.7229644003,23757.0,158386075.0
2017S2,36,MT - Mato Grosso,MT,RCDM,98459.6524923919,34348788.7227176,108582.35001026,5190.0,34733221.0
2017S2,36,MT - Mato Grosso,MT,RCDP,98879.3812476466,16090556.0005775,133740.241719721,54.0,768113.0
2017S2,36,MT - Mato Grosso,MT,TOTAL,104489.003049136,237014906.438385,318595.60438643,29025.0,194344188.0
2018S1,36,MT - Mato Grosso,MT,APP,85850.5121117993,6206535.87081848,55981.0194601604,25.0,723679.0
2018S1,36,MT - Mato Grosso,MT,CASCO,98783.0737222433,191991838.119348,53095.8099690397,23396.0,150410288.0
2018S1,36,MT - Mato Grosso,MT,RCDM,102649.89563752,37210347.7801497,112900.187176338,4694.0,31786167.0
2018S1,36,MT - Mato Grosso,MT,RCDP,102679.492894033,16975033.5130418,152904.56247389,58.0,879258.0
2018S1,36,MT - Mato Grosso,MT,TOTAL,108169.553159059,252338644.61974,347001.19299868,28173.0,183799392.0
2018S2,36,MT - Mato Grosso,MT,APP,90721.9924211181,6642444.3138534,55537.2024236956,23.0,396363.0
2018S2,36,MT - Mato Grosso,MT,CASCO,105449.23587198,207339134.40738,55604.5102912271,24195.0,168422044.0
2018S2,36,MT - Mato Grosso,MT,RCDM,108793.317993926,40119755.6244476,110093.752764742,5030.0,35902293.0
2018S2,36,MT - Mato Grosso,MT,RCDP,108185.698831239,17890082.4123697,134168.599251322,85.0,2013886.0
2018S2,36,MT - Mato Grosso,MT,TOTAL,114433.506913658,271957068.811462,328976.616740724,29333.0,206734586.0
2019S1,36,MT - Mato Grosso,MT,APP,92141.6737117218,6862656.1868564,62880.2722683539,16.0,211616.0
2019S1,36,MT - Mato Grosso,MT,CASCO,109587.555856437,212494334.924219,61552.4057459223,26480.0,182031088.0
2019S1,36,MT - Mato Grosso,MT,RCDM,113563.120234449,41840525.0585866,136052.757206317,5077.0,37354736.0
2019S1,36,MT - Mato Grosso,MT,RCDP,112965.898315438,18008924.1590153,160017.813855823,168.0,1579168.0
2019S1,36,MT - Mato Grosso,MT,TOTAL,119245.248986182,279172858.077749,389798.043706441,31741.0,221176608.0
2019S2,36,MT - Mato Grosso,MT,APP,95219.824880234,7188022.49650844,70741.8429532608,26.0,480222.0
2019S2,36,MT - Mato Grosso,MT,CASCO,113289.487428504,228472878.44539,64483.8097391421,30484.0,197192022.0
2019S2,36,MT - Mato Grosso,MT,RCDM,115951.517529367,43307366.7341806,138958.457088385,5840.0,46384410.0
2019S2,36,MT - Mato Grosso,MT,RCDP,115051.016189992,17874107.6805977,174262.958416086,58.0,1051517.0
2019S2,36,MT - Mato Grosso,MT,TOTAL,121931.42150977,296816901.212016,415814.764992336,36408.0,245108171.0
2020S1,36,MT - Mato Grosso,MT,APP,75564.9860406211,5324693.79912919,67676.7104307526,16.0,349250.0
2020S1,36,MT - Mato Grosso,MT,CASCO,102260.887207442,197571884.743989,63411.7797637704,27744.0,174317566.0
2020S1,36,MT - Mato Grosso,MT,RCDM,91053.7229841724,32677917.3843615,122304.310673221,4030.0,34609583.0
2020S1,36,MT - Mato Grosso,MT,RCDP,90049.6791496626,14725900.4417083,155666.90797793,44.0,443001.0
2020S1,36,MT - Mato Grosso,MT,TOTAL,109807.46800423,250279308.7875,337259.090883325,31834.0,209719400.0
2020S2,36,MT - Mato Grosso,MT,APP,90819.857949825,6215607.93789378,65223.5488628229,28.0,541360.0
2020S2,36,MT - Mato Grosso,MT,CASCO,104902.860336379,217957681.486323,68887.0809349488,36978.0,225109478.0
2020S2,36,MT - Mato Grosso,MT,RCDM,104816.9178889,40921833.9508939,130063.654344508,5189.0,46264977.0
2020S2,36,MT - Mato Grosso,MT,RCDP,104269.485031904,17004048.7633089,165982.017965134,57.0,1233212.0
2020S2,36,MT - Mato Grosso,MT,TOTAL,111606.780754611,282066464.840963,404310.989707817,42252.0,273149027.0
2016S1,37,MS - Mato Grosso do Sul,MS,APP,71125.2303347494,4480111.61802237,43611.7089190908,13.0,187656.0
2016S1,37,MS - Mato Grosso do Sul,MS,CASCO,81011.3286543032,121553872.263383,46770.5872368791,21823.0,91794600.0
2016S1,37,MS - Mato Grosso do Sul,MS,RCDM,84089.5669212393,26547439.6374105,115261.536873528,5058.0,27171837.0
2016S1,37,MS - Mato Grosso do Sul,MS,RCDP,84011.8956890819,13644316.5635781,149347.995201357,47.0,595786.0
2016S1,37,MS - Mato Grosso do Sul,MS,TOTAL,86944.9641206791,166133330.678726,337032.859960055,26941.0,119749879.0
2016S2,37,MS - Mato Grosso do Sul,MS,APP,73095.099418784,4709621.17347306,46083.0964082822,12.0,69887.0
2016S2,37,MS - Mato Grosso do Sul,MS,CASCO,85016.6826836346,128044827.90693,48344.3418111193,21660.0,96569880.0
2016S2,37,MS - Mato Grosso do Sul,MS,RCDM,88034.4004160152,28142891.2652727,119190.207059521,5077.0,26592946.0
2016S2,37,MS - Mato Grosso do Sul,MS,RCDP,88023.5839819601,14330285.6701495,156478.271369985,47.0,588441.0
2016S2,37,MS - Mato Grosso do Sul,MS,TOTAL,90440.1894146479,175185619.330905,353086.426077923,26796.0,123821154.0
2017S1,37,MS - Mato Grosso do Sul,MS,APP,69467.7450014465,4814086.792185,51861.2597088444,12.0,182653.0
2017S1,37,MS - Mato Grosso do Sul,MS,CASCO,80198.180582901,122635144.643293,48444.5342445194,20285.0,92741196.0
2017S1,37,MS - Mato Grosso do Sul,MS,RCDM,83439.7915367591,28133853.760155,120573.31980689,4778.0,28723894.0
2017S1,37,MS - Mato Grosso do Sul,MS,RCDP,83361.7175650615,13339218.3589355,155499.830927213,47.0,573101.0
2017S1,37,MS - Mato Grosso do Sul,MS,TOTAL,85776.5696173371,168885093.403172,357760.150611893,25122.0,122220844.0
2017S2,37,MS - Mato Grosso do Sul,MS,APP,70350.65578879,5242010.90253916,55057.4546378991,17.0,421085.0
2017S2,37,MS - Mato Grosso do Sul,MS,CASCO,81951.8390584248,130235016.642448,49356.0772304074,19378.0,101997527.0
2017S2,37,MS - Mato Grosso do Sul,MS,RCDM,84982.8609159999,29826993.0547777,119836.239296148,5239.0,32215702.0
2017S2,37,MS - Mato Grosso do Sul,MS,RCDP,85493.7266501999,13847730.0579493,155404.877427767,40.0,646464.0
2017S2,37,MS - Mato Grosso do Sul,MS,TOTAL,88200.0937104342,179110964.971711,358068.724499135,24674.0,135280778.0
2018S1,37,MS - Mato Grosso do Sul,MS,APP,72096.8984303875,5283958.98197254,56417.159123139,8.0,168230.0
2018S1,37,MS - Mato Grosso do Sul,MS,CASCO,83626.3586771344,137611466.460071,51249.8932442467,18824.0,94099933.0
2018S1,37,MS - Mato Grosso do Sul,MS,RCDM,87172.6271612314,31852798.7911775,121299.459108048,4561.0,27018237.0
2018S1,37,MS - Mato Grosso do Sul,MS,RCDP,87358.6244226727,14048625.6380967,157419.495100578,20.0,211555.0
2018S1,37,MS - Mato Grosso do Sul,MS,TOTAL,90069.4627782996,188762384.016809,365028.618474253,23413.0,121497955.0
2018S2,37,MS - Mato Grosso do Sul,MS,APP,74319.8885529875,5266448.0926777,55132.201830469,6.0,98443.0
2018S2,37,MS - Mato Grosso do Sul,MS,CASCO,86522.145765217,145828076.177333,53629.3063823888,19908.0,106095942.0
2018S2,37,MS - Mato Grosso do Sul,MS,RCDM,89882.2552703912,33249993.1990699,120882.824199142,5038.0,32135280.0
2018S2,37,MS - Mato Grosso do Sul,MS,RCDP,90019.0388212181,14763108.6468428,155926.739872986,48.0,611670.0
2018S2,37,MS - Mato Grosso do Sul,MS,TOTAL,92904.0278004431,199077000.959184,364463.17540617,25000.0,138941335.0
2019S1,37,MS - Mato Grosso do Sul,MS,APP,74927.4052529647,5181787.29162436,65813.9676507817,9.0,179255.0
2019S1,37,MS - Mato Grosso do Sul,MS,CASCO,86943.4627537476,146826111.870544,59260.297153026,21620.0,108940834.0
2019S1,37,MS - Mato Grosso do Sul,MS,RCDM,90842.0463079768,33175412.1147117,132906.994851601,4831.0,32281934.0
2019S1,37,MS - Mato Grosso do Sul,MS,RCDP,90548.2161717722,14706806.3088172,172277.23350823,189.0,1392062.0
2019S1,37,MS - Mato Grosso do Sul,MS,TOTAL,94009.9942467902,199871468.027041,404955.937913764,26649.0,142794085.0
2019S2,37,MS - Mato Grosso do Sul,MS,APP,73020.7267315728,5173902.93239368,69521.3890500608,16.0,311870.0
2019S2,37,MS - Mato Grosso do Sul,MS,CASCO,86094.2825253285,149321608.509588,60451.2339734996,23467.0,116870167.0
2019S2,37,MS - Mato Grosso do Sul,MS,RCDM,89240.9838323691,32424048.4778671,134926.074211326,5331.0,35322107.0
2019S2,37,MS - Mato Grosso do Sul,MS,RCDP,88862.5317870383,13576778.3277895,174151.734090999,59.0,1060943.0
2019S2,37,MS - Mato Grosso do Sul,MS,TOTAL,92358.9344378426,200474880.984275,411953.344780193,28873.0,153565087.0
2020S1,37,MS - Mato Grosso do Sul,MS,APP,52636.0326712569,3605111.51441004,64983.0292274467,9.0,161694.0
2020S1,37,MS - Mato Grosso do Sul,MS,CASCO,75410.7940770425,127829876.283936,59462.1349814866,19776.0,88820145.0
2020S1,37,MS - Mato Grosso do Sul,MS,RCDM,64379.0737308748,22795581.2985308,142987.927119157,3365.0,24129103.0
2020S1,37,MS - Mato Grosso do Sul,MS,RCDP,64156.3860595222,10969779.4503918,188710.13355779,40.0,429427.0
2020S1,37,MS - Mato Grosso do Sul,MS,TOTAL,81242.128308808,165187801.492589,362500.15797929,23190.0,113540369.0
2020S2,37,MS - Mato Grosso do Sul,MS,APP,68529.6201110561,4430167.95486476,67376.5313047477,12.0,410569.0
2020S2,37,MS - Mato Grosso do Sul,MS,CASCO,80049.2307701022,138671169.931423,63708.8884757183,29684.0,120376378.0
2020S2,37,MS - Mato Grosso do Sul,MS,RCDM,81919.7129304162,30896733.5393139,145741.792773875,4375.0,33938630.0
2020S2,37,MS - Mato Grosso do Sul,MS,RCDP,82001.1129270871,13384860.6243903,189197.912472072,44.0,966247.0
2020S2,37,MS - Mato Grosso do Sul,MS,TOTAL,85706.6005071844,187366545.820114,436689.358666843,34115.0,155691824.0
2016S1,38,DF - Brasília,DF,APP,149872.818959966,5859822.47837306,22239.5640955413,5.0,28545.0
2016S1,38,DF - Brasília,DF,CASCO,179382.817924139,250481682.866797,39476.1894015591,51384.0,192408144.0
2016S1,38,DF - Brasília,DF,RCDM,180229.686393254,49906389.192666,66079.1276961669,12347.0,62200135.0
2016S1,38,DF - Brasília,DF,RCDP,179580.790529337,15795690.1986487,72090.5034420811,34.0,242038.0
2016S1,38,DF - Brasília,DF,TOTAL,184809.390451192,322000648.94,191523.64810493,63770.0,254878862.0
2016S2,38,DF - Brasília,DF,APP,155339.962663484,6019565.13813024,25938.2898358259,13.0,114680.0
2016S2,38,DF - Brasília,DF,CASCO,195825.474035313,257560597.588816,38974.0633897389,53322.0,193309370.0
2016S2,38,DF - Brasília,DF,RCDM,188543.441207028,53265920.5446341,66887.8910182339,12582.0,63406908.0
2016S2,38,DF - Brasília,DF,RCDP,187966.95355962,16829834.0846549,72898.5572371827,46.0,254882.0
2016S2,38,DF - Brasília,DF,TOTAL,202164.331489275,333591985.511102,188606.773090906,65963.0,257085840.0
2017S1,38,DF - Brasília,DF,APP,146645.229688483,5825190.12591072,26102.6771457974,13.0,58934.0
2017S1,38,DF - Brasília,DF,CASCO,178174.237802351,247091892.554638,39874.6351268792,50991.0,175709386.0
2017S1,38,DF - Brasília,DF,RCDM,181012.174809578,53731455.4125903,67339.4466885704,11881.0,61299933.0
2017S1,38,DF - Brasília,DF,RCDP,179883.536455984,15907415.3914234,73516.5636701344,85.0,466732.0
2017S1,38,DF - Brasília,DF,TOTAL,186381.402190841,322082830.533796,195758.551388394,62970.0,237534985.0
2017S2,38,DF - Brasília,DF,APP,148304.952008796,6053574.03561989,25859.6774097151,10.0,123000.0
2017S2,38,DF - Brasília,DF,CASCO,183370.816741368,261147623.342286,41315.8068209409,47728.0,184111368.0
2017S2,38,DF - Brasília,DF,RCDM,184864.074309945,58795932.9382591,67681.4450646005,13012.0,70837913.0
2017S2,38,DF - Brasília,DF,RCDP,184890.181131655,17114285.1627962,72839.2422111179,139.0,846145.0
2017S2,38,DF - Brasília,DF,TOTAL,194724.00280671,343060521.089197,192858.994383032,60889.0,255918426.0
2018S1,38,DF - Brasília,DF,APP,146016.37220313,5921421.30462076,26829.6794493293,13.0,143349.0
2018S1,38,DF - Brasília,DF,CASCO,181015.048813954,260166194.937549,42877.5051397075,44390.0,159769981.0
2018S1,38,DF - Brasília,DF,RCDM,182879.073478951,61617158.8725232,67917.4636773949,11145.0,57838101.0
2018S1,38,DF - Brasília,DF,RCDP,182351.966629509,17725236.5635442,73501.5000297159,184.0,1095654.0
2018S1,38,DF - Brasília,DF,TOTAL,189962.588539716,345400766.27042,198405.657385394,55732.0,218847085.0
2018S2,38,DF - Brasília,DF,APP,146915.050728427,6089425.10525505,25640.5808219718,11.0,220178.0
2018S2,38,DF - Brasília,DF,CASCO,184535.60306577,260117644.618425,44559.106632774,43987.0,170027878.0
2018S2,38,DF - Brasília,DF,RCDM,183872.405873144,63676813.4843408,68954.4911707151,11048.0,62800871.0
2018S2,38,DF - Brasília,DF,RCDP,182523.008641879,17803745.5295574,74699.4862475814,206.0,1522051.0
2018S2,38,DF - Brasília,DF,TOTAL,193174.005627478,347659852.048207,199410.616543519,55252.0,234570978.0
2019S1,38,DF - Brasília,DF,APP,143113.785891304,6048857.32865003,29876.3690945786,7.0,45000.0
2019S1,38,DF - Brasília,DF,CASCO,183755.174795634,253220821.918999,49781.9702395034,46654.0,177258153.0
2019S1,38,DF - Brasília,DF,RCDM,178793.626879583,60737434.2007777,76367.8349522401,10563.0,62463971.0
2019S1,38,DF - Brasília,DF,RCDP,176504.895380714,16159424.3333321,83292.6149252255,723.0,4068393.0
2019S1,38,DF - Brasília,DF,TOTAL,192386.646022061,336135338.851351,218680.681046972,57947.0,243835517.0
2019S2,38,DF - Brasília,DF,APP,144127.902662133,6141156.58394225,30853.0224750666,14.0,116390.0
2019S2,38,DF - Brasília,DF,CASCO,182261.134339893,253233462.615661,51065.4719425542,48666.0,188368207.0
2019S2,38,DF - Brasília,DF,RCDM,180362.008489482,59700339.424709,78361.6659935993,12376.0,75904085.0
2019S2,38,DF - Brasília,DF,RCDP,177256.063384262,15095469.9188486,86388.5777610577,230.0,1327446.0
2019S2,38,DF - Brasília,DF,TOTAL,193168.583430668,334138186.065751,224755.89704558,61286.0,265716128.0
2020S1,38,DF - Brasília,DF,APP,89192.7201806563,3904250.31985417,30561.0744240141,16.0,46261.0
2020S1,38,DF - Brasília,DF,CASCO,146598.355267965,199991180.728374,51116.2171591264,35962.0,136814807.0
2020S1,38,DF - Brasília,DF,RCDM,116122.566681752,35186962.4618686,78384.8030353195,6315.0,39352632.0
2020S1,38,DF - Brasília,DF,RCDP,112549.662579335,10877406.0909635,88759.1009484385,180.0,1250513.0
2020S1,38,DF - Brasília,DF,TOTAL,158498.177147164,249905489.773256,185986.26535631,42473.0,177464213.0
2020S2,38,DF - Brasília,DF,APP,142722.787776356,5906298.51069493,30017.4347141752,19.0,160785.0
2020S2,38,DF - Brasília,DF,CASCO,180348.627682311,234574981.477208,52046.8721367244,61819.0,170958924.0
2020S2,38,DF - Brasília,DF,RCDM,179351.644314304,57246627.6946301,80194.6117549493,7459.0,50320766.0
2020S2,38,DF - Brasília,DF,RCDP,174246.688323593,14310726.2069127,88300.5558002768,224.0,1790598.0
2020S2,38,DF - Brasília,DF,TOTAL,194023.471212361,311961117.151941,224823.974109674,69521.0,223231073.0
2016S1,39,GO - Goiás,GO,APP,171755.421674794,7750410.79197814,28915.8846851059,30.0,449325.0
2016S1,39,GO - Goiás,GO,CASCO,205621.689064423,330107981.533398,41568.6356702373,62989.0,329658473.0
2016S1,39,GO - Goiás,GO,RCDM,208914.957542847,63556537.4601846,87521.3114017666,12529.0,66814503.0
2016S1,39,GO - Goiás,GO,RCDP,205261.012442081,23710409.6564928,100286.415331152,126.0,1685501.0
2016S1,39,GO - Goiás,GO,TOTAL,217195.184753335,425016924.359167,242232.991345064,75674.0,398607802.0
2016S2,39,GO - Goiás,GO,APP,177069.880316363,8021154.91789824,32885.5748877273,28.0,257471.0
2016S2,39,GO - Goiás,GO,CASCO,223919.799781133,346597056.555653,40479.2379668937,62110.0,325410561.0
2016S2,39,GO - Goiás,GO,RCDM,220489.336753426,66625249.7965986,85386.0497499315,12491.0,68625799.0
2016S2,39,GO - Goiás,GO,RCDP,217735.410798199,24621623.2335899,98561.7561244933,112.0,1053296.0
2016S2,39,GO - Goiás,GO,TOTAL,234796.722890138,445795465.78231,236145.337488045,74741.0,395347127.0
2017S1,39,GO - Goiás,GO,APP,164773.788562081,7528664.10743307,34419.24311519,22.0,249851.0
2017S1,39,GO - Goiás,GO,CASCO,201875.752822448,328204242.039218,41069.1057206478,57872.0,295039238.0
2017S1,39,GO - Goiás,GO,RCDM,204590.528165952,63711566.9963834,86194.8509366649,11713.0,66338452.0
2017S1,39,GO - Goiás,GO,RCDP,202234.552831789,22410206.9979691,99636.1255037512,154.0,2097472.0
2017S1,39,GO - Goiás,GO,TOTAL,213166.922670203,421801418.68844,243718.339401929,69761.0,363725013.0
2017S2,39,GO - Goiás,GO,APP,168631.376545898,8238722.27866755,34731.5403249751,39.0,623317.0
2017S2,39,GO - Goiás,GO,CASCO,207994.567263945,353578252.428487,42174.9367796998,54513.0,303427900.0
2017S2,39,GO - Goiás,GO,RCDM,209394.013883232,67564077.1913608,84412.6666424422,12831.0,79246113.0
2017S2,39,GO - Goiás,GO,RCDP,209705.233026121,23921475.8800129,97581.9902939767,136.0,1776868.0
2017S2,39,GO - Goiás,GO,TOTAL,222355.013575505,453202898.665654,238528.823369747,67519.0,385074198.0
2018S1,39,GO - Goiás,GO,APP,164752.889962799,8009294.71521978,36232.368385138,30.0,345603.0
2018S1,39,GO - Goiás,GO,CASCO,203524.413131007,355525378.940257,44551.6816378098,50982.0,262673853.0
2018S1,39,GO - Goiás,GO,RCDM,206275.876145652,67831643.3586789,84770.4494503566,10825.0,67961129.0
2018S1,39,GO - Goiás,GO,RCDP,205887.267926166,23490402.9295613,98461.0461412966,142.0,1673153.0
2018S1,39,GO - Goiás,GO,TOTAL,217335.067903778,454806129.194293,244218.436806362,61979.0,332653738.0
2018S2,39,GO - Goiás,GO,APP,169828.1107456,8204999.98634312,34921.2885665887,48.0,633589.0
2018S2,39,GO - Goiás,GO,CASCO,211245.937007359,372617662.963135,46928.4476398708,51488.0,270526530.0
2018S2,39,GO - Goiás,GO,RCDM,213032.882203327,70490599.4879668,85844.3951945295,11101.0,72642012.0
2018S2,39,GO - Goiás,GO,RCDP,211696.652090207,24478889.667061,98991.5620135261,148.0,1513613.0
2018S2,39,GO - Goiás,GO,TOTAL,224207.043571549,475738528.040211,247256.380030922,62785.0,345315744.0
2019S1,39,GO - Goiás,GO,APP,169515.062533418,8249803.51702598,40179.1409048111,28.0,425633.0
2019S1,39,GO - Goiás,GO,CASCO,210499.908985917,368606893.468084,54654.3728290369,54200.0,266761772.0
2019S1,39,GO - Goiás,GO,RCDM,211937.824058452,68931926.8955565,95701.4818916257,10685.0,74750882.0
2019S1,39,GO - Goiás,GO,RCDP,209693.393929826,23841114.2506833,111603.862521906,489.0,3998401.0
2019S1,39,GO - Goiás,GO,TOTAL,223363.796639679,469578461.417141,279976.079877873,65402.0,345936688.0
2019S2,39,GO - Goiás,GO,APP,174034.721332782,8814047.85683305,42975.5737459693,35.0,575042.0
2019S2,39,GO - Goiás,GO,CASCO,216638.216011783,379969851.516815,56168.2773204317,58797.0,299625661.0
2019S2,39,GO - Goiás,GO,RCDM,216763.164029485,69861750.8831153,97026.8188105275,12088.0,85922396.0
2019S2,39,GO - Goiás,GO,RCDP,214389.153139178,23092748.8911962,114325.151906123,153.0,2466246.0
2019S2,39,GO - Goiás,GO,TOTAL,228763.884266258,481692733.764977,286705.139837323,71073.0,388589345.0
2020S1,39,GO - Goiás,GO,APP,113868.780366618,5614214.82946583,41562.6216761126,20.0,275364.0
2020S1,39,GO - Goiás,GO,CASCO,183748.171460699,307217809.565431,56020.2274978651,45134.0,225019771.0
2020S1,39,GO - Goiás,GO,RCDM,142845.048783877,45355222.5050193,100363.193276408,7395.0,56524487.0
2020S1,39,GO - Goiás,GO,RCDP,140824.344677554,17473390.9473221,121922.090736895,114.0,1301217.0
2020S1,39,GO - Goiás,GO,TOTAL,194580.028958573,375611596.33465,240900.755725383,52663.0,283120839.0
2020S2,39,GO - Goiás,GO,APP,152737.067341316,7312991.23070898,43143.2927451321,45.0,767931.0
2020S2,39,GO - Goiás,GO,CASCO,186691.880104306,320207284.267187,59435.2323974215,68914.0,304842415.0
2020S2,39,GO - Goiás,GO,RCDM,184533.362421697,60850485.5446905,102752.150061197,10305.0,79494682.0
2020S2,39,GO - Goiás,GO,RCDP,182070.307710428,20781264.4405657,124578.543464157,159.0,1824807.0
2020S2,39,GO - Goiás,GO,TOTAL,197722.923701888,409074463.250691,301922.892567064,79423.0,386929835.0
2016S1,40,TO - Tocantins,TO,APP,19178.1281498321,999344.351241336,32161.6359327821,6.0,162279.0
2016S1,40,TO - Tocantins,TO,CASCO,23001.4568161606,41586872.2647148,41830.1152286809,5027.0,36628603.0
2016S1,40,TO - Tocantins,TO,RCDM,23559.3280558428,6722093.97113666,78117.9111782441,945.0,5597354.0
2016S1,40,TO - Tocantins,TO,RCDP,23345.2924461197,2964546.1832907,80492.9173625404,11.0,138287.0
2016S1,40,TO - Tocantins,TO,TOTAL,24751.5198073788,52266602.6744492,214817.435972115,5989.0,42526523.0
2016S2,40,TO - Tocantins,TO,APP,18586.5475091534,952528.057665853,32281.5016002118,6.0,45263.0
2016S2,40,TO - Tocantins,TO,CASCO,22479.262489385,40822938.4386296,41248.0539530054,5143.0,38829493.0
2016S2,40,TO - Tocantins,TO,RCDM,23508.5857697683,6849882.67836369,79581.5821171645,927.0,5383711.0
2016S2,40,TO - Tocantins,TO,RCDP,23342.541937727,2917165.50678969,83126.4156430794,12.0,108609.0
2016S2,40,TO - Tocantins,TO,TOTAL,24345.7063061525,51535378.7921177,220201.81352013,6088.0,44367076.0
2017S1,40,TO - Tocantins,TO,APP,17034.1013207305,867572.026902133,33875.8178825115,1.0,5000.0
2017S1,40,TO - Tocantins,TO,CASCO,20841.7944565839,37723860.6127315,38890.3639801804,5059.0,36451011.0
2017S1,40,TO - Tocantins,TO,RCDM,21692.7095266897,6351914.81756095,80939.0294117397,882.0,5004515.0
2017S1,40,TO - Tocantins,TO,RCDP,21514.7341844295,2461863.61967588,77516.7910280871,25.0,378728.0
2017S1,40,TO - Tocantins,TO,TOTAL,22649.7533634501,47402071.0726083,213158.917290784,5967.0,41839254.0
2017S2,40,TO - Tocantins,TO,APP,17794.5585071319,985101.405038451,33777.3621644418,9.0,396217.0
2017S2,40,TO - Tocantins,TO,CASCO,21728.867999326,40654292.8822296,38094.5587980791,5227.0,43222101.0
2017S2,40,TO - Tocantins,TO,RCDM,22615.6159384628,6942008.48351963,75558.4351247182,1121.0,8091730.0
2017S2,40,TO - Tocantins,TO,RCDP,23277.3364655133,2992916.76942187,73862.0386775283,12.0,165046.0
2017S2,40,TO - Tocantins,TO,TOTAL,24349.0597342686,51568862.8134054,200454.30823342,6369.0,51875094.0
2018S1,40,TO - Tocantins,TO,APP,17350.284887312,911258.967527369,35413.1628707458,5.0,73355.0
2018S1,40,TO - Tocantins,TO,CASCO,21012.8191242018,39669274.7525281,41235.5217412992,4439.0,39037620.0
2018S1,40,TO - Tocantins,TO,RCDM,22264.4958405169,7172091.97985295,69668.1022355428,899.0,6221760.0
2018S1,40,TO - Tocantins,TO,RCDP,22827.9506310755,2919799.05297957,73353.47619292,10.0,210811.0
2018S1,40,TO - Tocantins,TO,TOTAL,23886.5643278481,50662734.5003456,197839.219112113,5353.0,45543546.0
2018S2,40,TO - Tocantins,TO,APP,18873.0461473521,991654.82439461,32168.111119166,5.0,75464.0
2018S2,40,TO - Tocantins,TO,CASCO,23157.4515172835,44264633.2246748,41257.6098330504,4946.0,41108601.0
2018S2,40,TO - Tocantins,TO,RCDM,23930.6816384476,7836592.95236264,65627.5726005452,986.0,7571692.0
2018S2,40,TO - Tocantins,TO,RCDP,24397.5775141343,3181649.78466488,69609.0292429137,12.0,142715.0
2018S2,40,TO - Tocantins,TO,TOTAL,25329.3857182642,56268199.9912523,191479.212332488,5949.0,48898472.0
2019S1,40,TO - Tocantins,TO,APP,18473.7972122161,983821.936489463,54152.0477005477,4.0,86615.0
2019S1,40,TO - Tocantins,TO,CASCO,23201.8108991375,44541740.9675188,61831.4151188831,5810.0,43176362.0
2019S1,40,TO - Tocantins,TO,RCDM,23992.6547317533,8017673.50917236,92393.2328373693,932.0,7172465.0
2019S1,40,TO - Tocantins,TO,RCDP,23893.9889780749,3090349.99848311,106778.008122722,77.0,540197.0
2019S1,40,TO - Tocantins,TO,TOTAL,25255.4218533188,56628837.5069314,288764.204129548,6823.0,50975639.0
2019S2,40,TO - Tocantins,TO,APP,20110.1091113561,1074391.414331,57287.1570274492,3.0,116807.0
2019S2,40,TO - Tocantins,TO,CASCO,24743.884335631,48548744.0077456,63479.2422382622,6305.0,46385853.0
2019S2,40,TO - Tocantins,TO,RCDM,25528.0925429827,7916490.34688626,93439.3077350735,1025.0,8323969.0
2019S2,40,TO - Tocantins,TO,RCDP,25298.4569339561,2992489.01569079,110515.719853688,14.0,141208.0
2019S2,40,TO - Tocantins,TO,TOTAL,26460.9582746038,60524616.3762045,301371.999267628,7347.0,54967837.0
2020S1,40,TO - Tocantins,TO,APP,14632.7725556819,785395.431590278,56306.9832896193,,
2020S1,40,TO - Tocantins,TO,CASCO,20415.5232007308,39030077.0601377,63415.8130950162,5835.0,38511374.0
2020S1,40,TO - Tocantins,TO,RCDM,18840.4218602311,5794331.64139484,97018.7722022546,612.0,4647685.0
2020S1,40,TO - Tocantins,TO,RCDP,18671.7013132232,2473962.97587205,118583.952705659,13.0,157134.0
2020S1,40,TO - Tocantins,TO,TOTAL,22007.9533347706,48077084.6798888,282707.124397713,6460.0,43316193.0
2020S2,40,TO - Tocantins,TO,APP,21543.7282640366,1124449.86918389,48706.4941656762,10.0,417116.0
2020S2,40,TO - Tocantins,TO,CASCO,25942.402130411,52398329.5220686,67356.255847989,8695.0,56939134.0
2020S2,40,TO - Tocantins,TO,RCDM,26079.9144608574,8188226.41601993,101486.22770102,939.0,7807599.0
2020S2,40,TO - Tocantins,TO,RCDP,25886.9254244319,3211321.78346696,121551.366986696,13.0,260293.0
2020S2,40,TO - Tocantins,TO,TOTAL,27293.65689818,64908651.6107214,317810.653249832,9657.0,65424142.0
2016S1,41,GO - Sudeste de Goiás,GO,APP,23759.1252549021,1032179.99377021,28626.9836567987,10.0,121104.0
2016S1,41,GO - Sudeste de Goiás,GO,CASCO,27178.4429635135,41248530.0634083,43990.1357933324,7355.0,37496244.0
2016S1,41,GO - Sudeste de Goiás,GO,RCDM,28172.8347181138,7430164.552744,84131.6175533603,1270.0,6442785.0
2016S1,41,GO - Sudeste de Goiás,GO,RCDP,28074.8292353814,3293656.61717917,110185.811124189,13.0,157444.0
2016S1,41,GO - Sudeste de Goiás,GO,TOTAL,29414.8675704063,52994206.5509017,250759.699182826,8648.0,44217577.0
2016S2,41,GO - Sudeste de Goiás,GO,APP,24474.9692209098,1070908.49545042,29988.8853573684,2.0,8723.0
2016S2,41,GO - Sudeste de Goiás,GO,CASCO,28648.456793067,42758430.3478487,42619.8747087573,7463.0,38645025.0
2016S2,41,GO - Sudeste de Goiás,GO,RCDM,29050.0485751708,7614437.83646581,88071.8823774542,1254.0,6619075.0
2016S2,41,GO - Sudeste de Goiás,GO,RCDP,28870.1718673897,3412050.7606878,112461.925805807,13.0,113717.0
2016S2,41,GO - Sudeste de Goiás,GO,TOTAL,30223.4649967016,54850337.7325233,258382.988560292,8732.0,45386540.0
2017S1,41,GO - Sudeste de Goiás,GO,APP,22911.0163682019,1057184.78798494,32818.6468496739,9.0,74344.0
2017S1,41,GO - Sudeste de Goiás,GO,CASCO,26675.6026561786,40452001.6876525,42759.809675759,7257.0,36415037.0
2017S1,41,GO - Sudeste de Goiás,GO,RCDM,27040.6327977572,7133903.36985725,89067.2066975631,1269.0,6480270.0
2017S1,41,GO - Sudeste de Goiás,GO,RCDP,26828.3341681636,3053119.39025577,114560.493050673,24.0,242961.0
2017S1,41,GO - Sudeste de Goiás,GO,TOTAL,28160.312245301,51691784.9130202,263354.860625455,8559.0,43212612.0
2017S2,41,GO - Sudeste de Goiás,GO,APP,24735.4020956527,1257823.31475817,33221.3465663693,4.0,71400.0
2017S2,41,GO - Sudeste de Goiás,GO,CASCO,28873.1280189413,45213828.5350675,42496.6127844931,6982.0,35589033.0
2017S2,41,GO - Sudeste de Goiás,GO,RCDM,28791.9800820448,7800677.4624004,89940.7125346231,1452.0,7755977.0
2017S2,41,GO - Sudeste de Goiás,GO,RCDP,28770.149943585,3248573.84784027,116378.991221967,12.0,95440.0
2017S2,41,GO - Sudeste de Goiás,GO,TOTAL,30405.7115572966,57512726.3128401,264323.975667308,8450.0,43511850.0
2018S1,41,GO - Sudeste de Goiás,GO,APP,24326.0684225759,1298743.97671671,33206.1606767074,,
2018S1,41,GO - Sudeste de Goiás,GO,CASCO,28488.490335823,45903358.4400996,44944.9654434273,6342.0,31697302.0
2018S1,41,GO - Sudeste de Goiás,GO,RCDM,28507.3177316664,7868030.53308438,90370.8075724669,1271.0,6692811.0
2018S1,41,GO - Sudeste de Goiás,GO,RCDP,28416.6464987835,3142593.40700321,116450.854119586,22.0,316754.0
2018S1,41,GO - Sudeste de Goiás,GO,TOTAL,29929.2875962933,58204294.0602926,268145.169060838,7635.0,38706867.0
2018S2,41,GO - Sudeste de Goiás,GO,APP,25663.306173468,1298474.69285285,33844.354074587,2.0,35000.0
2018S2,41,GO - Sudeste de Goiás,GO,CASCO,30173.432085718,48937809.9051654,46513.6399456042,7020.0,35362427.0
2018S2,41,GO - Sudeste de Goiás,GO,RCDM,30236.5663352143,8414069.0255335,92211.7941130335,1369.0,7534907.0
2018S2,41,GO - Sudeste de Goiás,GO,RCDP,30077.1142829307,3467862.43214767,118236.167794992,16.0,208045.0
2018S2,41,GO - Sudeste de Goiás,GO,TOTAL,31595.6430189852,62110912.6469032,274525.713940394,8407.0,43140379.0
2019S1,41,GO - Sudeste de Goiás,GO,APP,25785.7314332286,1244916.17055855,37904.5693542672,3.0,19290.0
2019S1,41,GO - Sudeste de Goiás,GO,CASCO,30294.0903294641,48926650.5686386,52373.2259009501,8177.0,38900257.0
2019S1,41,GO - Sudeste de Goiás,GO,RCDM,30421.1095041092,8361053.03381506,102345.807140866,1274.0,8110599.0
2019S1,41,GO - Sudeste de Goiás,GO,RCDP,30207.465669577,3604228.69607714,128162.895776386,37.0,298254.0
2019S1,41,GO - Sudeste de Goiás,GO,TOTAL,32021.3067655531,62132276.8425253,300607.702908419,9491.0,47328400.0
2019S2,41,GO - Sudeste de Goiás,GO,APP,25890.0595727237,1219528.17680676,40843.8358949448,3.0,36500.0
2019S2,41,GO - Sudeste de Goiás,GO,CASCO,29326.2265847977,48362773.8708395,53564.8718034786,8982.0,39338725.0
2019S2,41,GO - Sudeste de Goiás,GO,RCDM,30497.3087817347,8393240.29688377,120025.837418438,1450.0,9456829.0
2019S2,41,GO - Sudeste de Goiás,GO,RCDP,30341.1471421071,3365166.35762213,143986.487738411,16.0,237855.0
2019S2,41,GO - Sudeste de Goiás,GO,TOTAL,31592.8238232676,61336401.6325772,339457.66422111,10451.0,49069909.0
2020S1,41,GO - Sudeste de Goiás,GO,APP,19280.5122572742,898071.936145618,38083.4132023279,5.0,105000.0
2020S1,41,GO - Sudeste de Goiás,GO,CASCO,25162.3943936708,40100622.2672137,53158.3603195455,8160.0,36651129.0
2020S1,41,GO - Sudeste de Goiás,GO,RCDM,22869.7369065457,6388976.42467015,132433.778638658,1145.0,7744542.0
2020S1,41,GO - Sudeste de Goiás,GO,RCDP,22715.1259480859,2797491.21386578,162443.809804893,8.0,91588.0
2020S1,41,GO - Sudeste de Goiás,GO,TOTAL,27417.2382205445,50182222.479308,322629.714552876,9318.0,44592259.0
2020S2,41,GO - Sudeste de Goiás,GO,APP,24759.5665075663,1114567.87784087,45736.33093231,8.0,78346.0
2020S2,41,GO - Sudeste de Goiás,GO,CASCO,27412.2897039712,44963006.6929145,55854.036625121,11861.0,49003482.0
2020S2,41,GO - Sudeste de Goiás,GO,RCDM,28599.2540940978,8462226.14422269,133490.889710311,1604.0,10499455.0
2020S2,41,GO - Sudeste de Goiás,GO,RCDP,28518.5691664605,3302742.72090143,167355.079910859,28.0,365301.0
2020S2,41,GO - Sudeste de Goiás,GO,TOTAL,29811.495162826,57825658.2062506,380577.601173792,13501.0,59946584.0
