ano_mes,tipo_veiculo,regiao,percentual
201601,AUTOMOVEIS,Centro-Oeste,10.1
201601,AUTOMOVEIS,Nordeste,17.36
201601,AUTOMOVEIS,Norte,4.56
201601,AUTOMOVEIS,Sudeste,49.04
201601,AUTOMOVEIS,Sul,18.94
201601,CAMINHOES,Centro-Oeste,8.35
201601,CAMINHOES,Nordeste,19.14
201601,CAMINHOES,Norte,5.59
201601,CAMINHOES,Sudeste,42.43
201601,CAMINHOES,Sul,24.48
201601,COMERCIAIS_LEVES,Centro-Oeste,12.0
201601,COMERCIAIS_LEVES,Nordeste,20.14
201601,COMERCIAIS_LEVES,Norte,7.53
201601,COMERCIAIS_LEVES,Sudeste,39.42
201601,COMERCIAIS_LEVES,Sul,20.9
201601,IMPLEMENTOS_RODOVIARIOS,Centro-Oeste,15.07
201601,IMPLEMENTOS_RODOVIARIOS,Nordeste,8.55
201601,IMPLEMENTOS_RODOVIARIOS,Norte,6.57
201601,IMPLEMENTOS_RODOVIARIOS,Sudeste,36.94
201601,IMPLEMENTOS_RODOVIARIOS,Sul,32.87
201601,MOTOCICLETAS,Centro-Oeste,7.62
201601,MOTOCICLETAS,Nordeste,41.53
201601,MOTOCICLETAS,Norte,11.08
201601,MOTOCICLETAS,Sudeste,31.74
201601,MOTOCICLETAS,Sul,8.02
201601,ONIBUS,Centro-Oeste,7.81
201601,ONIBUS,Nordeste,31.34
201601,ONIBUS,Norte,6.14
201601,ONIBUS,Sudeste,41.47
201601,ONIBUS,Sul,13.24
201602,AUTOMOVEIS,Centro-Oeste,10.22
201602,AUTOMOVEIS,Nordeste,15.72
201602,AUTOMOVEIS,Norte,4.79
201602,AUTOMOVEIS,Sudeste,51.76
201602,AUTOMOVEIS,Sul,17.52
201602,CAMINHOES,Centro-Oeste,9.65
201602,CAMINHOES,Nordeste,15.02
201602,CAMINHOES,Norte,7.06
201602,CAMINHOES,Sudeste,45.55
201602,CAMINHOES,Sul,22.71
201602,COMERCIAIS_LEVES,Centro-Oeste,12.34
201602,COMERCIAIS_LEVES,Nordeste,17.97
201602,COMERCIAIS_LEVES,Norte,8.43
201602,COMERCIAIS_LEVES,Sudeste,41.05
201602,COMERCIAIS_LEVES,Sul,20.21
201602,IMPLEMENTOS_RODOVIARIOS,Centro-Oeste,17.91
201602,IMPLEMENTOS_RODOVIARIOS,Nordeste,8.13
201602,IMPLEMENTOS_RODOVIARIOS,Norte,6.85
201602,IMPLEMENTOS_RODOVIARIOS,Sudeste,34.27
201602,IMPLEMENTOS_RODOVIARIOS,Sul,32.84
201602,MOTOCICLETAS,Centro-Oeste,8.84
201602,MOTOCICLETAS,Nordeste,37.56
201602,MOTOCICLETAS,Norte,12.1
201602,MOTOCICLETAS,Sudeste,32.87
201602,MOTOCICLETAS,Sul,8.64
201602,ONIBUS,Centro-Oeste,2.35
201602,ONIBUS,Nordeste,13.68
201602,ONIBUS,Norte,3.36
201602,ONIBUS,Sudeste,31.39
201602,ONIBUS,Sul,49.22
201603,AUTOMOVEIS,Centro-Oeste,9.26
201603,AUTOMOVEIS,Nordeste,14.88
201603,AUTOMOVEIS,Norte,4.42
201603,AUTOMOVEIS,Sudeste,52.11
201603,AUTOMOVEIS,Sul,19.34
201603,CAMINHOES,Centro-Oeste,7.18
201603,CAMINHOES,Nordeste,13.65
201603,CAMINHOES,Norte,5.45
201603,CAMINHOES,Sudeste,48.09
201603,CAMINHOES,Sul,25.63
201603,COMERCIAIS_LEVES,Centro-Oeste,13.46
201603,COMERCIAIS_LEVES,Nordeste,16.6
201603,COMERCIAIS_LEVES,Norte,7.97
201603,COMERCIAIS_LEVES,Sudeste,41.47
201603,COMERCIAIS_LEVES,Sul,20.5
201603,IMPLEMENTOS_RODOVIARIOS,Centro-Oeste,15.21
201603,IMPLEMENTOS_RODOVIARIOS,Nordeste,6.58
201603,IMPLEMENTOS_RODOVIARIOS,Norte,5.21
201603,IMPLEMENTOS_RODOVIARIOS,Sudeste,43.76
201603,IMPLEMENTOS_RODOVIARIOS,Sul,29.24
201603,MOTOCICLETAS,Centro-Oeste,9.36
201603,MOTOCICLETAS,Nordeste,40.37
201603,MOTOCICLETAS,Norte,11.8
201603,MOTOCICLETAS,Sudeste,30.38
201603,MOTOCICLETAS,Sul,8.09
201603,ONIBUS,Centro-Oeste,5.09
201603,ONIBUS,Nordeste,18.52
201603,ONIBUS,Norte,8.76
201603,ONIBUS,Sudeste,54.05
201603,ONIBUS,Sul,13.59
201604,AUTOMOVEIS,Centro-Oeste,8.88
201604,AUTOMOVEIS,Nordeste,16.74
201604,AUTOMOVEIS,Norte,4.46
201604,AUTOMOVEIS,Sudeste,52.65
201604,AUTOMOVEIS,Sul,17.28
201604,CAMINHOES,Centro-Oeste,8.76
201604,CAMINHOES,Nordeste,16.2
201604,CAMINHOES,Norte,7.02
201604,CAMINHOES,Sudeste,44.14
201604,CAMINHOES,Sul,23.88
201604,COMERCIAIS_LEVES,Centro-Oeste,12.78
201604,COMERCIAIS_LEVES,Nordeste,16.88
201604,COMERCIAIS_LEVES,Norte,7.32
201604,COMERCIAIS_LEVES,Sudeste,40.42
201604,COMERCIAIS_LEVES,Sul,22.6
201604,IMPLEMENTOS_RODOVIARIOS,Centro-Oeste,16.34
201604,IMPLEMENTOS_RODOVIARIOS,Nordeste,8.27
201604,IMPLEMENTOS_RODOVIARIOS,Norte,5.71
201604,IMPLEMENTOS_RODOVIARIOS,Sudeste,36.59
201604,IMPLEMENTOS_RODOVIARIOS,Sul,33.08
201604,MOTOCICLETAS,Centro-Oeste,8.82
201604,MOTOCICLETAS,Nordeste,43.63
201604,MOTOCICLETAS,Norte,11.22
201604,MOTOCICLETAS,Sudeste,28.98
201604,MOTOCICLETAS,Sul,7.36
201604,ONIBUS,Centro-Oeste,5.41
201604,ONIBUS,Nordeste,27.11
201604,ONIBUS,Norte,4.71
201604,ONIBUS,Sudeste,51.44
201604,ONIBUS,Sul,11.33
201605,AUTOMOVEIS,Centro-Oeste,8.7
201605,AUTOMOVEIS,Nordeste,15.35
201605,AUTOMOVEIS,Norte,4.14
201605,AUTOMOVEIS,Sudeste,53.92
201605,AUTOMOVEIS,Sul,17.89
201605,CAMINHOES,Centro-Oeste,9.41
201605,CAMINHOES,Nordeste,17.57
201605,CAMINHOES,Norte,7.1
201605,CAMINHOES,Sudeste,41.44
201605,CAMINHOES,Sul,24.49
201605,COMERCIAIS_LEVES,Centro-Oeste,12.52
201605,COMERCIAIS_LEVES,Nordeste,16.17
201605,COMERCIAIS_LEVES,Norte,7.85
201605,COMERCIAIS_LEVES,Sudeste,42.55
201605,COMERCIAIS_LEVES,Sul,20.92
201605,IMPLEMENTOS_RODOVIARIOS,Centro-Oeste,14.59
201605,IMPLEMENTOS_RODOVIARIOS,Nordeste,6.85
201605,IMPLEMENTOS_RODOVIARIOS,Norte,5.98
201605,IMPLEMENTOS_RODOVIARIOS,Sudeste,36.69
201605,IMPLEMENTOS_RODOVIARIOS,Sul,35.9
201605,MOTOCICLETAS,Centro-Oeste,9.4
201605,MOTOCICLETAS,Nordeste,41.64
201605,MOTOCICLETAS,Norte,12.55
201605,MOTOCICLETAS,Sudeste,29.42
201605,MOTOCICLETAS,Sul,7.0
201605,ONIBUS,Centro-Oeste,14.14
201605,ONIBUS,Nordeste,20.78
201605,ONIBUS,Norte,6.17
201605,ONIBUS,Sudeste,48.83
201605,ONIBUS,Sul,10.08
201606,AUTOMOVEIS,Centro-Oeste,8.35
201606,AUTOMOVEIS,Nordeste,14.85
201606,AUTOMOVEIS,Norte,4.26
201606,AUTOMOVEIS,Sudeste,54.17
201606,AUTOMOVEIS,Sul,18.36
201606,CAMINHOES,Centro-Oeste,7.26
201606,CAMINHOES,Nordeste,14.78
201606,CAMINHOES,Norte,8.17
201606,CAMINHOES,Sudeste,44.99
201606,CAMINHOES,Sul,24.81
201606,COMERCIAIS_LEVES,Centro-Oeste,12.22
201606,COMERCIAIS_LEVES,Nordeste,16.06
201606,COMERCIAIS_LEVES,Norte,7.79
201606,COMERCIAIS_LEVES,Sudeste,43.35
201606,COMERCIAIS_LEVES,Sul,20.58
201606,IMPLEMENTOS_RODOVIARIOS,Centro-Oeste,11.45
201606,IMPLEMENTOS_RODOVIARIOS,Nordeste,10.79
201606,IMPLEMENTOS_RODOVIARIOS,Norte,6.63
201606,IMPLEMENTOS_RODOVIARIOS,Sudeste,36.16
201606,IMPLEMENTOS_RODOVIARIOS,Sul,34.97
201606,MOTOCICLETAS,Centro-Oeste,7.82
201606,MOTOCICLETAS,Nordeste,40.7
201606,MOTOCICLETAS,Norte,13.75
201606,MOTOCICLETAS,Sudeste,30.51
201606,MOTOCICLETAS,Sul,7.22
201606,ONIBUS,Centro-Oeste,3.42
201606,ONIBUS,Nordeste,17.2
201606,ONIBUS,Norte,3.84
201606,ONIBUS,Sudeste,64.02
201606,ONIBUS,Sul,11.52
201607,AUTOMOVEIS,Centro-Oeste,8.59
201607,AUTOMOVEIS,Nordeste,14.74
201607,AUTOMOVEIS,Norte,4.1
201607,AUTOMOVEIS,Sudeste,54.53
201607,AUTOMOVEIS,Sul,18.04
201607,CAMINHOES,Centro-Oeste,11.62
201607,CAMINHOES,Nordeste,12.82
201607,CAMINHOES,Norte,5.28
201607,CAMINHOES,Sudeste,45.13
201607,CAMINHOES,Sul,25.16
201607,COMERCIAIS_LEVES,Centro-Oeste,13.08
201607,COMERCIAIS_LEVES,Nordeste,15.27
201607,COMERCIAIS_LEVES,Norte,7.59
201607,COMERCIAIS_LEVES,Sudeste,43.99
201607,COMERCIAIS_LEVES,Sul,20.07
201607,IMPLEMENTOS_RODOVIARIOS,Centro-Oeste,14.54
201607,IMPLEMENTOS_RODOVIARIOS,Nordeste,10.66
201607,IMPLEMENTOS_RODOVIARIOS,Norte,4.69
201607,IMPLEMENTOS_RODOVIARIOS,Sudeste,40.89
201607,IMPLEMENTOS_RODOVIARIOS,Sul,29.22
201607,MOTOCICLETAS,Centro-Oeste,10.48
201607,MOTOCICLETAS,Nordeste,38.15
201607,MOTOCICLETAS,Norte,12.85
201607,MOTOCICLETAS,Sudeste,31.42
201607,MOTOCICLETAS,Sul,7.11
201607,ONIBUS,Centro-Oeste,8.01
201607,ONIBUS,Nordeste,11.4
201607,ONIBUS,Norte,3.29
201607,ONIBUS,Sudeste,68.67
201607,ONIBUS,Sul,8.63
201608,AUTOMOVEIS,Centro-Oeste,8.74
201608,AUTOMOVEIS,Nordeste,14.91
201608,AUTOMOVEIS,Norte,3.97
201608,AUTOMOVEIS,Sudeste,54.94
201608,AUTOMOVEIS,Sul,17.45
201608,CAMINHOES,Centro-Oeste,8.92
201608,CAMINHOES,Nordeste,12.7
201608,CAMINHOES,Norte,7.21
201608,CAMINHOES,Sudeste,45.54
201608,CAMINHOES,Sul,25.63
201608,COMERCIAIS_LEVES,Centro-Oeste,13.52
201608,COMERCIAIS_LEVES,Nordeste,17.36
201608,COMERCIAIS_LEVES,Norte,7.84
201608,COMERCIAIS_LEVES,Sudeste,41.72
201608,COMERCIAIS_LEVES,Sul,19.56
201608,IMPLEMENTOS_RODOVIARIOS,Centro-Oeste,17.17
201608,IMPLEMENTOS_RODOVIARIOS,Nordeste,8.54
201608,IMPLEMENTOS_RODOVIARIOS,Norte,5.76
201608,IMPLEMENTOS_RODOVIARIOS,Sudeste,37.47
201608,IMPLEMENTOS_RODOVIARIOS,Sul,31.06
201608,MOTOCICLETAS,Centro-Oeste,10.2
201608,MOTOCICLETAS,Nordeste,37.39
201608,MOTOCICLETAS,Norte,13.08
201608,MOTOCICLETAS,Sudeste,31.61
201608,MOTOCICLETAS,Sul,7.71
201608,ONIBUS,Centro-Oeste,3.32
201608,ONIBUS,Nordeste,19.17
201608,ONIBUS,Norte,2.4
201608,ONIBUS,Sudeste,64.92
201608,ONIBUS,Sul,10.18
201609,AUTOMOVEIS,Centro-Oeste,8.4
201609,AUTOMOVEIS,Nordeste,14.33
201609,AUTOMOVEIS,Norte,3.5
201609,AUTOMOVEIS,Sudeste,56.1
201609,AUTOMOVEIS,Sul,17.66
201609,CAMINHOES,Centro-Oeste,8.79
201609,CAMINHOES,Nordeste,17.69
201609,CAMINHOES,Norte,5.22
201609,CAMINHOES,Sudeste,42.66
201609,CAMINHOES,Sul,25.64
201609,COMERCIAIS_LEVES,Centro-Oeste,12.28
201609,COMERCIAIS_LEVES,Nordeste,15.77
201609,COMERCIAIS_LEVES,Norte,8.05
201609,COMERCIAIS_LEVES,Sudeste,43.15
201609,COMERCIAIS_LEVES,Sul,20.76
201609,IMPLEMENTOS_RODOVIARIOS,Centro-Oeste,12.07
201609,IMPLEMENTOS_RODOVIARIOS,Nordeste,10.14
201609,IMPLEMENTOS_RODOVIARIOS,Norte,6.41
201609,IMPLEMENTOS_RODOVIARIOS,Sudeste,37.16
201609,IMPLEMENTOS_RODOVIARIOS,Sul,34.22
201609,MOTOCICLETAS,Centro-Oeste,9.72
201609,MOTOCICLETAS,Nordeste,37.1
201609,MOTOCICLETAS,Norte,12.16
201609,MOTOCICLETAS,Sudeste,32.93
201609,MOTOCICLETAS,Sul,8.09
201609,ONIBUS,Centro-Oeste,7.73
201609,ONIBUS,Nordeste,18.48
201609,ONIBUS,Norte,3.74
201609,ONIBUS,Sudeste,58.7
201609,ONIBUS,Sul,11.35
201610,AUTOMOVEIS,Centro-Oeste,8.55
201610,AUTOMOVEIS,Nordeste,13.99
201610,AUTOMOVEIS,Norte,3.44
201610,AUTOMOVEIS,Sudeste,56.71
201610,AUTOMOVEIS,Sul,17.32
201610,CAMINHOES,Centro-Oeste,8.01
201610,CAMINHOES,Nordeste,14.54
201610,CAMINHOES,Norte,6.05
201610,CAMINHOES,Sudeste,43.23
201610,CAMINHOES,Sul,28.17
201610,COMERCIAIS_LEVES,Centro-Oeste,11.05
201610,COMERCIAIS_LEVES,Nordeste,15.91
201610,COMERCIAIS_LEVES,Norte,7.79
201610,COMERCIAIS_LEVES,Sudeste,44.74
201610,COMERCIAIS_LEVES,Sul,20.5
201610,IMPLEMENTOS_RODOVIARIOS,Centro-Oeste,7.9
201610,IMPLEMENTOS_RODOVIARIOS,Nordeste,8.08
201610,IMPLEMENTOS_RODOVIARIOS,Norte,4.67
201610,IMPLEMENTOS_RODOVIARIOS,Sudeste,45.63
201610,IMPLEMENTOS_RODOVIARIOS,Sul,33.71
201610,MOTOCICLETAS,Centro-Oeste,9.42
201610,MOTOCICLETAS,Nordeste,37.49
201610,MOTOCICLETAS,Norte,12.23
201610,MOTOCICLETAS,Sudeste,31.78
201610,MOTOCICLETAS,Sul,9.08
201610,ONIBUS,Centro-Oeste,2.77
201610,ONIBUS,Nordeste,17.57
201610,ONIBUS,Norte,8.19
201610,ONIBUS,Sudeste,59.31
201610,ONIBUS,Sul,12.15
201611,AUTOMOVEIS,Centro-Oeste,8.01
201611,AUTOMOVEIS,Nordeste,13.83
201611,AUTOMOVEIS,Norte,3.6
201611,AUTOMOVEIS,Sudeste,57.59
201611,AUTOMOVEIS,Sul,16.97
201611,CAMINHOES,Centro-Oeste,8.68
201611,CAMINHOES,Nordeste,18.74
201611,CAMINHOES,Norte,5.08
201611,CAMINHOES,Sudeste,41.4
201611,CAMINHOES,Sul,26.1
201611,COMERCIAIS_LEVES,Centro-Oeste,11.53
201611,COMERCIAIS_LEVES,Nordeste,15.6
201611,COMERCIAIS_LEVES,Norte,8.17
201611,COMERCIAIS_LEVES,Sudeste,45.08
201611,COMERCIAIS_LEVES,Sul,19.62
201611,IMPLEMENTOS_RODOVIARIOS,Centro-Oeste,11.33
201611,IMPLEMENTOS_RODOVIARIOS,Nordeste,9.75
201611,IMPLEMENTOS_RODOVIARIOS,Norte,5.36
201611,IMPLEMENTOS_RODOVIARIOS,Sudeste,33.1
201611,IMPLEMENTOS_RODOVIARIOS,Sul,40.45
201611,MOTOCICLETAS,Centro-Oeste,8.93
201611,MOTOCICLETAS,Nordeste,38.72
201611,MOTOCICLETAS,Norte,13.37
201611,MOTOCICLETAS,Sudeste,30.16
201611,MOTOCICLETAS,Sul,8.81
201611,ONIBUS,Centro-Oeste,4.36
201611,ONIBUS,Nordeste,18.18
201611,ONIBUS,Norte,5.73
201611,ONIBUS,Sudeste,53.8
201611,ONIBUS,Sul,17.93
201612,AUTOMOVEIS,Centro-Oeste,8.66
201612,AUTOMOVEIS,Nordeste,15.98
201612,AUTOMOVEIS,Norte,4.16
201612,AUTOMOVEIS,Sudeste,52.4
201612,AUTOMOVEIS,Sul,18.79
201612,CAMINHOES,Centro-Oeste,8.57
201612,CAMINHOES,Nordeste,16.8
201612,CAMINHOES,Norte,6.75
201612,CAMINHOES,Sudeste,42.87
201612,CAMINHOES,Sul,25.01
201612,COMERCIAIS_LEVES,Centro-Oeste,12.64
201612,COMERCIAIS_LEVES,Nordeste,17.32
201612,COMERCIAIS_LEVES,Norte,8.37
201612,COMERCIAIS_LEVES,Sudeste,40.43
201612,COMERCIAIS_LEVES,Sul,21.23
201612,IMPLEMENTOS_RODOVIARIOS,Centro-Oeste,11.32
201612,IMPLEMENTOS_RODOVIARIOS,Nordeste,7.75
201612,IMPLEMENTOS_RODOVIARIOS,Norte,3.3
201612,IMPLEMENTOS_RODOVIARIOS,Sudeste,39.06
201612,IMPLEMENTOS_RODOVIARIOS,Sul,38.57
201612,MOTOCICLETAS,Centro-Oeste,8.27
201612,MOTOCICLETAS,Nordeste,40.11
201612,MOTOCICLETAS,Norte,14.68
201612,MOTOCICLETAS,Sudeste,28.34
201612,MOTOCICLETAS,Sul,8.6
201612,ONIBUS,Centro-Oeste,12.51
201612,ONIBUS,Nordeste,20.28
201612,ONIBUS,Norte,8.63
201612,ONIBUS,Sudeste,42.61
201612,ONIBUS,Sul,15.97
201701,AUTOMOVEIS,Centro-Oeste,9.87
201701,AUTOMOVEIS,Nordeste,16.88
201701,AUTOMOVEIS,Norte,4.06
201701,AUTOMOVEIS,Sudeste,49.8
201701,AUTOMOVEIS,Sul,19.4
201701,CAMINHOES,Centro-Oeste,11.53
201701,CAMINHOES,Nordeste,15.27
201701,CAMINHOES,Norte,5.07
201701,CAMINHOES,Sudeste,42.45
201701,CAMINHOES,Sul,25.68
201701,COMERCIAIS_LEVES,Centro-Oeste,12.3
201701,COMERCIAIS_LEVES,Nordeste,16.97
201701,COMERCIAIS_LEVES,Norte,7.0
201701,COMERCIAIS_LEVES,Sudeste,41.27
201701,COMERCIAIS_LEVES,Sul,22.46
201701,IMPLEMENTOS_RODOVIARIOS,Centro-Oeste,14.59
201701,IMPLEMENTOS_RODOVIARIOS,Nordeste,6.74
201701,IMPLEMENTOS_RODOVIARIOS,Norte,3.27
201701,IMPLEMENTOS_RODOVIARIOS,Sudeste,40.18
201701,IMPLEMENTOS_RODOVIARIOS,Sul,35.21
201701,MOTOCICLETAS,Centro-Oeste,9.28
201701,MOTOCICLETAS,Nordeste,35.7
201701,MOTOCICLETAS,Norte,12.11
201701,MOTOCICLETAS,Sudeste,32.95
201701,MOTOCICLETAS,Sul,9.97
201701,ONIBUS,Centro-Oeste,9.34
201701,ONIBUS,Nordeste,25.88
201701,ONIBUS,Norte,4.53
201701,ONIBUS,Sudeste,41.16
201701,ONIBUS,Sul,19.09
201702,AUTOMOVEIS,Centro-Oeste,9.44
201702,AUTOMOVEIS,Nordeste,15.02
201702,AUTOMOVEIS,Norte,4.32
201702,AUTOMOVEIS,Sudeste,53.72
201702,AUTOMOVEIS,Sul,17.5
201702,CAMINHOES,Centro-Oeste,7.24
201702,CAMINHOES,Nordeste,14.32
201702,CAMINHOES,Norte,5.25
201702,CAMINHOES,Sudeste,46.34
201702,CAMINHOES,Sul,26.85
201702,COMERCIAIS_LEVES,Centro-Oeste,12.07
201702,COMERCIAIS_LEVES,Nordeste,17.0
201702,COMERCIAIS_LEVES,Norte,7.3
201702,COMERCIAIS_LEVES,Sudeste,44.18
201702,COMERCIAIS_LEVES,Sul,19.45
201702,IMPLEMENTOS_RODOVIARIOS,Centro-Oeste,15.77
201702,IMPLEMENTOS_RODOVIARIOS,Nordeste,10.39
201702,IMPLEMENTOS_RODOVIARIOS,Norte,2.77
201702,IMPLEMENTOS_RODOVIARIOS,Sudeste,36.7
201702,IMPLEMENTOS_RODOVIARIOS,Sul,34.38
201702,MOTOCICLETAS,Centro-Oeste,9.72
201702,MOTOCICLETAS,Nordeste,34.17
201702,MOTOCICLETAS,Norte,11.51
201702,MOTOCICLETAS,Sudeste,34.81
201702,MOTOCICLETAS,Sul,9.8
201702,ONIBUS,Centro-Oeste,7.57
201702,ONIBUS,Nordeste,15.92
201702,ONIBUS,Norte,8.04
201702,ONIBUS,Sudeste,54.4
201702,ONIBUS,Sul,14.06
201703,AUTOMOVEIS,Centro-Oeste,8.88
201703,AUTOMOVEIS,Nordeste,14.81
201703,AUTOMOVEIS,Norte,4.09
201703,AUTOMOVEIS,Sudeste,54.76
201703,AUTOMOVEIS,Sul,17.46
201703,CAMINHOES,Centro-Oeste,9.66
201703,CAMINHOES,Nordeste,13.59
201703,CAMINHOES,Norte,5.83
201703,CAMINHOES,Sudeste,46.02
201703,CAMINHOES,Sul,24.9
201703,COMERCIAIS_LEVES,Centro-Oeste,12.98
201703,COMERCIAIS_LEVES,Nordeste,16.33
201703,COMERCIAIS_LEVES,Norte,8.67
201703,COMERCIAIS_LEVES,Sudeste,43.13
201703,COMERCIAIS_LEVES,Sul,18.89
201703,IMPLEMENTOS_RODOVIARIOS,Centro-Oeste,11.95
201703,IMPLEMENTOS_RODOVIARIOS,Nordeste,9.55
201703,IMPLEMENTOS_RODOVIARIOS,Norte,2.49
201703,IMPLEMENTOS_RODOVIARIOS,Sudeste,41.15
201703,IMPLEMENTOS_RODOVIARIOS,Sul,34.86
201703,MOTOCICLETAS,Centro-Oeste,9.41
201703,MOTOCICLETAS,Nordeste,32.73
201703,MOTOCICLETAS,Norte,12.46
201703,MOTOCICLETAS,Sudeste,35.44
201703,MOTOCICLETAS,Sul,9.97
201703,ONIBUS,Centro-Oeste,7.53
201703,ONIBUS,Nordeste,17.11
201703,ONIBUS,Norte,7.44
201703,ONIBUS,Sudeste,56.63
201703,ONIBUS,Sul,11.29
201704,AUTOMOVEIS,Centro-Oeste,8.39
201704,AUTOMOVEIS,Nordeste,15.23
201704,AUTOMOVEIS,Norte,3.98
201704,AUTOMOVEIS,Sudeste,55.56
201704,AUTOMOVEIS,Sul,16.84
201704,CAMINHOES,Centro-Oeste,10.35
201704,CAMINHOES,Nordeste,15.68
201704,CAMINHOES,Norte,4.1
201704,CAMINHOES,Sudeste,44.52
201704,CAMINHOES,Sul,25.34
201704,COMERCIAIS_LEVES,Centro-Oeste,12.54
201704,COMERCIAIS_LEVES,Nordeste,16.71
201704,COMERCIAIS_LEVES,Norte,8.63
201704,COMERCIAIS_LEVES,Sudeste,42.71
201704,COMERCIAIS_LEVES,Sul,19.41
201704,IMPLEMENTOS_RODOVIARIOS,Centro-Oeste,19.1
201704,IMPLEMENTOS_RODOVIARIOS,Nordeste,8.3
201704,IMPLEMENTOS_RODOVIARIOS,Norte,2.1
201704,IMPLEMENTOS_RODOVIARIOS,Sudeste,39.34
201704,IMPLEMENTOS_RODOVIARIOS,Sul,31.15
201704,MOTOCICLETAS,Centro-Oeste,9.29
201704,MOTOCICLETAS,Nordeste,35.14
201704,MOTOCICLETAS,Norte,11.85
201704,MOTOCICLETAS,Sudeste,34.74
201704,MOTOCICLETAS,Sul,8.98
201704,ONIBUS,Centro-Oeste,6.5
201704,ONIBUS,Nordeste,16.29
201704,ONIBUS,Norte,2.73
201704,ONIBUS,Sudeste,68.64
201704,ONIBUS,Sul,5.84
201705,AUTOMOVEIS,Centro-Oeste,8.37
201705,AUTOMOVEIS,Nordeste,14.9
201705,AUTOMOVEIS,Norte,3.98
201705,AUTOMOVEIS,Sudeste,56.01
201705,AUTOMOVEIS,Sul,16.73
201705,CAMINHOES,Centro-Oeste,12.16
201705,CAMINHOES,Nordeste,15.17
201705,CAMINHOES,Norte,5.29
201705,CAMINHOES,Sudeste,40.52
201705,CAMINHOES,Sul,26.85
201705,COMERCIAIS_LEVES,Centro-Oeste,13.1
201705,COMERCIAIS_LEVES,Nordeste,16.34
201705,COMERCIAIS_LEVES,Norte,8.46
201705,COMERCIAIS_LEVES,Sudeste,42.61
201705,COMERCIAIS_LEVES,Sul,19.49
201705,IMPLEMENTOS_RODOVIARIOS,Centro-Oeste,18.1
201705,IMPLEMENTOS_RODOVIARIOS,Nordeste,9.81
201705,IMPLEMENTOS_RODOVIARIOS,Norte,3.62
201705,IMPLEMENTOS_RODOVIARIOS,Sudeste,42.24
201705,IMPLEMENTOS_RODOVIARIOS,Sul,26.24
201705,MOTOCICLETAS,Centro-Oeste,10.17
201705,MOTOCICLETAS,Nordeste,36.23
201705,MOTOCICLETAS,Norte,11.96
201705,MOTOCICLETAS,Sudeste,32.76
201705,MOTOCICLETAS,Sul,8.87
201705,ONIBUS,Centro-Oeste,11.54
201705,ONIBUS,Nordeste,25.82
201705,ONIBUS,Norte,3.04
201705,ONIBUS,Sudeste,52.39
201705,ONIBUS,Sul,7.21
201706,AUTOMOVEIS,Centro-Oeste,8.49
201706,AUTOMOVEIS,Nordeste,14.39
201706,AUTOMOVEIS,Norte,3.9
201706,AUTOMOVEIS,Sudeste,57.12
201706,AUTOMOVEIS,Sul,16.1
201706,CAMINHOES,Centro-Oeste,10.86
201706,CAMINHOES,Nordeste,13.38
201706,CAMINHOES,Norte,5.89
201706,CAMINHOES,Sudeste,42.79
201706,CAMINHOES,Sul,27.09
201706,COMERCIAIS_LEVES,Centro-Oeste,11.92
201706,COMERCIAIS_LEVES,Nordeste,14.57
201706,COMERCIAIS_LEVES,Norte,8.92
201706,COMERCIAIS_LEVES,Sudeste,46.03
201706,COMERCIAIS_LEVES,Sul,18.56
201706,IMPLEMENTOS_RODOVIARIOS,Centro-Oeste,15.32
201706,IMPLEMENTOS_RODOVIARIOS,Nordeste,6.23
201706,IMPLEMENTOS_RODOVIARIOS,Norte,3.5
201706,IMPLEMENTOS_RODOVIARIOS,Sudeste,49.09
201706,IMPLEMENTOS_RODOVIARIOS,Sul,25.86
201706,MOTOCICLETAS,Centro-Oeste,10.39
201706,MOTOCICLETAS,Nordeste,33.26
201706,MOTOCICLETAS,Norte,12.92
201706,MOTOCICLETAS,Sudeste,34.62
201706,MOTOCICLETAS,Sul,8.8
201706,ONIBUS,Centro-Oeste,5.25
201706,ONIBUS,Nordeste,19.59
201706,ONIBUS,Norte,4.87
201706,ONIBUS,Sudeste,49.04
201706,ONIBUS,Sul,21.25
201707,AUTOMOVEIS,Centro-Oeste,8.45
201707,AUTOMOVEIS,Nordeste,15.5
201707,AUTOMOVEIS,Norte,3.96
201707,AUTOMOVEIS,Sudeste,54.82
201707,AUTOMOVEIS,Sul,17.27
201707,CAMINHOES,Centro-Oeste,12.47
201707,CAMINHOES,Nordeste,15.1
201707,CAMINHOES,Norte,4.49
201707,CAMINHOES,Sudeste,41.27
201707,CAMINHOES,Sul,26.68
201707,COMERCIAIS_LEVES,Centro-Oeste,11.89
201707,COMERCIAIS_LEVES,Nordeste,16.51
201707,COMERCIAIS_LEVES,Norte,8.64
201707,COMERCIAIS_LEVES,Sudeste,45.41
201707,COMERCIAIS_LEVES,Sul,17.55
201707,IMPLEMENTOS_RODOVIARIOS,Centro-Oeste,18.71
201707,IMPLEMENTOS_RODOVIARIOS,Nordeste,10.82
201707,IMPLEMENTOS_RODOVIARIOS,Norte,2.79
201707,IMPLEMENTOS_RODOVIARIOS,Sudeste,38.67
201707,IMPLEMENTOS_RODOVIARIOS,Sul,29.02
201707,MOTOCICLETAS,Centro-Oeste,10.3
201707,MOTOCICLETAS,Nordeste,34.65
201707,MOTOCICLETAS,Norte,12.48
201707,MOTOCICLETAS,Sudeste,33.29
201707,MOTOCICLETAS,Sul,9.27
201707,ONIBUS,Centro-Oeste,5.73
201707,ONIBUS,Nordeste,26.04
201707,ONIBUS,Norte,4.91
201707,ONIBUS,Sudeste,50.72
201707,ONIBUS,Sul,12.61
201708,AUTOMOVEIS,Centro-Oeste,8.2
201708,AUTOMOVEIS,Nordeste,14.65
201708,AUTOMOVEIS,Norte,4.07
201708,AUTOMOVEIS,Sudeste,56.8
201708,AUTOMOVEIS,Sul,16.27
201708,CAMINHOES,Centro-Oeste,11.57
201708,CAMINHOES,Nordeste,15.58
201708,CAMINHOES,Norte,5.25
201708,CAMINHOES,Sudeste,40.66
201708,CAMINHOES,Sul,26.94
201708,COMERCIAIS_LEVES,Centro-Oeste,12.78
201708,COMERCIAIS_LEVES,Nordeste,17.97
201708,COMERCIAIS_LEVES,Norte,8.76
201708,COMERCIAIS_LEVES,Sudeste,42.56
201708,COMERCIAIS_LEVES,Sul,17.93
201708,IMPLEMENTOS_RODOVIARIOS,Centro-Oeste,16.91
201708,IMPLEMENTOS_RODOVIARIOS,Nordeste,10.46
201708,IMPLEMENTOS_RODOVIARIOS,Norte,5.13
201708,IMPLEMENTOS_RODOVIARIOS,Sudeste,34.55
201708,IMPLEMENTOS_RODOVIARIOS,Sul,32.95
201708,MOTOCICLETAS,Centro-Oeste,9.93
201708,MOTOCICLETAS,Nordeste,33.33
201708,MOTOCICLETAS,Norte,13.38
201708,MOTOCICLETAS,Sudeste,33.9
201708,MOTOCICLETAS,Sul,9.45
201708,ONIBUS,Centro-Oeste,3.58
201708,ONIBUS,Nordeste,19.9
201708,ONIBUS,Norte,4.07
201708,ONIBUS,Sudeste,58.03
201708,ONIBUS,Sul,14.43
201709,AUTOMOVEIS,Centro-Oeste,7.61
201709,AUTOMOVEIS,Nordeste,14.19
201709,AUTOMOVEIS,Norte,3.8
201709,AUTOMOVEIS,Sudeste,58.81
201709,AUTOMOVEIS,Sul,15.59
201709,CAMINHOES,Centro-Oeste,11.25
201709,CAMINHOES,Nordeste,14.42
201709,CAMINHOES,Norte,5.81
201709,CAMINHOES,Sudeste,42.62
201709,CAMINHOES,Sul,25.89
201709,COMERCIAIS_LEVES,Centro-Oeste,11.3
201709,COMERCIAIS_LEVES,Nordeste,16.2
201709,COMERCIAIS_LEVES,Norte,8.45
201709,COMERCIAIS_LEVES,Sudeste,43.17
201709,COMERCIAIS_LEVES,Sul,20.88
201709,IMPLEMENTOS_RODOVIARIOS,Centro-Oeste,19.9
201709,IMPLEMENTOS_RODOVIARIOS,Nordeste,6.68
201709,IMPLEMENTOS_RODOVIARIOS,Norte,3.34
201709,IMPLEMENTOS_RODOVIARIOS,Sudeste,32.73
201709,IMPLEMENTOS_RODOVIARIOS,Sul,37.36
201709,MOTOCICLETAS,Centro-Oeste,8.24
201709,MOTOCICLETAS,Nordeste,33.54
201709,MOTOCICLETAS,Norte,11.99
201709,MOTOCICLETAS,Sudeste,36.09
201709,MOTOCICLETAS,Sul,10.15
201709,ONIBUS,Centro-Oeste,3.89
201709,ONIBUS,Nordeste,21.54
201709,ONIBUS,Norte,5.43
201709,ONIBUS,Sudeste,57.19
201709,ONIBUS,Sul,11.95
201710,AUTOMOVEIS,Centro-Oeste,8.31
201710,AUTOMOVEIS,Nordeste,14.64
201710,AUTOMOVEIS,Norte,4.44
201710,AUTOMOVEIS,Sudeste,55.4
201710,AUTOMOVEIS,Sul,17.21
201710,CAMINHOES,Centro-Oeste,9.55
201710,CAMINHOES,Nordeste,13.71
201710,CAMINHOES,Norte,5.86
201710,CAMINHOES,Sudeste,43.74
201710,CAMINHOES,Sul,27.14
201710,COMERCIAIS_LEVES,Centro-Oeste,10.93
201710,COMERCIAIS_LEVES,Nordeste,15.18
201710,COMERCIAIS_LEVES,Norte,7.97
201710,COMERCIAIS_LEVES,Sudeste,45.65
201710,COMERCIAIS_LEVES,Sul,20.26
201710,IMPLEMENTOS_RODOVIARIOS,Centro-Oeste,19.58
201710,IMPLEMENTOS_RODOVIARIOS,Nordeste,7.32
201710,IMPLEMENTOS_RODOVIARIOS,Norte,5.08
201710,IMPLEMENTOS_RODOVIARIOS,Sudeste,35.41
201710,IMPLEMENTOS_RODOVIARIOS,Sul,32.61
201710,MOTOCICLETAS,Centro-Oeste,9.13
201710,MOTOCICLETAS,Nordeste,34.13
201710,MOTOCICLETAS,Norte,11.83
201710,MOTOCICLETAS,Sudeste,34.95
201710,MOTOCICLETAS,Sul,9.96
201710,ONIBUS,Centro-Oeste,4.1
201710,ONIBUS,Nordeste,20.0
201710,ONIBUS,Norte,5.47
201710,ONIBUS,Sudeste,59.49
201710,ONIBUS,Sul,10.94
201711,AUTOMOVEIS,Centro-Oeste,7.89
201711,AUTOMOVEIS,Nordeste,14.16
201711,AUTOMOVEIS,Norte,4.04
201711,AUTOMOVEIS,Sudeste,56.38
201711,AUTOMOVEIS,Sul,17.53
201711,CAMINHOES,Centro-Oeste,10.37
201711,CAMINHOES,Nordeste,15.92
201711,CAMINHOES,Norte,5.7
201711,CAMINHOES,Sudeste,41.61
201711,CAMINHOES,Sul,26.4
201711,COMERCIAIS_LEVES,Centro-Oeste,11.44
201711,COMERCIAIS_LEVES,Nordeste,15.79
201711,COMERCIAIS_LEVES,Norte,8.24
201711,COMERCIAIS_LEVES,Sudeste,43.96
201711,COMERCIAIS_LEVES,Sul,20.57
201711,IMPLEMENTOS_RODOVIARIOS,Centro-Oeste,17.61
201711,IMPLEMENTOS_RODOVIARIOS,Nordeste,9.24
201711,IMPLEMENTOS_RODOVIARIOS,Norte,6.46
201711,IMPLEMENTOS_RODOVIARIOS,Sudeste,32.55
201711,IMPLEMENTOS_RODOVIARIOS,Sul,34.14
201711,MOTOCICLETAS,Centro-Oeste,10.64
201711,MOTOCICLETAS,Nordeste,33.11
201711,MOTOCICLETAS,Norte,12.2
201711,MOTOCICLETAS,Sudeste,33.37
201711,MOTOCICLETAS,Sul,10.68
201711,ONIBUS,Centro-Oeste,3.6
201711,ONIBUS,Nordeste,22.75
201711,ONIBUS,Norte,6.43
201711,ONIBUS,Sudeste,54.15
201711,ONIBUS,Sul,13.07
201712,AUTOMOVEIS,Centro-Oeste,8.9
201712,AUTOMOVEIS,Nordeste,15.75
201712,AUTOMOVEIS,Norte,4.88
201712,AUTOMOVEIS,Sudeste,51.55
201712,AUTOMOVEIS,Sul,18.92
201712,CAMINHOES,Centro-Oeste,12.2
201712,CAMINHOES,Nordeste,14.92
201712,CAMINHOES,Norte,6.54
201712,CAMINHOES,Sudeste,42.91
201712,CAMINHOES,Sul,23.44
201712,COMERCIAIS_LEVES,Centro-Oeste,13.34
201712,COMERCIAIS_LEVES,Nordeste,16.26
201712,COMERCIAIS_LEVES,Norte,9.41
201712,COMERCIAIS_LEVES,Sudeste,39.46
201712,COMERCIAIS_LEVES,Sul,21.53
201712,IMPLEMENTOS_RODOVIARIOS,Centro-Oeste,17.87
201712,IMPLEMENTOS_RODOVIARIOS,Nordeste,8.3
201712,IMPLEMENTOS_RODOVIARIOS,Norte,4.01
201712,IMPLEMENTOS_RODOVIARIOS,Sudeste,38.96
201712,IMPLEMENTOS_RODOVIARIOS,Sul,30.85
201712,MOTOCICLETAS,Centro-Oeste,9.84
201712,MOTOCICLETAS,Nordeste,35.18
201712,MOTOCICLETAS,Norte,12.59
201712,MOTOCICLETAS,Sudeste,32.05
201712,MOTOCICLETAS,Sul,10.34
201712,ONIBUS,Centro-Oeste,3.62
201712,ONIBUS,Nordeste,11.67
201712,ONIBUS,Norte,3.81
201712,ONIBUS,Sudeste,64.25
201712,ONIBUS,Sul,16.66
201801,AUTOMOVEIS,Centro-Oeste,9.88
201801,AUTOMOVEIS,Nordeste,16.35
201801,AUTOMOVEIS,Norte,4.63
201801,AUTOMOVEIS,Sudeste,50.3
201801,AUTOMOVEIS,Sul,18.84
201801,CAMINHOES,Centro-Oeste,10.95
201801,CAMINHOES,Nordeste,12.89
201801,CAMINHOES,Norte,4.46
201801,CAMINHOES,Sudeste,47.16
201801,CAMINHOES,Sul,24.54
201801,COMERCIAIS_LEVES,Centro-Oeste,11.97
201801,COMERCIAIS_LEVES,Nordeste,17.29
201801,COMERCIAIS_LEVES,Norte,8.68
201801,COMERCIAIS_LEVES,Sudeste,42.42
201801,COMERCIAIS_LEVES,Sul,19.64
201801,IMPLEMENTOS_RODOVIARIOS,Centro-Oeste,26.81
201801,IMPLEMENTOS_RODOVIARIOS,Nordeste,4.31
201801,IMPLEMENTOS_RODOVIARIOS,Norte,2.22
201801,IMPLEMENTOS_RODOVIARIOS,Sudeste,34.21
201801,IMPLEMENTOS_RODOVIARIOS,Sul,32.46
201801,MOTOCICLETAS,Centro-Oeste,9.65
201801,MOTOCICLETAS,Nordeste,32.42
201801,MOTOCICLETAS,Norte,12.44
201801,MOTOCICLETAS,Sudeste,34.35
201801,MOTOCICLETAS,Sul,11.14
201801,ONIBUS,Centro-Oeste,7.35
201801,ONIBUS,Nordeste,15.34
201801,ONIBUS,Norte,3.32
201801,ONIBUS,Sudeste,56.59
201801,ONIBUS,Sul,17.4
201802,AUTOMOVEIS,Centro-Oeste,9.81
201802,AUTOMOVEIS,Nordeste,14.75
201802,AUTOMOVEIS,Norte,4.4
201802,AUTOMOVEIS,Sudeste,52.89
201802,AUTOMOVEIS,Sul,18.15
201802,CAMINHOES,Centro-Oeste,12.42
201802,CAMINHOES,Nordeste,13.29
201802,CAMINHOES,Norte,5.16
201802,CAMINHOES,Sudeste,41.78
201802,CAMINHOES,Sul,27.34
201802,COMERCIAIS_LEVES,Centro-Oeste,13.65
201802,COMERCIAIS_LEVES,Nordeste,15.84
201802,COMERCIAIS_LEVES,Norte,9.05
201802,COMERCIAIS_LEVES,Sudeste,41.6
201802,COMERCIAIS_LEVES,Sul,19.86
201802,IMPLEMENTOS_RODOVIARIOS,Centro-Oeste,20.46
201802,IMPLEMENTOS_RODOVIARIOS,Nordeste,4.1
201802,IMPLEMENTOS_RODOVIARIOS,Norte,5.47
201802,IMPLEMENTOS_RODOVIARIOS,Sudeste,39.63
201802,IMPLEMENTOS_RODOVIARIOS,Sul,30.35
201802,MOTOCICLETAS,Centro-Oeste,10.97
201802,MOTOCICLETAS,Nordeste,29.06
201802,MOTOCICLETAS,Norte,11.5
201802,MOTOCICLETAS,Sudeste,36.65
201802,MOTOCICLETAS,Sul,11.82
201802,ONIBUS,Centro-Oeste,2.88
201802,ONIBUS,Nordeste,16.11
201802,ONIBUS,Norte,7.29
201802,ONIBUS,Sudeste,59.77
201802,ONIBUS,Sul,13.95
201803,AUTOMOVEIS,Centro-Oeste,8.82
201803,AUTOMOVEIS,Nordeste,14.67
201803,AUTOMOVEIS,Norte,4.2
201803,AUTOMOVEIS,Sudeste,54.49
201803,AUTOMOVEIS,Sul,17.82
201803,CAMINHOES,Centro-Oeste,10.04
201803,CAMINHOES,Nordeste,11.26
201803,CAMINHOES,Norte,4.56
201803,CAMINHOES,Sudeste,46.82
201803,CAMINHOES,Sul,27.33
201803,COMERCIAIS_LEVES,Centro-Oeste,14.24
201803,COMERCIAIS_LEVES,Nordeste,17.24
201803,COMERCIAIS_LEVES,Norte,7.67
201803,COMERCIAIS_LEVES,Sudeste,41.67
201803,COMERCIAIS_LEVES,Sul,19.18
201803,IMPLEMENTOS_RODOVIARIOS,Centro-Oeste,15.83
201803,IMPLEMENTOS_RODOVIARIOS,Nordeste,7.63
201803,IMPLEMENTOS_RODOVIARIOS,Norte,1.91
201803,IMPLEMENTOS_RODOVIARIOS,Sudeste,42.11
201803,IMPLEMENTOS_RODOVIARIOS,Sul,32.51
201803,MOTOCICLETAS,Centro-Oeste,9.34
201803,MOTOCICLETAS,Nordeste,31.52
201803,MOTOCICLETAS,Norte,10.9
201803,MOTOCICLETAS,Sudeste,36.84
201803,MOTOCICLETAS,Sul,11.39
201803,ONIBUS,Centro-Oeste,6.11
201803,ONIBUS,Nordeste,15.05
201803,ONIBUS,Norte,2.67
201803,ONIBUS,Sudeste,60.35
201803,ONIBUS,Sul,15.81
201804,AUTOMOVEIS,Centro-Oeste,9.1
201804,AUTOMOVEIS,Nordeste,14.33
201804,AUTOMOVEIS,Norte,4.17
201804,AUTOMOVEIS,Sudeste,54.9
201804,AUTOMOVEIS,Sul,17.5
201804,CAMINHOES,Centro-Oeste,10.43
201804,CAMINHOES,Nordeste,14.19
201804,CAMINHOES,Norte,4.9
201804,CAMINHOES,Sudeste,41.55
201804,CAMINHOES,Sul,28.93
201804,COMERCIAIS_LEVES,Centro-Oeste,13.87
201804,COMERCIAIS_LEVES,Nordeste,16.17
201804,COMERCIAIS_LEVES,Norte,7.69
201804,COMERCIAIS_LEVES,Sudeste,41.56
201804,COMERCIAIS_LEVES,Sul,20.71
201804,IMPLEMENTOS_RODOVIARIOS,Centro-Oeste,16.67
201804,IMPLEMENTOS_RODOVIARIOS,Nordeste,6.93
201804,IMPLEMENTOS_RODOVIARIOS,Norte,4.43
201804,IMPLEMENTOS_RODOVIARIOS,Sudeste,39.63
201804,IMPLEMENTOS_RODOVIARIOS,Sul,32.36
201804,MOTOCICLETAS,Centro-Oeste,10.23
201804,MOTOCICLETAS,Nordeste,32.41
201804,MOTOCICLETAS,Norte,10.41
201804,MOTOCICLETAS,Sudeste,35.65
201804,MOTOCICLETAS,Sul,11.31
201804,ONIBUS,Centro-Oeste,2.98
201804,ONIBUS,Nordeste,19.37
201804,ONIBUS,Norte,2.72
201804,ONIBUS,Sudeste,56.0
201804,ONIBUS,Sul,18.93
201805,AUTOMOVEIS,Centro-Oeste,9.23
201805,AUTOMOVEIS,Nordeste,15.29
201805,AUTOMOVEIS,Norte,5.18
201805,AUTOMOVEIS,Sudeste,52.73
201805,AUTOMOVEIS,Sul,17.58
201805,CAMINHOES,Centro-Oeste,10.77
201805,CAMINHOES,Nordeste,15.38
201805,CAMINHOES,Norte,5.98
201805,CAMINHOES,Sudeste,39.34
201805,CAMINHOES,Sul,28.53
201805,COMERCIAIS_LEVES,Centro-Oeste,14.67
201805,COMERCIAIS_LEVES,Nordeste,15.92
201805,COMERCIAIS_LEVES,Norte,8.82
201805,COMERCIAIS_LEVES,Sudeste,41.61
201805,COMERCIAIS_LEVES,Sul,18.97
201805,IMPLEMENTOS_RODOVIARIOS,Centro-Oeste,15.39
201805,IMPLEMENTOS_RODOVIARIOS,Nordeste,12.09
201805,IMPLEMENTOS_RODOVIARIOS,Norte,2.91
201805,IMPLEMENTOS_RODOVIARIOS,Sudeste,38.6
201805,IMPLEMENTOS_RODOVIARIOS,Sul,31.01
201805,MOTOCICLETAS,Centro-Oeste,10.2
201805,MOTOCICLETAS,Nordeste,33.15
201805,MOTOCICLETAS,Norte,12.08
201805,MOTOCICLETAS,Sudeste,33.93
201805,MOTOCICLETAS,Sul,10.64
201805,ONIBUS,Centro-Oeste,4.35
201805,ONIBUS,Nordeste,13.04
201805,ONIBUS,Norte,6.36
201805,ONIBUS,Sudeste,61.43
201805,ONIBUS,Sul,14.81
201806,AUTOMOVEIS,Centro-Oeste,8.57
201806,AUTOMOVEIS,Nordeste,13.45
201806,AUTOMOVEIS,Norte,4.52
201806,AUTOMOVEIS,Sudeste,57.15
201806,AUTOMOVEIS,Sul,16.3
201806,CAMINHOES,Centro-Oeste,10.17
201806,CAMINHOES,Nordeste,13.46
201806,CAMINHOES,Norte,6.49
201806,CAMINHOES,Sudeste,40.49
201806,CAMINHOES,Sul,29.39
201806,COMERCIAIS_LEVES,Centro-Oeste,14.01
201806,COMERCIAIS_LEVES,Nordeste,15.01
201806,COMERCIAIS_LEVES,Norte,7.59
201806,COMERCIAIS_LEVES,Sudeste,44.51
201806,COMERCIAIS_LEVES,Sul,18.88
201806,IMPLEMENTOS_RODOVIARIOS,Centro-Oeste,21.57
201806,IMPLEMENTOS_RODOVIARIOS,Nordeste,5.45
201806,IMPLEMENTOS_RODOVIARIOS,Norte,3.43
201806,IMPLEMENTOS_RODOVIARIOS,Sudeste,35.71
201806,IMPLEMENTOS_RODOVIARIOS,Sul,33.83
201806,MOTOCICLETAS,Centro-Oeste,10.53
201806,MOTOCICLETAS,Nordeste,31.16
201806,MOTOCICLETAS,Norte,12.59
201806,MOTOCICLETAS,Sudeste,35.93
201806,MOTOCICLETAS,Sul,9.79
201806,ONIBUS,Centro-Oeste,5.8
201806,ONIBUS,Nordeste,12.1
201806,ONIBUS,Norte,6.72
201806,ONIBUS,Sudeste,62.35
201806,ONIBUS,Sul,13.03
201807,AUTOMOVEIS,Centro-Oeste,8.75
201807,AUTOMOVEIS,Nordeste,14.59
201807,AUTOMOVEIS,Norte,4.36
201807,AUTOMOVEIS,Sudeste,55.08
201807,AUTOMOVEIS,Sul,17.21
201807,CAMINHOES,Centro-Oeste,12.45
201807,CAMINHOES,Nordeste,13.85
201807,CAMINHOES,Norte,5.49
201807,CAMINHOES,Sudeste,39.89
201807,CAMINHOES,Sul,28.32
201807,COMERCIAIS_LEVES,Centro-Oeste,12.55
201807,COMERCIAIS_LEVES,Nordeste,16.81
201807,COMERCIAIS_LEVES,Norte,9.71
201807,COMERCIAIS_LEVES,Sudeste,42.71
201807,COMERCIAIS_LEVES,Sul,18.22
201807,IMPLEMENTOS_RODOVIARIOS,Centro-Oeste,18.67
201807,IMPLEMENTOS_RODOVIARIOS,Nordeste,10.03
201807,IMPLEMENTOS_RODOVIARIOS,Norte,2.97
201807,IMPLEMENTOS_RODOVIARIOS,Sudeste,37.14
201807,IMPLEMENTOS_RODOVIARIOS,Sul,31.2
201807,MOTOCICLETAS,Centro-Oeste,10.24
201807,MOTOCICLETAS,Nordeste,33.55
201807,MOTOCICLETAS,Norte,10.76
201807,MOTOCICLETAS,Sudeste,35.36
201807,MOTOCICLETAS,Sul,10.09
201807,ONIBUS,Centro-Oeste,4.02
201807,ONIBUS,Nordeste,12.71
201807,ONIBUS,Norte,3.54
201807,ONIBUS,Sudeste,69.64
201807,ONIBUS,Sul,10.09
201808,AUTOMOVEIS,Centro-Oeste,8.61
201808,AUTOMOVEIS,Nordeste,14.28
201808,AUTOMOVEIS,Norte,4.4
201808,AUTOMOVEIS,Sudeste,56.28
201808,AUTOMOVEIS,Sul,16.44
201808,CAMINHOES,Centro-Oeste,10.35
201808,CAMINHOES,Nordeste,15.75
201808,CAMINHOES,Norte,4.93
201808,CAMINHOES,Sudeste,42.49
201808,CAMINHOES,Sul,26.47
201808,COMERCIAIS_LEVES,Centro-Oeste,12.31
201808,COMERCIAIS_LEVES,Nordeste,15.7
201808,COMERCIAIS_LEVES,Norte,8.79
201808,COMERCIAIS_LEVES,Sudeste,45.38
201808,COMERCIAIS_LEVES,Sul,17.82
201808,IMPLEMENTOS_RODOVIARIOS,Centro-Oeste,22.61
201808,IMPLEMENTOS_RODOVIARIOS,Nordeste,8.05
201808,IMPLEMENTOS_RODOVIARIOS,Norte,3.92
201808,IMPLEMENTOS_RODOVIARIOS,Sudeste,33.33
201808,IMPLEMENTOS_RODOVIARIOS,Sul,32.1
201808,MOTOCICLETAS,Centro-Oeste,10.32
201808,MOTOCICLETAS,Nordeste,31.84
201808,MOTOCICLETAS,Norte,11.98
201808,MOTOCICLETAS,Sudeste,35.61
201808,MOTOCICLETAS,Sul,10.26
201808,ONIBUS,Centro-Oeste,4.25
201808,ONIBUS,Nordeste,11.57
201808,ONIBUS,Norte,2.97
201808,ONIBUS,Sudeste,61.67
201808,ONIBUS,Sul,19.55
201809,AUTOMOVEIS,Centro-Oeste,8.14
201809,AUTOMOVEIS,Nordeste,13.63
201809,AUTOMOVEIS,Norte,4.24
201809,AUTOMOVEIS,Sudeste,57.71
201809,AUTOMOVEIS,Sul,16.28
201809,CAMINHOES,Centro-Oeste,10.05
201809,CAMINHOES,Nordeste,18.2
201809,CAMINHOES,Norte,4.83
201809,CAMINHOES,Sudeste,42.47
201809,CAMINHOES,Sul,24.45
201809,COMERCIAIS_LEVES,Centro-Oeste,11.54
201809,COMERCIAIS_LEVES,Nordeste,14.72
201809,COMERCIAIS_LEVES,Norte,8.48
201809,COMERCIAIS_LEVES,Sudeste,44.24
201809,COMERCIAIS_LEVES,Sul,21.01
201809,IMPLEMENTOS_RODOVIARIOS,Centro-Oeste,19.25
201809,IMPLEMENTOS_RODOVIARIOS,Nordeste,6.62
201809,IMPLEMENTOS_RODOVIARIOS,Norte,4.84
201809,IMPLEMENTOS_RODOVIARIOS,Sudeste,37.9
201809,IMPLEMENTOS_RODOVIARIOS,Sul,31.39
201809,MOTOCICLETAS,Centro-Oeste,9.84
201809,MOTOCICLETAS,Nordeste,31.9
201809,MOTOCICLETAS,Norte,11.41
201809,MOTOCICLETAS,Sudeste,36.35
201809,MOTOCICLETAS,Sul,10.5
201809,ONIBUS,Centro-Oeste,8.46
201809,ONIBUS,Nordeste,17.5
201809,ONIBUS,Norte,3.97
201809,ONIBUS,Sudeste,56.84
201809,ONIBUS,Sul,13.22
201810,AUTOMOVEIS,Centro-Oeste,8.3
201810,AUTOMOVEIS,Nordeste,12.96
201810,AUTOMOVEIS,Norte,3.95
201810,AUTOMOVEIS,Sudeste,58.68
201810,AUTOMOVEIS,Sul,16.11
201810,CAMINHOES,Centro-Oeste,11.39
201810,CAMINHOES,Nordeste,16.24
201810,CAMINHOES,Norte,5.34
201810,CAMINHOES,Sudeste,42.21
201810,CAMINHOES,Sul,24.81
201810,COMERCIAIS_LEVES,Centro-Oeste,12.01
201810,COMERCIAIS_LEVES,Nordeste,15.18
201810,COMERCIAIS_LEVES,Norte,7.95
201810,COMERCIAIS_LEVES,Sudeste,45.15
201810,COMERCIAIS_LEVES,Sul,19.71
201810,IMPLEMENTOS_RODOVIARIOS,Centro-Oeste,19.26
201810,IMPLEMENTOS_RODOVIARIOS,Nordeste,9.52
201810,IMPLEMENTOS_RODOVIARIOS,Norte,5.25
201810,IMPLEMENTOS_RODOVIARIOS,Sudeste,32.02
201810,IMPLEMENTOS_RODOVIARIOS,Sul,33.95
201810,MOTOCICLETAS,Centro-Oeste,9.69
201810,MOTOCICLETAS,Nordeste,31.94
201810,MOTOCICLETAS,Norte,11.11
201810,MOTOCICLETAS,Sudeste,36.27
201810,MOTOCICLETAS,Sul,10.99
201810,ONIBUS,Centro-Oeste,7.19
201810,ONIBUS,Nordeste,15.39
201810,ONIBUS,Norte,4.1
201810,ONIBUS,Sudeste,54.22
201810,ONIBUS,Sul,19.1
201811,AUTOMOVEIS,Centro-Oeste,8.19
201811,AUTOMOVEIS,Nordeste,13.81
201811,AUTOMOVEIS,Norte,4.19
201811,AUTOMOVEIS,Sudeste,56.53
201811,AUTOMOVEIS,Sul,17.28
201811,CAMINHOES,Centro-Oeste,10.89
201811,CAMINHOES,Nordeste,15.58
201811,CAMINHOES,Norte,4.33
201811,CAMINHOES,Sudeste,40.82
201811,CAMINHOES,Sul,28.38
201811,COMERCIAIS_LEVES,Centro-Oeste,12.62
201811,COMERCIAIS_LEVES,Nordeste,16.49
201811,COMERCIAIS_LEVES,Norte,9.19
201811,COMERCIAIS_LEVES,Sudeste,42.22
201811,COMERCIAIS_LEVES,Sul,19.47
201811,IMPLEMENTOS_RODOVIARIOS,Centro-Oeste,22.25
201811,IMPLEMENTOS_RODOVIARIOS,Nordeste,9.13
201811,IMPLEMENTOS_RODOVIARIOS,Norte,4.38
201811,IMPLEMENTOS_RODOVIARIOS,Sudeste,33.21
201811,IMPLEMENTOS_RODOVIARIOS,Sul,31.03
201811,MOTOCICLETAS,Centro-Oeste,9.12
201811,MOTOCICLETAS,Nordeste,31.3
201811,MOTOCICLETAS,Norte,12.92
201811,MOTOCICLETAS,Sudeste,34.62
201811,MOTOCICLETAS,Sul,12.04
201811,ONIBUS,Centro-Oeste,10.95
201811,ONIBUS,Nordeste,19.06
201811,ONIBUS,Norte,3.17
201811,ONIBUS,Sudeste,50.62
201811,ONIBUS,Sul,16.21
201812,AUTOMOVEIS,Centro-Oeste,9.17
201812,AUTOMOVEIS,Nordeste,14.53
201812,AUTOMOVEIS,Norte,4.75
201812,AUTOMOVEIS,Sudeste,52.23
201812,AUTOMOVEIS,Sul,19.33
201812,CAMINHOES,Centro-Oeste,11.15
201812,CAMINHOES,Nordeste,16.54
201812,CAMINHOES,Norte,6.49
201812,CAMINHOES,Sudeste,38.2
201812,CAMINHOES,Sul,27.62
201812,COMERCIAIS_LEVES,Centro-Oeste,13.07
201812,COMERCIAIS_LEVES,Nordeste,16.0
201812,COMERCIAIS_LEVES,Norte,8.63
201812,COMERCIAIS_LEVES,Sudeste,42.41
201812,COMERCIAIS_LEVES,Sul,19.9
201812,IMPLEMENTOS_RODOVIARIOS,Centro-Oeste,24.33
201812,IMPLEMENTOS_RODOVIARIOS,Nordeste,6.27
201812,IMPLEMENTOS_RODOVIARIOS,Norte,7.63
201812,IMPLEMENTOS_RODOVIARIOS,Sudeste,34.03
201812,IMPLEMENTOS_RODOVIARIOS,Sul,27.74
201812,MOTOCICLETAS,Centro-Oeste,9.87
201812,MOTOCICLETAS,Nordeste,34.54
201812,MOTOCICLETAS,Norte,11.54
201812,MOTOCICLETAS,Sudeste,33.08
201812,MOTOCICLETAS,Sul,10.96
201812,ONIBUS,Centro-Oeste,12.57
201812,ONIBUS,Nordeste,14.98
201812,ONIBUS,Norte,7.64
201812,ONIBUS,Sudeste,48.38
201812,ONIBUS,Sul,16.42
201901,AUTOMOVEIS,Centro-Oeste,9.03
201901,AUTOMOVEIS,Nordeste,16.3
201901,AUTOMOVEIS,Norte,4.49
201901,AUTOMOVEIS,Sudeste,52.39
201901,AUTOMOVEIS,Sul,17.79
201901,CAMINHOES,Centro-Oeste,13.36
201901,CAMINHOES,Nordeste,15.0
201901,CAMINHOES,Norte,5.24
201901,CAMINHOES,Sudeste,40.48
201901,CAMINHOES,Sul,25.92
201901,COMERCIAIS_LEVES,Centro-Oeste,12.75
201901,COMERCIAIS_LEVES,Nordeste,17.23
201901,COMERCIAIS_LEVES,Norte,8.6
201901,COMERCIAIS_LEVES,Sudeste,41.98
201901,COMERCIAIS_LEVES,Sul,19.43
201901,IMPLEMENTOS_RODOVIARIOS,Centro-Oeste,20.75
201901,IMPLEMENTOS_RODOVIARIOS,Nordeste,9.38
201901,IMPLEMENTOS_RODOVIARIOS,Norte,2.62
201901,IMPLEMENTOS_RODOVIARIOS,Sudeste,32.6
201901,IMPLEMENTOS_RODOVIARIOS,Sul,34.65
201901,MOTOCICLETAS,Centro-Oeste,9.71
201901,MOTOCICLETAS,Nordeste,33.52
201901,MOTOCICLETAS,Norte,9.78
201901,MOTOCICLETAS,Sudeste,35.41
201901,MOTOCICLETAS,Sul,11.59
201901,ONIBUS,Centro-Oeste,12.35
201901,ONIBUS,Nordeste,18.02
201901,ONIBUS,Norte,3.22
201901,ONIBUS,Sudeste,51.38
201901,ONIBUS,Sul,15.02
201902,AUTOMOVEIS,Centro-Oeste,8.92
201902,AUTOMOVEIS,Nordeste,14.84
201902,AUTOMOVEIS,Norte,4.54
201902,AUTOMOVEIS,Sudeste,56.17
201902,AUTOMOVEIS,Sul,15.53
201902,CAMINHOES,Centro-Oeste,11.3
201902,CAMINHOES,Nordeste,14.01
201902,CAMINHOES,Norte,4.25
201902,CAMINHOES,Sudeste,41.51
201902,CAMINHOES,Sul,28.93
201902,COMERCIAIS_LEVES,Centro-Oeste,13.38
201902,COMERCIAIS_LEVES,Nordeste,16.33
201902,COMERCIAIS_LEVES,Norte,8.06
201902,COMERCIAIS_LEVES,Sudeste,44.74
201902,COMERCIAIS_LEVES,Sul,17.49
201902,IMPLEMENTOS_RODOVIARIOS,Centro-Oeste,18.06
201902,IMPLEMENTOS_RODOVIARIOS,Nordeste,9.85
201902,IMPLEMENTOS_RODOVIARIOS,Norte,5.2
201902,IMPLEMENTOS_RODOVIARIOS,Sudeste,35.65
201902,IMPLEMENTOS_RODOVIARIOS,Sul,31.23
201902,MOTOCICLETAS,Centro-Oeste,9.89
201902,MOTOCICLETAS,Nordeste,31.51
201902,MOTOCICLETAS,Norte,11.36
201902,MOTOCICLETAS,Sudeste,36.21
201902,MOTOCICLETAS,Sul,11.04
201902,ONIBUS,Centro-Oeste,6.5
201902,ONIBUS,Nordeste,21.55
201902,ONIBUS,Norte,3.73
201902,ONIBUS,Sudeste,51.96
201902,ONIBUS,Sul,16.26
201903,AUTOMOVEIS,Centro-Oeste,8.22
201903,AUTOMOVEIS,Nordeste,13.1
201903,AUTOMOVEIS,Norte,4.18
201903,AUTOMOVEIS,Sudeste,59.35
201903,AUTOMOVEIS,Sul,15.15
201903,CAMINHOES,Centro-Oeste,13.1
201903,CAMINHOES,Nordeste,14.26
201903,CAMINHOES,Norte,4.5
201903,CAMINHOES,Sudeste,42.15
201903,CAMINHOES,Sul,26.0
201903,COMERCIAIS_LEVES,Centro-Oeste,13.0
201903,COMERCIAIS_LEVES,Nordeste,15.05
201903,COMERCIAIS_LEVES,Norte,7.92
201903,COMERCIAIS_LEVES,Sudeste,45.18
201903,COMERCIAIS_LEVES,Sul,18.85
201903,IMPLEMENTOS_RODOVIARIOS,Centro-Oeste,17.97
201903,IMPLEMENTOS_RODOVIARIOS,Nordeste,9.38
201903,IMPLEMENTOS_RODOVIARIOS,Norte,4.74
201903,IMPLEMENTOS_RODOVIARIOS,Sudeste,40.35
201903,IMPLEMENTOS_RODOVIARIOS,Sul,27.55
201903,MOTOCICLETAS,Centro-Oeste,10.01
201903,MOTOCICLETAS,Nordeste,31.29
201903,MOTOCICLETAS,Norte,10.77
201903,MOTOCICLETAS,Sudeste,37.03
201903,MOTOCICLETAS,Sul,10.9
201903,ONIBUS,Centro-Oeste,9.03
201903,ONIBUS,Nordeste,10.98
201903,ONIBUS,Norte,5.74
201903,ONIBUS,Sudeste,57.98
201903,ONIBUS,Sul,16.27
201904,AUTOMOVEIS,Centro-Oeste,8.22
201904,AUTOMOVEIS,Nordeste,13.53
201904,AUTOMOVEIS,Norte,4.27
201904,AUTOMOVEIS,Sudeste,58.14
201904,AUTOMOVEIS,Sul,15.84
201904,CAMINHOES,Centro-Oeste,10.53
201904,CAMINHOES,Nordeste,13.43
201904,CAMINHOES,Norte,4.42
201904,CAMINHOES,Sudeste,44.73
201904,CAMINHOES,Sul,26.89
201904,COMERCIAIS_LEVES,Centro-Oeste,14.15
201904,COMERCIAIS_LEVES,Nordeste,15.48
201904,COMERCIAIS_LEVES,Norte,8.14
201904,COMERCIAIS_LEVES,Sudeste,41.54
201904,COMERCIAIS_LEVES,Sul,20.7
201904,IMPLEMENTOS_RODOVIARIOS,Centro-Oeste,16.83
201904,IMPLEMENTOS_RODOVIARIOS,Nordeste,7.12
201904,IMPLEMENTOS_RODOVIARIOS,Norte,5.17
201904,IMPLEMENTOS_RODOVIARIOS,Sudeste,36.31
201904,IMPLEMENTOS_RODOVIARIOS,Sul,34.58
201904,MOTOCICLETAS,Centro-Oeste,9.86
201904,MOTOCICLETAS,Nordeste,30.69
201904,MOTOCICLETAS,Norte,11.04
201904,MOTOCICLETAS,Sudeste,37.21
201904,MOTOCICLETAS,Sul,11.2
201904,ONIBUS,Centro-Oeste,8.08
201904,ONIBUS,Nordeste,15.83
201904,ONIBUS,Norte,3.92
201904,ONIBUS,Sudeste,56.12
201904,ONIBUS,Sul,16.06
201905,AUTOMOVEIS,Centro-Oeste,8.26
201905,AUTOMOVEIS,Nordeste,13.66
201905,AUTOMOVEIS,Norte,4.36
201905,AUTOMOVEIS,Sudeste,58.4
201905,AUTOMOVEIS,Sul,15.31
201905,CAMINHOES,Centro-Oeste,12.68
201905,CAMINHOES,Nordeste,13.77
201905,CAMINHOES,Norte,5.24
201905,CAMINHOES,Sudeste,41.88
201905,CAMINHOES,Sul,26.43
201905,COMERCIAIS_LEVES,Centro-Oeste,13.57
201905,COMERCIAIS_LEVES,Nordeste,14.76
201905,COMERCIAIS_LEVES,Norte,8.17
201905,COMERCIAIS_LEVES,Sudeste,45.1
201905,COMERCIAIS_LEVES,Sul,18.4
201905,IMPLEMENTOS_RODOVIARIOS,Centro-Oeste,21.44
201905,IMPLEMENTOS_RODOVIARIOS,Nordeste,11.24
201905,IMPLEMENTOS_RODOVIARIOS,Norte,7.12
201905,IMPLEMENTOS_RODOVIARIOS,Sudeste,31.8
201905,IMPLEMENTOS_RODOVIARIOS,Sul,28.41
201905,MOTOCICLETAS,Centro-Oeste,10.42
201905,MOTOCICLETAS,Nordeste,30.52
201905,MOTOCICLETAS,Norte,10.91
201905,MOTOCICLETAS,Sudeste,38.23
201905,MOTOCICLETAS,Sul,9.91
201905,ONIBUS,Centro-Oeste,9.73
201905,ONIBUS,Nordeste,15.31
201905,ONIBUS,Norte,3.91
201905,ONIBUS,Sudeste,57.35
201905,ONIBUS,Sul,13.69
201906,AUTOMOVEIS,Centro-Oeste,8.26
201906,AUTOMOVEIS,Nordeste,13.12
201906,AUTOMOVEIS,Norte,4.47
201906,AUTOMOVEIS,Sudeste,58.31
201906,AUTOMOVEIS,Sul,15.83
201906,CAMINHOES,Centro-Oeste,10.47
201906,CAMINHOES,Nordeste,13.94
201906,CAMINHOES,Norte,6.14
201906,CAMINHOES,Sudeste,42.68
201906,CAMINHOES,Sul,26.77
201906,COMERCIAIS_LEVES,Centro-Oeste,12.71
201906,COMERCIAIS_LEVES,Nordeste,15.01
201906,COMERCIAIS_LEVES,Norte,8.89
201906,COMERCIAIS_LEVES,Sudeste,47.36
201906,COMERCIAIS_LEVES,Sul,16.03
201906,IMPLEMENTOS_RODOVIARIOS,Centro-Oeste,24.21
201906,IMPLEMENTOS_RODOVIARIOS,Nordeste,11.7
201906,IMPLEMENTOS_RODOVIARIOS,Norte,6.21
201906,IMPLEMENTOS_RODOVIARIOS,Sudeste,31.26
201906,IMPLEMENTOS_RODOVIARIOS,Sul,26.63
201906,MOTOCICLETAS,Centro-Oeste,10.83
201906,MOTOCICLETAS,Nordeste,30.04
201906,MOTOCICLETAS,Norte,11.09
201906,MOTOCICLETAS,Sudeste,37.75
201906,MOTOCICLETAS,Sul,10.28
201906,ONIBUS,Centro-Oeste,9.49
201906,ONIBUS,Nordeste,11.36
201906,ONIBUS,Norte,6.19
201906,ONIBUS,Sudeste,58.24
201906,ONIBUS,Sul,14.71
201907,AUTOMOVEIS,Centro-Oeste,8.73
201907,AUTOMOVEIS,Nordeste,14.49
201907,AUTOMOVEIS,Norte,4.85
201907,AUTOMOVEIS,Sudeste,55.39
201907,AUTOMOVEIS,Sul,16.53
201907,CAMINHOES,Centro-Oeste,12.22
201907,CAMINHOES,Nordeste,15.57
201907,CAMINHOES,Norte,5.84
201907,CAMINHOES,Sudeste,39.67
201907,CAMINHOES,Sul,26.7
201907,COMERCIAIS_LEVES,Centro-Oeste,12.75
201907,COMERCIAIS_LEVES,Nordeste,16.45
201907,COMERCIAIS_LEVES,Norte,8.68
201907,COMERCIAIS_LEVES,Sudeste,45.32
201907,COMERCIAIS_LEVES,Sul,16.8
201907,IMPLEMENTOS_RODOVIARIOS,Centro-Oeste,22.65
201907,IMPLEMENTOS_RODOVIARIOS,Nordeste,10.33
201907,IMPLEMENTOS_RODOVIARIOS,Norte,5.38
201907,IMPLEMENTOS_RODOVIARIOS,Sudeste,32.56
201907,IMPLEMENTOS_RODOVIARIOS,Sul,29.09
201907,MOTOCICLETAS,Centro-Oeste,9.9
201907,MOTOCICLETAS,Nordeste,31.13
201907,MOTOCICLETAS,Norte,11.56
201907,MOTOCICLETAS,Sudeste,37.45
201907,MOTOCICLETAS,Sul,9.96
201907,ONIBUS,Centro-Oeste,5.43
201907,ONIBUS,Nordeste,18.86
201907,ONIBUS,Norte,4.55
201907,ONIBUS,Sudeste,56.64
201907,ONIBUS,Sul,14.52
201908,AUTOMOVEIS,Centro-Oeste,9.14
201908,AUTOMOVEIS,Nordeste,14.46
201908,AUTOMOVEIS,Norte,4.85
201908,AUTOMOVEIS,Sudeste,54.96
201908,AUTOMOVEIS,Sul,16.6
201908,CAMINHOES,Centro-Oeste,10.78
201908,CAMINHOES,Nordeste,14.17
201908,CAMINHOES,Norte,5.45
201908,CAMINHOES,Sudeste,44.28
201908,CAMINHOES,Sul,25.32
201908,COMERCIAIS_LEVES,Centro-Oeste,11.82
201908,COMERCIAIS_LEVES,Nordeste,15.42
201908,COMERCIAIS_LEVES,Norte,8.53
201908,COMERCIAIS_LEVES,Sudeste,47.11
201908,COMERCIAIS_LEVES,Sul,17.12
201908,IMPLEMENTOS_RODOVIARIOS,Centro-Oeste,19.27
201908,IMPLEMENTOS_RODOVIARIOS,Nordeste,14.2
201908,IMPLEMENTOS_RODOVIARIOS,Norte,5.99
201908,IMPLEMENTOS_RODOVIARIOS,Sudeste,33.36
201908,IMPLEMENTOS_RODOVIARIOS,Sul,27.18
201908,MOTOCICLETAS,Centro-Oeste,10.18
201908,MOTOCICLETAS,Nordeste,30.92
201908,MOTOCICLETAS,Norte,10.48
201908,MOTOCICLETAS,Sudeste,37.82
201908,MOTOCICLETAS,Sul,10.59
201908,ONIBUS,Centro-Oeste,6.5
201908,ONIBUS,Nordeste,17.87
201908,ONIBUS,Norte,3.95
201908,ONIBUS,Sudeste,59.39
201908,ONIBUS,Sul,12.29
201909,AUTOMOVEIS,Centro-Oeste,8.08
201909,AUTOMOVEIS,Nordeste,14.17
201909,AUTOMOVEIS,Norte,4.94
201909,AUTOMOVEIS,Sudeste,56.91
201909,AUTOMOVEIS,Sul,15.9
201909,CAMINHOES,Centro-Oeste,11.97
201909,CAMINHOES,Nordeste,13.77
201909,CAMINHOES,Norte,4.61
201909,CAMINHOES,Sudeste,42.89
201909,CAMINHOES,Sul,26.76
201909,COMERCIAIS_LEVES,Centro-Oeste,11.01
201909,COMERCIAIS_LEVES,Nordeste,15.05
201909,COMERCIAIS_LEVES,Norte,7.56
201909,COMERCIAIS_LEVES,Sudeste,45.67
201909,COMERCIAIS_LEVES,Sul,20.71
201909,IMPLEMENTOS_RODOVIARIOS,Centro-Oeste,20.55
201909,IMPLEMENTOS_RODOVIARIOS,Nordeste,9.16
201909,IMPLEMENTOS_RODOVIARIOS,Norte,5.9
201909,IMPLEMENTOS_RODOVIARIOS,Sudeste,33.47
201909,IMPLEMENTOS_RODOVIARIOS,Sul,30.92
201909,MOTOCICLETAS,Centro-Oeste,10.17
201909,MOTOCICLETAS,Nordeste,30.61
201909,MOTOCICLETAS,Norte,10.94
201909,MOTOCICLETAS,Sudeste,38.1
201909,MOTOCICLETAS,Sul,10.18
201909,ONIBUS,Centro-Oeste,5.81
201909,ONIBUS,Nordeste,15.84
201909,ONIBUS,Norte,4.22
201909,ONIBUS,Sudeste,61.69
201909,ONIBUS,Sul,12.44
201910,AUTOMOVEIS,Centro-Oeste,8.68
201910,AUTOMOVEIS,Nordeste,14.22
201910,AUTOMOVEIS,Norte,4.3
201910,AUTOMOVEIS,Sudeste,55.41
201910,AUTOMOVEIS,Sul,17.4
201910,CAMINHOES,Centro-Oeste,11.22
201910,CAMINHOES,Nordeste,13.94
201910,CAMINHOES,Norte,5.23
201910,CAMINHOES,Sudeste,41.01
201910,CAMINHOES,Sul,28.6
201910,COMERCIAIS_LEVES,Centro-Oeste,11.23
201910,COMERCIAIS_LEVES,Nordeste,15.41
201910,COMERCIAIS_LEVES,Norte,8.37
201910,COMERCIAIS_LEVES,Sudeste,44.65
201910,COMERCIAIS_LEVES,Sul,20.35
201910,IMPLEMENTOS_RODOVIARIOS,Centro-Oeste,18.63
201910,IMPLEMENTOS_RODOVIARIOS,Nordeste,10.74
201910,IMPLEMENTOS_RODOVIARIOS,Norte,6.1
201910,IMPLEMENTOS_RODOVIARIOS,Sudeste,31.42
201910,IMPLEMENTOS_RODOVIARIOS,Sul,33.11
201910,MOTOCICLETAS,Centro-Oeste,9.44
201910,MOTOCICLETAS,Nordeste,30.61
201910,MOTOCICLETAS,Norte,11.05
201910,MOTOCICLETAS,Sudeste,38.1
201910,MOTOCICLETAS,Sul,10.8
201910,ONIBUS,Centro-Oeste,15.7
201910,ONIBUS,Nordeste,11.93
201910,ONIBUS,Norte,4.7
201910,ONIBUS,Sudeste,51.67
201910,ONIBUS,Sul,16.0
201911,AUTOMOVEIS,Centro-Oeste,7.7
201911,AUTOMOVEIS,Nordeste,13.37
201911,AUTOMOVEIS,Norte,4.18
201911,AUTOMOVEIS,Sudeste,57.95
201911,AUTOMOVEIS,Sul,16.8
201911,CAMINHOES,Centro-Oeste,8.65
201911,CAMINHOES,Nordeste,13.38
201911,CAMINHOES,Norte,5.01
201911,CAMINHOES,Sudeste,44.33
201911,CAMINHOES,Sul,28.63
201911,COMERCIAIS_LEVES,Centro-Oeste,10.82
201911,COMERCIAIS_LEVES,Nordeste,14.71
201911,COMERCIAIS_LEVES,Norte,8.23
201911,COMERCIAIS_LEVES,Sudeste,48.42
201911,COMERCIAIS_LEVES,Sul,17.82
201911,IMPLEMENTOS_RODOVIARIOS,Centro-Oeste,17.02
201911,IMPLEMENTOS_RODOVIARIOS,Nordeste,11.54
201911,IMPLEMENTOS_RODOVIARIOS,Norte,6.52
201911,IMPLEMENTOS_RODOVIARIOS,Sudeste,32.31
201911,IMPLEMENTOS_RODOVIARIOS,Sul,32.6
201911,MOTOCICLETAS,Centro-Oeste,9.92
201911,MOTOCICLETAS,Nordeste,31.07
201911,MOTOCICLETAS,Norte,10.84
201911,MOTOCICLETAS,Sudeste,37.05
201911,MOTOCICLETAS,Sul,11.13
201911,ONIBUS,Centro-Oeste,11.98
201911,ONIBUS,Nordeste,14.89
201911,ONIBUS,Norte,6.01
201911,ONIBUS,Sudeste,51.64
201911,ONIBUS,Sul,15.48
201912,AUTOMOVEIS,Centro-Oeste,8.87
201912,AUTOMOVEIS,Nordeste,14.47
201912,AUTOMOVEIS,Norte,4.87
201912,AUTOMOVEIS,Sudeste,52.07
201912,AUTOMOVEIS,Sul,19.73
201912,CAMINHOES,Centro-Oeste,11.24
201912,CAMINHOES,Nordeste,15.61
201912,CAMINHOES,Norte,5.84
201912,CAMINHOES,Sudeste,37.76
201912,CAMINHOES,Sul,29.56
201912,COMERCIAIS_LEVES,Centro-Oeste,12.95
201912,COMERCIAIS_LEVES,Nordeste,15.89
201912,COMERCIAIS_LEVES,Norte,10.2
201912,COMERCIAIS_LEVES,Sudeste,40.99
201912,COMERCIAIS_LEVES,Sul,19.97
201912,IMPLEMENTOS_RODOVIARIOS,Centro-Oeste,18.11
201912,IMPLEMENTOS_RODOVIARIOS,Nordeste,11.11
201912,IMPLEMENTOS_RODOVIARIOS,Norte,4.39
201912,IMPLEMENTOS_RODOVIARIOS,Sudeste,30.24
201912,IMPLEMENTOS_RODOVIARIOS,Sul,36.15
201912,MOTOCICLETAS,Centro-Oeste,10.11
201912,MOTOCICLETAS,Nordeste,31.79
201912,MOTOCICLETAS,Norte,12.85
201912,MOTOCICLETAS,Sudeste,33.78
201912,MOTOCICLETAS,Sul,11.48
201912,ONIBUS,Centro-Oeste,14.71
201912,ONIBUS,Nordeste,12.65
201912,ONIBUS,Norte,4.64
201912,ONIBUS,Sudeste,56.9
201912,ONIBUS,Sul,11.09
202001,AUTOMOVEIS,Centro-Oeste,9.45
202001,AUTOMOVEIS,Nordeste,17.02
202001,AUTOMOVEIS,Norte,5.26
202001,AUTOMOVEIS,Sudeste,50.34
202001,AUTOMOVEIS,Sul,17.93
202001,CAMINHOES,Centro-Oeste,10.68
202001,CAMINHOES,Nordeste,13.33
202001,CAMINHOES,Norte,4.78
202001,CAMINHOES,Sudeste,43.2
202001,CAMINHOES,Sul,28.02
202001,COMERCIAIS_LEVES,Centro-Oeste,12.06
202001,COMERCIAIS_LEVES,Nordeste,16.69
202001,COMERCIAIS_LEVES,Norte,8.9
202001,COMERCIAIS_LEVES,Sudeste,42.13
202001,COMERCIAIS_LEVES,Sul,20.21
202001,IMPLEMENTOS_RODOVIARIOS,Centro-Oeste,19.42
202001,IMPLEMENTOS_RODOVIARIOS,Nordeste,10.74
202001,IMPLEMENTOS_RODOVIARIOS,Norte,5.68
202001,IMPLEMENTOS_RODOVIARIOS,Sudeste,34.98
202001,IMPLEMENTOS_RODOVIARIOS,Sul,29.17
202001,MOTOCICLETAS,Centro-Oeste,9.19
202001,MOTOCICLETAS,Nordeste,32.02
202001,MOTOCICLETAS,Norte,10.95
202001,MOTOCICLETAS,Sudeste,37.25
202001,MOTOCICLETAS,Sul,10.59
202001,ONIBUS,Centro-Oeste,8.53
202001,ONIBUS,Nordeste,17.52
202001,ONIBUS,Norte,4.03
202001,ONIBUS,Sudeste,55.65
202001,ONIBUS,Sul,14.27
202002,AUTOMOVEIS,Centro-Oeste,10.24
202002,AUTOMOVEIS,Nordeste,12.84
202002,AUTOMOVEIS,Norte,4.18
202002,AUTOMOVEIS,Sudeste,57.08
202002,AUTOMOVEIS,Sul,15.65
202002,CAMINHOES,Centro-Oeste,10.96
202002,CAMINHOES,Nordeste,15.65
202002,CAMINHOES,Norte,4.1
202002,CAMINHOES,Sudeste,41.76
202002,CAMINHOES,Sul,27.53
202002,COMERCIAIS_LEVES,Centro-Oeste,13.83
202002,COMERCIAIS_LEVES,Nordeste,14.25
202002,COMERCIAIS_LEVES,Norte,8.2
202002,COMERCIAIS_LEVES,Sudeste,44.63
202002,COMERCIAIS_LEVES,Sul,19.08
202002,IMPLEMENTOS_RODOVIARIOS,Centro-Oeste,18.73
202002,IMPLEMENTOS_RODOVIARIOS,Nordeste,9.17
202002,IMPLEMENTOS_RODOVIARIOS,Norte,5.15
202002,IMPLEMENTOS_RODOVIARIOS,Sudeste,37.28
202002,IMPLEMENTOS_RODOVIARIOS,Sul,29.65
202002,MOTOCICLETAS,Centro-Oeste,10.95
202002,MOTOCICLETAS,Nordeste,28.22
202002,MOTOCICLETAS,Norte,9.82
202002,MOTOCICLETAS,Sudeste,39.75
202002,MOTOCICLETAS,Sul,11.26
202002,ONIBUS,Centro-Oeste,7.22
202002,ONIBUS,Nordeste,12.0
202002,ONIBUS,Norte,4.02
202002,ONIBUS,Sudeste,58.17
202002,ONIBUS,Sul,18.58
202003,AUTOMOVEIS,Centro-Oeste,9.53
202003,AUTOMOVEIS,Nordeste,13.12
202003,AUTOMOVEIS,Norte,5.01
202003,AUTOMOVEIS,Sudeste,58.51
202003,AUTOMOVEIS,Sul,13.82
202003,CAMINHOES,Centro-Oeste,10.29
202003,CAMINHOES,Nordeste,14.4
202003,CAMINHOES,Norte,5.37
202003,CAMINHOES,Sudeste,45.92
202003,CAMINHOES,Sul,24.03
202003,COMERCIAIS_LEVES,Centro-Oeste,12.95
202003,COMERCIAIS_LEVES,Nordeste,13.44
202003,COMERCIAIS_LEVES,Norte,9.4
202003,COMERCIAIS_LEVES,Sudeste,48.61
202003,COMERCIAIS_LEVES,Sul,15.6
202003,IMPLEMENTOS_RODOVIARIOS,Centro-Oeste,18.06
202003,IMPLEMENTOS_RODOVIARIOS,Nordeste,8.64
202003,IMPLEMENTOS_RODOVIARIOS,Norte,5.32
202003,IMPLEMENTOS_RODOVIARIOS,Sudeste,40.05
202003,IMPLEMENTOS_RODOVIARIOS,Sul,27.94
202003,MOTOCICLETAS,Centro-Oeste,10.16
202003,MOTOCICLETAS,Nordeste,30.87
202003,MOTOCICLETAS,Norte,11.71
202003,MOTOCICLETAS,Sudeste,37.39
202003,MOTOCICLETAS,Sul,9.87
202003,ONIBUS,Centro-Oeste,6.41
202003,ONIBUS,Nordeste,12.2
202003,ONIBUS,Norte,6.87
202003,ONIBUS,Sudeste,59.23
202003,ONIBUS,Sul,15.29
202004,AUTOMOVEIS,Centro-Oeste,18.53
202004,AUTOMOVEIS,Nordeste,13.22
202004,AUTOMOVEIS,Norte,7.88
202004,AUTOMOVEIS,Sudeste,32.98
202004,AUTOMOVEIS,Sul,27.39
202004,CAMINHOES,Centro-Oeste,16.26
202004,CAMINHOES,Nordeste,11.14
202004,CAMINHOES,Norte,5.84
202004,CAMINHOES,Sudeste,26.56
202004,CAMINHOES,Sul,40.2
202004,COMERCIAIS_LEVES,Centro-Oeste,23.14
202004,COMERCIAIS_LEVES,Nordeste,12.02
202004,COMERCIAIS_LEVES,Norte,10.42
202004,COMERCIAIS_LEVES,Sudeste,28.26
202004,COMERCIAIS_LEVES,Sul,26.16
202004,IMPLEMENTOS_RODOVIARIOS,Centro-Oeste,25.44
202004,IMPLEMENTOS_RODOVIARIOS,Nordeste,8.31
202004,IMPLEMENTOS_RODOVIARIOS,Norte,4.5
202004,IMPLEMENTOS_RODOVIARIOS,Sudeste,20.25
202004,IMPLEMENTOS_RODOVIARIOS,Sul,41.5
202004,MOTOCICLETAS,Centro-Oeste,18.73
202004,MOTOCICLETAS,Nordeste,25.11
202004,MOTOCICLETAS,Norte,18.26
202004,MOTOCICLETAS,Sudeste,19.94
202004,MOTOCICLETAS,Sul,17.96
202004,ONIBUS,Centro-Oeste,5.87
202004,ONIBUS,Nordeste,12.39
202004,ONIBUS,Norte,26.09
202004,ONIBUS,Sudeste,30.0
202004,ONIBUS,Sul,25.65
202005,AUTOMOVEIS,Centro-Oeste,19.63
202005,AUTOMOVEIS,Nordeste,13.26
202005,AUTOMOVEIS,Norte,7.5
202005,AUTOMOVEIS,Sudeste,24.63
202005,AUTOMOVEIS,Sul,34.98
202005,CAMINHOES,Centro-Oeste,16.4
202005,CAMINHOES,Nordeste,11.52
202005,CAMINHOES,Norte,7.54
202005,CAMINHOES,Sudeste,25.08
202005,CAMINHOES,Sul,39.45
202005,COMERCIAIS_LEVES,Centro-Oeste,21.54
202005,COMERCIAIS_LEVES,Nordeste,9.88
202005,COMERCIAIS_LEVES,Norte,13.83
202005,COMERCIAIS_LEVES,Sudeste,29.52
202005,COMERCIAIS_LEVES,Sul,25.24
202005,IMPLEMENTOS_RODOVIARIOS,Centro-Oeste,28.13
202005,IMPLEMENTOS_RODOVIARIOS,Nordeste,7.57
202005,IMPLEMENTOS_RODOVIARIOS,Norte,5.33
202005,IMPLEMENTOS_RODOVIARIOS,Sudeste,14.45
202005,IMPLEMENTOS_RODOVIARIOS,Sul,44.51
202005,MOTOCICLETAS,Centro-Oeste,19.03
202005,MOTOCICLETAS,Nordeste,26.12
202005,MOTOCICLETAS,Norte,15.37
202005,MOTOCICLETAS,Sudeste,22.09
202005,MOTOCICLETAS,Sul,17.39
202005,ONIBUS,Centro-Oeste,15.21
202005,ONIBUS,Nordeste,7.3
202005,ONIBUS,Norte,18.98
202005,ONIBUS,Sudeste,38.32
202005,ONIBUS,Sul,20.19
202006,AUTOMOVEIS,Centro-Oeste,10.1
202006,AUTOMOVEIS,Nordeste,12.26
202006,AUTOMOVEIS,Norte,5.33
202006,AUTOMOVEIS,Sudeste,52.67
202006,AUTOMOVEIS,Sul,19.65
202006,CAMINHOES,Centro-Oeste,10.0
202006,CAMINHOES,Nordeste,12.17
202006,CAMINHOES,Norte,6.14
202006,CAMINHOES,Sudeste,46.01
202006,CAMINHOES,Sul,25.69
202006,COMERCIAIS_LEVES,Centro-Oeste,13.62
202006,COMERCIAIS_LEVES,Nordeste,12.74
202006,COMERCIAIS_LEVES,Norte,10.03
202006,COMERCIAIS_LEVES,Sudeste,45.94
202006,COMERCIAIS_LEVES,Sul,17.68
202006,IMPLEMENTOS_RODOVIARIOS,Centro-Oeste,16.36
202006,IMPLEMENTOS_RODOVIARIOS,Nordeste,8.75
202006,IMPLEMENTOS_RODOVIARIOS,Norte,5.85
202006,IMPLEMENTOS_RODOVIARIOS,Sudeste,42.22
202006,IMPLEMENTOS_RODOVIARIOS,Sul,26.82
202006,MOTOCICLETAS,Centro-Oeste,8.84
202006,MOTOCICLETAS,Nordeste,28.74
202006,MOTOCICLETAS,Norte,12.33
202006,MOTOCICLETAS,Sudeste,39.96
202006,MOTOCICLETAS,Sul,10.13
202006,ONIBUS,Centro-Oeste,6.31
202006,ONIBUS,Nordeste,11.23
202006,ONIBUS,Norte,5.08
202006,ONIBUS,Sudeste,67.23
202006,ONIBUS,Sul,10.15
202007,AUTOMOVEIS,Centro-Oeste,9.35
202007,AUTOMOVEIS,Nordeste,15.62
202007,AUTOMOVEIS,Norte,5.83
202007,AUTOMOVEIS,Sudeste,53.81
202007,AUTOMOVEIS,Sul,15.39
202007,CAMINHOES,Centro-Oeste,11.85
202007,CAMINHOES,Nordeste,11.01
202007,CAMINHOES,Norte,4.98
202007,CAMINHOES,Sudeste,45.51
202007,CAMINHOES,Sul,26.64
202007,COMERCIAIS_LEVES,Centro-Oeste,13.07
202007,COMERCIAIS_LEVES,Nordeste,14.93
202007,COMERCIAIS_LEVES,Norte,10.15
202007,COMERCIAIS_LEVES,Sudeste,44.82
202007,COMERCIAIS_LEVES,Sul,17.03
202007,IMPLEMENTOS_RODOVIARIOS,Centro-Oeste,18.47
202007,IMPLEMENTOS_RODOVIARIOS,Nordeste,8.32
202007,IMPLEMENTOS_RODOVIARIOS,Norte,8.99
202007,IMPLEMENTOS_RODOVIARIOS,Sudeste,36.49
202007,IMPLEMENTOS_RODOVIARIOS,Sul,27.74
202007,MOTOCICLETAS,Centro-Oeste,8.91
202007,MOTOCICLETAS,Nordeste,31.77
202007,MOTOCICLETAS,Norte,13.22
202007,MOTOCICLETAS,Sudeste,36.79
202007,MOTOCICLETAS,Sul,9.31
202007,ONIBUS,Centro-Oeste,7.24
202007,ONIBUS,Nordeste,14.0
202007,ONIBUS,Norte,8.19
202007,ONIBUS,Sudeste,58.32
202007,ONIBUS,Sul,12.26
202008,AUTOMOVEIS,Centro-Oeste,8.91
202008,AUTOMOVEIS,Nordeste,17.16
202008,AUTOMOVEIS,Norte,5.7
202008,AUTOMOVEIS,Sudeste,52.57
202008,AUTOMOVEIS,Sul,15.65
202008,CAMINHOES,Centro-Oeste,10.13
202008,CAMINHOES,Nordeste,14.55
202008,CAMINHOES,Norte,5.29
202008,CAMINHOES,Sudeste,43.73
202008,CAMINHOES,Sul,26.3
202008,COMERCIAIS_LEVES,Centro-Oeste,12.59
202008,COMERCIAIS_LEVES,Nordeste,17.38
202008,COMERCIAIS_LEVES,Norte,8.39
202008,COMERCIAIS_LEVES,Sudeste,44.68
202008,COMERCIAIS_LEVES,Sul,16.96
202008,IMPLEMENTOS_RODOVIARIOS,Centro-Oeste,17.71
202008,IMPLEMENTOS_RODOVIARIOS,Nordeste,9.41
202008,IMPLEMENTOS_RODOVIARIOS,Norte,7.4
202008,IMPLEMENTOS_RODOVIARIOS,Sudeste,33.13
202008,IMPLEMENTOS_RODOVIARIOS,Sul,32.35
202008,MOTOCICLETAS,Centro-Oeste,9.82
202008,MOTOCICLETAS,Nordeste,33.02
202008,MOTOCICLETAS,Norte,12.06
202008,MOTOCICLETAS,Sudeste,35.68
202008,MOTOCICLETAS,Sul,9.41
202008,ONIBUS,Centro-Oeste,6.08
202008,ONIBUS,Nordeste,8.78
202008,ONIBUS,Norte,24.7
202008,ONIBUS,Sudeste,45.3
202008,ONIBUS,Sul,15.14
202009,AUTOMOVEIS,Centro-Oeste,9.12
202009,AUTOMOVEIS,Nordeste,16.62
202009,AUTOMOVEIS,Norte,5.96
202009,AUTOMOVEIS,Sudeste,51.96
202009,AUTOMOVEIS,Sul,16.34
202009,CAMINHOES,Centro-Oeste,8.96
202009,CAMINHOES,Nordeste,14.12
202009,CAMINHOES,Norte,5.39
202009,CAMINHOES,Sudeste,41.3
202009,CAMINHOES,Sul,30.23
202009,COMERCIAIS_LEVES,Centro-Oeste,12.33
202009,COMERCIAIS_LEVES,Nordeste,17.18
202009,COMERCIAIS_LEVES,Norte,8.8
202009,COMERCIAIS_LEVES,Sudeste,45.68
202009,COMERCIAIS_LEVES,Sul,16.02
202009,IMPLEMENTOS_RODOVIARIOS,Centro-Oeste,15.58
202009,IMPLEMENTOS_RODOVIARIOS,Nordeste,10.01
202009,IMPLEMENTOS_RODOVIARIOS,Norte,8.2
202009,IMPLEMENTOS_RODOVIARIOS,Sudeste,35.78
202009,IMPLEMENTOS_RODOVIARIOS,Sul,30.44
202009,MOTOCICLETAS,Centro-Oeste,9.77
202009,MOTOCICLETAS,Nordeste,31.89
202009,MOTOCICLETAS,Norte,12.21
202009,MOTOCICLETAS,Sudeste,35.73
202009,MOTOCICLETAS,Sul,10.4
202009,ONIBUS,Centro-Oeste,8.85
202009,ONIBUS,Nordeste,19.4
202009,ONIBUS,Norte,10.81
202009,ONIBUS,Sudeste,49.87
202009,ONIBUS,Sul,11.07
202010,AUTOMOVEIS,Centro-Oeste,9.04
202010,AUTOMOVEIS,Nordeste,15.86
202010,AUTOMOVEIS,Norte,5.68
202010,AUTOMOVEIS,Sudeste,52.27
202010,AUTOMOVEIS,Sul,17.16
202010,CAMINHOES,Centro-Oeste,8.8
202010,CAMINHOES,Nordeste,12.54
202010,CAMINHOES,Norte,4.87
202010,CAMINHOES,Sudeste,43.86
202010,CAMINHOES,Sul,29.93
202010,COMERCIAIS_LEVES,Centro-Oeste,12.37
202010,COMERCIAIS_LEVES,Nordeste,15.8
202010,COMERCIAIS_LEVES,Norte,8.74
202010,COMERCIAIS_LEVES,Sudeste,46.3
202010,COMERCIAIS_LEVES,Sul,16.78
202010,IMPLEMENTOS_RODOVIARIOS,Centro-Oeste,14.77
202010,IMPLEMENTOS_RODOVIARIOS,Nordeste,9.57
202010,IMPLEMENTOS_RODOVIARIOS,Norte,7.72
202010,IMPLEMENTOS_RODOVIARIOS,Sudeste,36.76
202010,IMPLEMENTOS_RODOVIARIOS,Sul,31.17
202010,MOTOCICLETAS,Centro-Oeste,9.64
202010,MOTOCICLETAS,Nordeste,29.49
202010,MOTOCICLETAS,Norte,11.46
202010,MOTOCICLETAS,Sudeste,38.84
202010,MOTOCICLETAS,Sul,10.57
202010,ONIBUS,Centro-Oeste,7.82
202010,ONIBUS,Nordeste,18.02
202010,ONIBUS,Norte,17.21
202010,ONIBUS,Sudeste,42.35
202010,ONIBUS,Sul,14.6
202011,AUTOMOVEIS,Centro-Oeste,8.93
202011,AUTOMOVEIS,Nordeste,16.25
202011,AUTOMOVEIS,Norte,5.76
202011,AUTOMOVEIS,Sudeste,51.58
202011,AUTOMOVEIS,Sul,17.48
202011,CAMINHOES,Centro-Oeste,9.63
202011,CAMINHOES,Nordeste,13.69
202011,CAMINHOES,Norte,5.53
202011,CAMINHOES,Sudeste,42.11
202011,CAMINHOES,Sul,29.04
202011,COMERCIAIS_LEVES,Centro-Oeste,12.37
202011,COMERCIAIS_LEVES,Nordeste,15.37
202011,COMERCIAIS_LEVES,Norte,7.78
202011,COMERCIAIS_LEVES,Sudeste,48.25
202011,COMERCIAIS_LEVES,Sul,16.23
202011,IMPLEMENTOS_RODOVIARIOS,Centro-Oeste,15.52
202011,IMPLEMENTOS_RODOVIARIOS,Nordeste,9.38
202011,IMPLEMENTOS_RODOVIARIOS,Norte,7.67
202011,IMPLEMENTOS_RODOVIARIOS,Sudeste,34.51
202011,IMPLEMENTOS_RODOVIARIOS,Sul,32.92
202011,MOTOCICLETAS,Centro-Oeste,9.89
202011,MOTOCICLETAS,Nordeste,31.98
202011,MOTOCICLETAS,Norte,11.64
202011,MOTOCICLETAS,Sudeste,36.69
202011,MOTOCICLETAS,Sul,9.81
202011,ONIBUS,Centro-Oeste,5.16
202011,ONIBUS,Nordeste,15.14
202011,ONIBUS,Norte,13.47
202011,ONIBUS,Sudeste,50.52
202011,ONIBUS,Sul,15.71
202012,AUTOMOVEIS,Centro-Oeste,9.48
202012,AUTOMOVEIS,Nordeste,16.92
202012,AUTOMOVEIS,Norte,6.14
202012,AUTOMOVEIS,Sudeste,49.51
202012,AUTOMOVEIS,Sul,17.96
202012,CAMINHOES,Centro-Oeste,10.29
202012,CAMINHOES,Nordeste,14.75
202012,CAMINHOES,Norte,5.49
202012,CAMINHOES,Sudeste,43.02
202012,CAMINHOES,Sul,26.44
202012,COMERCIAIS_LEVES,Centro-Oeste,14.07
202012,COMERCIAIS_LEVES,Nordeste,18.08
202012,COMERCIAIS_LEVES,Norte,9.45
202012,COMERCIAIS_LEVES,Sudeste,40.12
202012,COMERCIAIS_LEVES,Sul,18.29
202012,IMPLEMENTOS_RODOVIARIOS,Centro-Oeste,20.94
202012,IMPLEMENTOS_RODOVIARIOS,Nordeste,8.8
202012,IMPLEMENTOS_RODOVIARIOS,Norte,5.28
202012,IMPLEMENTOS_RODOVIARIOS,Sudeste,32.84
202012,IMPLEMENTOS_RODOVIARIOS,Sul,32.15
202012,MOTOCICLETAS,Centro-Oeste,10.78
202012,MOTOCICLETAS,Nordeste,33.06
202012,MOTOCICLETAS,Norte,12.23
202012,MOTOCICLETAS,Sudeste,33.91
202012,MOTOCICLETAS,Sul,10.03
202012,ONIBUS,Centro-Oeste,10.06
202012,ONIBUS,Nordeste,16.05
202012,ONIBUS,Norte,15.34
202012,ONIBUS,Sudeste,45.58
202012,ONIBUS,Sul,12.96
202101,AUTOMOVEIS,Centro-Oeste,9.94
202101,AUTOMOVEIS,Nordeste,16.65
202101,AUTOMOVEIS,Norte,4.23
202101,AUTOMOVEIS,Sudeste,52.18
202101,AUTOMOVEIS,Sul,17.0
202101,CAMINHOES,Centro-Oeste,10.08
202101,CAMINHOES,Nordeste,13.47
202101,CAMINHOES,Norte,3.91
202101,CAMINHOES,Sudeste,45.34
202101,CAMINHOES,Sul,27.19
202101,COMERCIAIS_LEVES,Centro-Oeste,13.26
202101,COMERCIAIS_LEVES,Nordeste,17.08
202101,COMERCIAIS_LEVES,Norte,6.9
202101,COMERCIAIS_LEVES,Sudeste,45.21
202101,COMERCIAIS_LEVES,Sul,17.55
202101,IMPLEMENTOS_RODOVIARIOS,Centro-Oeste,16.11
202101,IMPLEMENTOS_RODOVIARIOS,Nordeste,8.83
202101,IMPLEMENTOS_RODOVIARIOS,Norte,5.17
202101,IMPLEMENTOS_RODOVIARIOS,Sudeste,36.54
202101,IMPLEMENTOS_RODOVIARIOS,Sul,33.34
202101,MOTOCICLETAS,Centro-Oeste,9.1
202101,MOTOCICLETAS,Nordeste,30.86
202101,MOTOCICLETAS,Norte,7.93
202101,MOTOCICLETAS,Sudeste,42.47
202101,MOTOCICLETAS,Sul,9.64
202101,ONIBUS,Centro-Oeste,2.87
202101,ONIBUS,Nordeste,13.52
202101,ONIBUS,Norte,7.25
202101,ONIBUS,Sudeste,59.97
202101,ONIBUS,Sul,16.39
202102,AUTOMOVEIS,Centro-Oeste,10.92
202102,AUTOMOVEIS,Nordeste,16.52
202102,AUTOMOVEIS,Norte,5.48
202102,AUTOMOVEIS,Sudeste,49.54
202102,AUTOMOVEIS,Sul,17.53
202102,CAMINHOES,Centro-Oeste,9.96
202102,CAMINHOES,Nordeste,12.82
202102,CAMINHOES,Norte,4.9
202102,CAMINHOES,Sudeste,41.25
202102,CAMINHOES,Sul,31.07
202102,COMERCIAIS_LEVES,Centro-Oeste,12.67
202102,COMERCIAIS_LEVES,Nordeste,17.55
202102,COMERCIAIS_LEVES,Norte,8.67
202102,COMERCIAIS_LEVES,Sudeste,45.12
202102,COMERCIAIS_LEVES,Sul,15.99
202102,IMPLEMENTOS_RODOVIARIOS,Centro-Oeste,17.05
202102,IMPLEMENTOS_RODOVIARIOS,Nordeste,7.81
202102,IMPLEMENTOS_RODOVIARIOS,Norte,6.59
202102,IMPLEMENTOS_RODOVIARIOS,Sudeste,34.73
202102,IMPLEMENTOS_RODOVIARIOS,Sul,33.82
202102,MOTOCICLETAS,Centro-Oeste,8.64
202102,MOTOCICLETAS,Nordeste,30.37
202102,MOTOCICLETAS,Norte,10.37
202102,MOTOCICLETAS,Sudeste,40.72
202102,MOTOCICLETAS,Sul,9.91
202102,ONIBUS,Centro-Oeste,15.48
202102,ONIBUS,Nordeste,13.24
202102,ONIBUS,Norte,12.89
202102,ONIBUS,Sudeste,45.8
202102,ONIBUS,Sul,12.61
202103,AUTOMOVEIS,Centro-Oeste,9.63
202103,AUTOMOVEIS,Nordeste,12.62
202103,AUTOMOVEIS,Norte,5.4
202103,AUTOMOVEIS,Sudeste,56.54
202103,AUTOMOVEIS,Sul,15.81
202103,CAMINHOES,Centro-Oeste,9.8
202103,CAMINHOES,Nordeste,10.31
202103,CAMINHOES,Norte,5.13
202103,CAMINHOES,Sudeste,43.27
202103,CAMINHOES,Sul,31.48
202103,COMERCIAIS_LEVES,Centro-Oeste,13.08
202103,COMERCIAIS_LEVES,Nordeste,13.12
202103,COMERCIAIS_LEVES,Norte,9.31
202103,COMERCIAIS_LEVES,Sudeste,48.13
202103,COMERCIAIS_LEVES,Sul,16.37
202103,IMPLEMENTOS_RODOVIARIOS,Centro-Oeste,16.13
202103,IMPLEMENTOS_RODOVIARIOS,Nordeste,8.06
202103,IMPLEMENTOS_RODOVIARIOS,Norte,4.98
202103,IMPLEMENTOS_RODOVIARIOS,Sudeste,35.2
202103,IMPLEMENTOS_RODOVIARIOS,Sul,35.62
202103,MOTOCICLETAS,Centro-Oeste,10.38
202103,MOTOCICLETAS,Nordeste,22.85
202103,MOTOCICLETAS,Norte,12.24
202103,MOTOCICLETAS,Sudeste,41.91
202103,MOTOCICLETAS,Sul,12.62
202103,ONIBUS,Centro-Oeste,4.87
202103,ONIBUS,Nordeste,19.87
202103,ONIBUS,Norte,13.33
202103,ONIBUS,Sudeste,49.73
202103,ONIBUS,Sul,12.2
202104,AUTOMOVEIS,Centro-Oeste,10.17
202104,AUTOMOVEIS,Nordeste,19.06
202104,AUTOMOVEIS,Norte,5.45
202104,AUTOMOVEIS,Sudeste,48.47
202104,AUTOMOVEIS,Sul,16.85
202104,CAMINHOES,Centro-Oeste,10.13
202104,CAMINHOES,Nordeste,14.56
202104,CAMINHOES,Norte,5.19
202104,CAMINHOES,Sudeste,41.06
202104,CAMINHOES,Sul,29.06
202104,COMERCIAIS_LEVES,Centro-Oeste,14.43
202104,COMERCIAIS_LEVES,Nordeste,17.18
202104,COMERCIAIS_LEVES,Norte,9.25
202104,COMERCIAIS_LEVES,Sudeste,42.23
202104,COMERCIAIS_LEVES,Sul,16.91
202104,IMPLEMENTOS_RODOVIARIOS,Centro-Oeste,17.41
202104,IMPLEMENTOS_RODOVIARIOS,Nordeste,10.32
202104,IMPLEMENTOS_RODOVIARIOS,Norte,6.95
202104,IMPLEMENTOS_RODOVIARIOS,Sudeste,35.4
202104,IMPLEMENTOS_RODOVIARIOS,Sul,29.91
202104,MOTOCICLETAS,Centro-Oeste,9.76
202104,MOTOCICLETAS,Nordeste,31.64
202104,MOTOCICLETAS,Norte,10.65
202104,MOTOCICLETAS,Sudeste,36.95
202104,MOTOCICLETAS,Sul,11.0
202104,ONIBUS,Centro-Oeste,7.23
202104,ONIBUS,Nordeste,20.27
202104,ONIBUS,Norte,13.11
202104,ONIBUS,Sudeste,46.28
202104,ONIBUS,Sul,13.11
202105,AUTOMOVEIS,Centro-Oeste,9.76
202105,AUTOMOVEIS,Nordeste,14.98
202105,AUTOMOVEIS,Norte,4.96
202105,AUTOMOVEIS,Sudeste,54.85
202105,AUTOMOVEIS,Sul,15.45
202105,CAMINHOES,Centro-Oeste,11.13
202105,CAMINHOES,Nordeste,12.28
202105,CAMINHOES,Norte,5.95
202105,CAMINHOES,Sudeste,40.88
202105,CAMINHOES,Sul,29.75
202105,COMERCIAIS_LEVES,Centro-Oeste,13.77
202105,COMERCIAIS_LEVES,Nordeste,16.35
202105,COMERCIAIS_LEVES,Norte,9.84
202105,COMERCIAIS_LEVES,Sudeste,43.68
202105,COMERCIAIS_LEVES,Sul,16.36
202105,IMPLEMENTOS_RODOVIARIOS,Centro-Oeste,16.29
202105,IMPLEMENTOS_RODOVIARIOS,Nordeste,8.14
202105,IMPLEMENTOS_RODOVIARIOS,Norte,6.79
202105,IMPLEMENTOS_RODOVIARIOS,Sudeste,37.57
202105,IMPLEMENTOS_RODOVIARIOS,Sul,31.2
202105,MOTOCICLETAS,Centro-Oeste,9.84
202105,MOTOCICLETAS,Nordeste,30.82
202105,MOTOCICLETAS,Norte,10.83
202105,MOTOCICLETAS,Sudeste,38.44
202105,MOTOCICLETAS,Sul,10.07
202105,ONIBUS,Centro-Oeste,18.34
202105,ONIBUS,Nordeste,18.71
202105,ONIBUS,Norte,7.38
202105,ONIBUS,Sudeste,46.65
202105,ONIBUS,Sul,8.91
202106,AUTOMOVEIS,Centro-Oeste,9.97
202106,AUTOMOVEIS,Nordeste,14.55
202106,AUTOMOVEIS,Norte,5.27
202106,AUTOMOVEIS,Sudeste,55.24
202106,AUTOMOVEIS,Sul,14.97
202106,CAMINHOES,Centro-Oeste,10.0
202106,CAMINHOES,Nordeste,12.51
202106,CAMINHOES,Norte,5.52
202106,CAMINHOES,Sudeste,42.51
202106,CAMINHOES,Sul,29.46
202106,COMERCIAIS_LEVES,Centro-Oeste,14.95
202106,COMERCIAIS_LEVES,Nordeste,15.79
202106,COMERCIAIS_LEVES,Norte,8.84
202106,COMERCIAIS_LEVES,Sudeste,43.55
202106,COMERCIAIS_LEVES,Sul,16.87
202106,IMPLEMENTOS_RODOVIARIOS,Centro-Oeste,13.63
202106,IMPLEMENTOS_RODOVIARIOS,Nordeste,8.45
202106,IMPLEMENTOS_RODOVIARIOS,Norte,7.06
202106,IMPLEMENTOS_RODOVIARIOS,Sudeste,39.04
202106,IMPLEMENTOS_RODOVIARIOS,Sul,31.82
202106,MOTOCICLETAS,Centro-Oeste,9.73
202106,MOTOCICLETAS,Nordeste,30.99
202106,MOTOCICLETAS,Norte,11.4
202106,MOTOCICLETAS,Sudeste,37.89
202106,MOTOCICLETAS,Sul,9.99
202106,ONIBUS,Centro-Oeste,15.41
202106,ONIBUS,Nordeste,18.64
202106,ONIBUS,Norte,10.93
202106,ONIBUS,Sudeste,43.46
202106,ONIBUS,Sul,11.56
202107,AUTOMOVEIS,Centro-Oeste,10.2
202107,AUTOMOVEIS,Nordeste,15.52
202107,AUTOMOVEIS,Norte,5.43
202107,AUTOMOVEIS,Sudeste,52.32
202107,AUTOMOVEIS,Sul,16.53
202107,CAMINHOES,Centro-Oeste,11.07
202107,CAMINHOES,Nordeste,12.97
202107,CAMINHOES,Norte,5.52
202107,CAMINHOES,Sudeste,42.49
202107,CAMINHOES,Sul,27.95
202107,COMERCIAIS_LEVES,Centro-Oeste,15.68
202107,COMERCIAIS_LEVES,Nordeste,16.26
202107,COMERCIAIS_LEVES,Norte,9.45
202107,COMERCIAIS_LEVES,Sudeste,41.85
202107,COMERCIAIS_LEVES,Sul,16.76
202107,IMPLEMENTOS_RODOVIARIOS,Centro-Oeste,15.02
202107,IMPLEMENTOS_RODOVIARIOS,Nordeste,7.95
202107,IMPLEMENTOS_RODOVIARIOS,Norte,5.44
202107,IMPLEMENTOS_RODOVIARIOS,Sudeste,38.87
202107,IMPLEMENTOS_RODOVIARIOS,Sul,32.73
202107,MOTOCICLETAS,Centro-Oeste,10.13
202107,MOTOCICLETAS,Nordeste,30.4
202107,MOTOCICLETAS,Norte,11.24
202107,MOTOCICLETAS,Sudeste,37.84
202107,MOTOCICLETAS,Sul,10.39
202107,ONIBUS,Centro-Oeste,13.65
202107,ONIBUS,Nordeste,21.52
202107,ONIBUS,Norte,11.92
202107,ONIBUS,Sudeste,42.92
202107,ONIBUS,Sul,9.99
202108,AUTOMOVEIS,Centro-Oeste,10.7
202108,AUTOMOVEIS,Nordeste,14.48
202108,AUTOMOVEIS,Norte,4.73
202108,AUTOMOVEIS,Sudeste,53.25
202108,AUTOMOVEIS,Sul,16.83
202108,CAMINHOES,Centro-Oeste,10.4
202108,CAMINHOES,Nordeste,12.57
202108,CAMINHOES,Norte,5.43
202108,CAMINHOES,Sudeste,42.04
202108,CAMINHOES,Sul,29.56
202108,COMERCIAIS_LEVES,Centro-Oeste,14.97
202108,COMERCIAIS_LEVES,Nordeste,15.11
202108,COMERCIAIS_LEVES,Norte,9.88
202108,COMERCIAIS_LEVES,Sudeste,43.85
202108,COMERCIAIS_LEVES,Sul,16.18
202108,IMPLEMENTOS_RODOVIARIOS,Centro-Oeste,14.57
202108,IMPLEMENTOS_RODOVIARIOS,Nordeste,8.09
202108,IMPLEMENTOS_RODOVIARIOS,Norte,5.39
202108,IMPLEMENTOS_RODOVIARIOS,Sudeste,36.28
202108,IMPLEMENTOS_RODOVIARIOS,Sul,35.67
202108,MOTOCICLETAS,Centro-Oeste,9.85
202108,MOTOCICLETAS,Nordeste,28.86
202108,MOTOCICLETAS,Norte,10.59
202108,MOTOCICLETAS,Sudeste,39.9
202108,MOTOCICLETAS,Sul,10.79
202108,ONIBUS,Centro-Oeste,7.39
202108,ONIBUS,Nordeste,13.79
202108,ONIBUS,Norte,9.91
202108,ONIBUS,Sudeste,52.09
202108,ONIBUS,Sul,16.81
202109,AUTOMOVEIS,Centro-Oeste,10.71
202109,AUTOMOVEIS,Nordeste,15.55
202109,AUTOMOVEIS,Norte,5.79
202109,AUTOMOVEIS,Sudeste,49.96
202109,AUTOMOVEIS,Sul,18.0
202109,CAMINHOES,Centro-Oeste,10.44
202109,CAMINHOES,Nordeste,12.83
202109,CAMINHOES,Norte,6.14
202109,CAMINHOES,Sudeste,41.0
202109,CAMINHOES,Sul,29.6
202109,COMERCIAIS_LEVES,Centro-Oeste,14.54
202109,COMERCIAIS_LEVES,Nordeste,15.47
202109,COMERCIAIS_LEVES,Norte,9.66
202109,COMERCIAIS_LEVES,Sudeste,43.65
202109,COMERCIAIS_LEVES,Sul,16.69
202109,IMPLEMENTOS_RODOVIARIOS,Centro-Oeste,14.45
202109,IMPLEMENTOS_RODOVIARIOS,Nordeste,10.25
202109,IMPLEMENTOS_RODOVIARIOS,Norte,5.71
202109,IMPLEMENTOS_RODOVIARIOS,Sudeste,34.49
202109,IMPLEMENTOS_RODOVIARIOS,Sul,35.1
202109,MOTOCICLETAS,Centro-Oeste,10.63
202109,MOTOCICLETAS,Nordeste,29.58
202109,MOTOCICLETAS,Norte,11.09
202109,MOTOCICLETAS,Sudeste,38.49
202109,MOTOCICLETAS,Sul,10.2
202109,ONIBUS,Centro-Oeste,6.71
202109,ONIBUS,Nordeste,17.8
202109,ONIBUS,Norte,12.12
202109,ONIBUS,Sudeste,49.1
202109,ONIBUS,Sul,14.27
202110,AUTOMOVEIS,Centro-Oeste,9.88
202110,AUTOMOVEIS,Nordeste,13.78
202110,AUTOMOVEIS,Norte,4.74
202110,AUTOMOVEIS,Sudeste,52.95
202110,AUTOMOVEIS,Sul,18.64
202110,CAMINHOES,Centro-Oeste,9.57
202110,CAMINHOES,Nordeste,12.57
202110,CAMINHOES,Norte,5.37
202110,CAMINHOES,Sudeste,42.45
202110,CAMINHOES,Sul,30.05
202110,COMERCIAIS_LEVES,Centro-Oeste,12.57
202110,COMERCIAIS_LEVES,Nordeste,13.22
202110,COMERCIAIS_LEVES,Norte,9.04
202110,COMERCIAIS_LEVES,Sudeste,49.3
202110,COMERCIAIS_LEVES,Sul,15.87
202110,IMPLEMENTOS_RODOVIARIOS,Centro-Oeste,15.84
202110,IMPLEMENTOS_RODOVIARIOS,Nordeste,8.56
202110,IMPLEMENTOS_RODOVIARIOS,Norte,5.68
202110,IMPLEMENTOS_RODOVIARIOS,Sudeste,35.1
202110,IMPLEMENTOS_RODOVIARIOS,Sul,34.83
202110,MOTOCICLETAS,Centro-Oeste,10.08
202110,MOTOCICLETAS,Nordeste,29.5
202110,MOTOCICLETAS,Norte,11.84
202110,MOTOCICLETAS,Sudeste,37.95
202110,MOTOCICLETAS,Sul,10.63
202110,ONIBUS,Centro-Oeste,5.75
202110,ONIBUS,Nordeste,20.35
202110,ONIBUS,Norte,9.67
202110,ONIBUS,Sudeste,49.46
202110,ONIBUS,Sul,14.76
202111,AUTOMOVEIS,Centro-Oeste,9.18
202111,AUTOMOVEIS,Nordeste,14.62
202111,AUTOMOVEIS,Norte,5.19
202111,AUTOMOVEIS,Sudeste,53.11
202111,AUTOMOVEIS,Sul,17.89
202111,CAMINHOES,Centro-Oeste,8.02
202111,CAMINHOES,Nordeste,14.43
202111,CAMINHOES,Norte,6.15
202111,CAMINHOES,Sudeste,43.0
202111,CAMINHOES,Sul,28.4
202111,COMERCIAIS_LEVES,Centro-Oeste,12.83
202111,COMERCIAIS_LEVES,Nordeste,12.75
202111,COMERCIAIS_LEVES,Norte,8.51
202111,COMERCIAIS_LEVES,Sudeste,50.96
202111,COMERCIAIS_LEVES,Sul,14.95
202111,IMPLEMENTOS_RODOVIARIOS,Centro-Oeste,15.63
202111,IMPLEMENTOS_RODOVIARIOS,Nordeste,11.45
202111,IMPLEMENTOS_RODOVIARIOS,Norte,5.07
202111,IMPLEMENTOS_RODOVIARIOS,Sudeste,36.01
202111,IMPLEMENTOS_RODOVIARIOS,Sul,31.85
202111,MOTOCICLETAS,Centro-Oeste,8.99
202111,MOTOCICLETAS,Nordeste,30.53
202111,MOTOCICLETAS,Norte,11.77
202111,MOTOCICLETAS,Sudeste,38.0
202111,MOTOCICLETAS,Sul,10.7
202111,ONIBUS,Centro-Oeste,6.56
202111,ONIBUS,Nordeste,15.32
202111,ONIBUS,Norte,8.39
202111,ONIBUS,Sudeste,55.14
202111,ONIBUS,Sul,14.59
202112,AUTOMOVEIS,Centro-Oeste,9.4
202112,AUTOMOVEIS,Nordeste,14.72
202112,AUTOMOVEIS,Norte,5.33
202112,AUTOMOVEIS,Sudeste,51.33
202112,AUTOMOVEIS,Sul,19.23
202112,CAMINHOES,Centro-Oeste,10.11
202112,CAMINHOES,Nordeste,11.98
202112,CAMINHOES,Norte,7.53
202112,CAMINHOES,Sudeste,41.31
202112,CAMINHOES,Sul,29.07
202112,COMERCIAIS_LEVES,Centro-Oeste,15.01
202112,COMERCIAIS_LEVES,Nordeste,14.27
202112,COMERCIAIS_LEVES,Norte,10.56
202112,COMERCIAIS_LEVES,Sudeste,43.91
202112,COMERCIAIS_LEVES,Sul,16.26
202112,IMPLEMENTOS_RODOVIARIOS,Centro-Oeste,15.92
202112,IMPLEMENTOS_RODOVIARIOS,Nordeste,7.57
202112,IMPLEMENTOS_RODOVIARIOS,Norte,6.93
202112,IMPLEMENTOS_RODOVIARIOS,Sudeste,38.25
202112,IMPLEMENTOS_RODOVIARIOS,Sul,31.33
202112,MOTOCICLETAS,Centro-Oeste,9.75
202112,MOTOCICLETAS,Nordeste,29.81
202112,MOTOCICLETAS,Norte,12.87
202112,MOTOCICLETAS,Sudeste,37.5
202112,MOTOCICLETAS,Sul,10.07
202112,ONIBUS,Centro-Oeste,8.26
202112,ONIBUS,Nordeste,23.54
202112,ONIBUS,Norte,6.5
202112,ONIBUS,Sudeste,42.65
202112,ONIBUS,Sul,19.05
202201,AUTOMOVEIS,Centro-Oeste,10.13
202201,AUTOMOVEIS,Nordeste,15.95
202201,AUTOMOVEIS,Norte,4.99
202201,AUTOMOVEIS,Sudeste,52.01
202201,AUTOMOVEIS,Sul,16.91
202201,CAMINHOES,Centro-Oeste,10.48
202201,CAMINHOES,Nordeste,12.36
202201,CAMINHOES,Norte,5.57
202201,CAMINHOES,Sudeste,44.85
202201,CAMINHOES,Sul,26.73
202201,COMERCIAIS_LEVES,Centro-Oeste,14.98
202201,COMERCIAIS_LEVES,Nordeste,15.65
202201,COMERCIAIS_LEVES,Norte,10.33
202201,COMERCIAIS_LEVES,Sudeste,42.14
202201,COMERCIAIS_LEVES,Sul,16.9
202201,IMPLEMENTOS_RODOVIARIOS,Centro-Oeste,17.95
202201,IMPLEMENTOS_RODOVIARIOS,Nordeste,5.44
202201,IMPLEMENTOS_RODOVIARIOS,Norte,3.97
202201,IMPLEMENTOS_RODOVIARIOS,Sudeste,41.64
202201,IMPLEMENTOS_RODOVIARIOS,Sul,31.0
202201,MOTOCICLETAS,Centro-Oeste,8.98
202201,MOTOCICLETAS,Nordeste,30.49
202201,MOTOCICLETAS,Norte,10.52
202201,MOTOCICLETAS,Sudeste,40.41
202201,MOTOCICLETAS,Sul,9.59
202201,ONIBUS,Centro-Oeste,9.97
202201,ONIBUS,Nordeste,20.24
202201,ONIBUS,Norte,6.37
202201,ONIBUS,Sudeste,42.13
202201,ONIBUS,Sul,21.29
202202,AUTOMOVEIS,Centro-Oeste,11.23
202202,AUTOMOVEIS,Nordeste,14.78
202202,AUTOMOVEIS,Norte,4.87
202202,AUTOMOVEIS,Sudeste,53.14
202202,AUTOMOVEIS,Sul,15.98
202202,CAMINHOES,Centro-Oeste,11.75
202202,CAMINHOES,Nordeste,13.35
202202,CAMINHOES,Norte,4.97
202202,CAMINHOES,Sudeste,37.8
202202,CAMINHOES,Sul,32.13
202202,COMERCIAIS_LEVES,Centro-Oeste,15.74
202202,COMERCIAIS_LEVES,Nordeste,15.54
202202,COMERCIAIS_LEVES,Norte,9.36
202202,COMERCIAIS_LEVES,Sudeste,41.3
202202,COMERCIAIS_LEVES,Sul,18.07
202202,IMPLEMENTOS_RODOVIARIOS,Centro-Oeste,18.41
202202,IMPLEMENTOS_RODOVIARIOS,Nordeste,7.56
202202,IMPLEMENTOS_RODOVIARIOS,Norte,5.8
202202,IMPLEMENTOS_RODOVIARIOS,Sudeste,35.62
202202,IMPLEMENTOS_RODOVIARIOS,Sul,32.62
202202,MOTOCICLETAS,Centro-Oeste,9.54
202202,MOTOCICLETAS,Nordeste,30.43
202202,MOTOCICLETAS,Norte,11.74
202202,MOTOCICLETAS,Sudeste,37.92
202202,MOTOCICLETAS,Sul,10.36
202202,ONIBUS,Centro-Oeste,10.05
202202,ONIBUS,Nordeste,16.38
202202,ONIBUS,Norte,3.38
202202,ONIBUS,Sudeste,53.81
202202,ONIBUS,Sul,16.38
202203,AUTOMOVEIS,Centro-Oeste,10.42
202203,AUTOMOVEIS,Nordeste,14.46
202203,AUTOMOVEIS,Norte,4.95
202203,AUTOMOVEIS,Sudeste,53.82
202203,AUTOMOVEIS,Sul,16.34
202203,CAMINHOES,Centro-Oeste,11.24
202203,CAMINHOES,Nordeste,12.12
202203,CAMINHOES,Norte,5.45
202203,CAMINHOES,Sudeste,43.08
202203,CAMINHOES,Sul,28.1
202203,COMERCIAIS_LEVES,Centro-Oeste,13.96
202203,COMERCIAIS_LEVES,Nordeste,14.49
202203,COMERCIAIS_LEVES,Norte,8.66
202203,COMERCIAIS_LEVES,Sudeste,48.14
202203,COMERCIAIS_LEVES,Sul,14.75
202203,IMPLEMENTOS_RODOVIARIOS,Centro-Oeste,17.91
202203,IMPLEMENTOS_RODOVIARIOS,Nordeste,8.33
202203,IMPLEMENTOS_RODOVIARIOS,Norte,5.19
202203,IMPLEMENTOS_RODOVIARIOS,Sudeste,38.69
202203,IMPLEMENTOS_RODOVIARIOS,Sul,29.87
202203,MOTOCICLETAS,Centro-Oeste,10.29
202203,MOTOCICLETAS,Nordeste,30.46
202203,MOTOCICLETAS,Norte,11.08
202203,MOTOCICLETAS,Sudeste,37.63
202203,MOTOCICLETAS,Sul,10.53
202203,ONIBUS,Centro-Oeste,5.91
202203,ONIBUS,Nordeste,20.61
202203,ONIBUS,Norte,6.83
202203,ONIBUS,Sudeste,51.03
202203,ONIBUS,Sul,15.61
202204,AUTOMOVEIS,Centro-Oeste,10.03
202204,AUTOMOVEIS,Nordeste,13.37
202204,AUTOMOVEIS,Norte,4.34
202204,AUTOMOVEIS,Sudeste,56.97
202204,AUTOMOVEIS,Sul,15.29
202204,CAMINHOES,Centro-Oeste,10.76
202204,CAMINHOES,Nordeste,12.37
202204,CAMINHOES,Norte,6.07
202204,CAMINHOES,Sudeste,42.51
202204,CAMINHOES,Sul,28.3
202204,COMERCIAIS_LEVES,Centro-Oeste,15.05
202204,COMERCIAIS_LEVES,Nordeste,14.83
202204,COMERCIAIS_LEVES,Norte,8.51
202204,COMERCIAIS_LEVES,Sudeste,46.53
202204,COMERCIAIS_LEVES,Sul,15.09
202204,IMPLEMENTOS_RODOVIARIOS,Centro-Oeste,18.49
202204,IMPLEMENTOS_RODOVIARIOS,Nordeste,10.74
202204,IMPLEMENTOS_RODOVIARIOS,Norte,6.65
202204,IMPLEMENTOS_RODOVIARIOS,Sudeste,36.38
202204,IMPLEMENTOS_RODOVIARIOS,Sul,27.74
202204,MOTOCICLETAS,Centro-Oeste,9.72
202204,MOTOCICLETAS,Nordeste,29.9
202204,MOTOCICLETAS,Norte,12.17
202204,MOTOCICLETAS,Sudeste,37.99
202204,MOTOCICLETAS,Sul,10.22
202204,ONIBUS,Centro-Oeste,12.13
202204,ONIBUS,Nordeste,18.33
202204,ONIBUS,Norte,3.21
202204,ONIBUS,Sudeste,45.78
202204,ONIBUS,Sul,20.56
202205,AUTOMOVEIS,Centro-Oeste,8.85
202205,AUTOMOVEIS,Nordeste,12.4
202205,AUTOMOVEIS,Norte,4.09
202205,AUTOMOVEIS,Sudeste,59.67
202205,AUTOMOVEIS,Sul,14.99
202205,CAMINHOES,Centro-Oeste,10.87
202205,CAMINHOES,Nordeste,11.78
202205,CAMINHOES,Norte,5.55
202205,CAMINHOES,Sudeste,46.03
202205,CAMINHOES,Sul,25.77
202205,COMERCIAIS_LEVES,Centro-Oeste,13.82
202205,COMERCIAIS_LEVES,Nordeste,13.33
202205,COMERCIAIS_LEVES,Norte,7.43
202205,COMERCIAIS_LEVES,Sudeste,52.41
202205,COMERCIAIS_LEVES,Sul,13.01
202205,IMPLEMENTOS_RODOVIARIOS,Centro-Oeste,19.19
202205,IMPLEMENTOS_RODOVIARIOS,Nordeste,8.17
202205,IMPLEMENTOS_RODOVIARIOS,Norte,6.3
202205,IMPLEMENTOS_RODOVIARIOS,Sudeste,39.07
202205,IMPLEMENTOS_RODOVIARIOS,Sul,27.26
202205,MOTOCICLETAS,Centro-Oeste,9.46
202205,MOTOCICLETAS,Nordeste,29.42
202205,MOTOCICLETAS,Norte,12.49
202205,MOTOCICLETAS,Sudeste,39.07
202205,MOTOCICLETAS,Sul,9.56
202205,ONIBUS,Centro-Oeste,11.38
202205,ONIBUS,Nordeste,17.3
202205,ONIBUS,Norte,3.96
202205,ONIBUS,Sudeste,45.42
202205,ONIBUS,Sul,21.93
202206,AUTOMOVEIS,Centro-Oeste,9.04
202206,AUTOMOVEIS,Nordeste,11.95
202206,AUTOMOVEIS,Norte,4.11
202206,AUTOMOVEIS,Sudeste,60.53
202206,AUTOMOVEIS,Sul,14.37
202206,CAMINHOES,Centro-Oeste,11.14
202206,CAMINHOES,Nordeste,11.1
202206,CAMINHOES,Norte,5.25
202206,CAMINHOES,Sudeste,44.55
202206,CAMINHOES,Sul,27.97
202206,COMERCIAIS_LEVES,Centro-Oeste,16.86
202206,COMERCIAIS_LEVES,Nordeste,13.27
202206,COMERCIAIS_LEVES,Norte,9.39
202206,COMERCIAIS_LEVES,Sudeste,43.69
202206,COMERCIAIS_LEVES,Sul,16.78
202206,IMPLEMENTOS_RODOVIARIOS,Centro-Oeste,23.23
202206,IMPLEMENTOS_RODOVIARIOS,Nordeste,6.37
202206,IMPLEMENTOS_RODOVIARIOS,Norte,7.02
202206,IMPLEMENTOS_RODOVIARIOS,Sudeste,33.95
202206,IMPLEMENTOS_RODOVIARIOS,Sul,29.43
202206,MOTOCICLETAS,Centro-Oeste,9.53
202206,MOTOCICLETAS,Nordeste,28.44
202206,MOTOCICLETAS,Norte,13.72
202206,MOTOCICLETAS,Sudeste,38.46
202206,MOTOCICLETAS,Sul,9.86
202206,ONIBUS,Centro-Oeste,7.34
202206,ONIBUS,Nordeste,23.51
202206,ONIBUS,Norte,5.83
202206,ONIBUS,Sudeste,47.72
202206,ONIBUS,Sul,15.6
202207,AUTOMOVEIS,Centro-Oeste,8.33
202207,AUTOMOVEIS,Nordeste,12.55
202207,AUTOMOVEIS,Norte,4.31
202207,AUTOMOVEIS,Sudeste,59.82
202207,AUTOMOVEIS,Sul,14.99
202207,CAMINHOES,Centro-Oeste,11.2
202207,CAMINHOES,Nordeste,12.26
202207,CAMINHOES,Norte,5.32
202207,CAMINHOES,Sudeste,44.03
202207,CAMINHOES,Sul,27.19
202207,COMERCIAIS_LEVES,Centro-Oeste,15.03
202207,COMERCIAIS_LEVES,Nordeste,13.6
202207,COMERCIAIS_LEVES,Norte,8.22
202207,COMERCIAIS_LEVES,Sudeste,48.05
202207,COMERCIAIS_LEVES,Sul,15.1
202207,IMPLEMENTOS_RODOVIARIOS,Centro-Oeste,19.75
202207,IMPLEMENTOS_RODOVIARIOS,Nordeste,11.91
202207,IMPLEMENTOS_RODOVIARIOS,Norte,6.59
202207,IMPLEMENTOS_RODOVIARIOS,Sudeste,34.51
202207,IMPLEMENTOS_RODOVIARIOS,Sul,27.25
202207,MOTOCICLETAS,Centro-Oeste,8.85
202207,MOTOCICLETAS,Nordeste,28.82
202207,MOTOCICLETAS,Norte,12.42
202207,MOTOCICLETAS,Sudeste,40.45
202207,MOTOCICLETAS,Sul,9.46
202207,ONIBUS,Centro-Oeste,22.87
202207,ONIBUS,Nordeste,21.33
202207,ONIBUS,Norte,5.7
202207,ONIBUS,Sudeste,37.48
202207,ONIBUS,Sul,12.62
202208,AUTOMOVEIS,Centro-Oeste,8.4
202208,AUTOMOVEIS,Nordeste,12.1
202208,AUTOMOVEIS,Norte,4.45
202208,AUTOMOVEIS,Sudeste,60.25
202208,AUTOMOVEIS,Sul,14.8
202208,CAMINHOES,Centro-Oeste,10.55
202208,CAMINHOES,Nordeste,12.31
202208,CAMINHOES,Norte,5.52
202208,CAMINHOES,Sudeste,44.68
202208,CAMINHOES,Sul,26.94
202208,COMERCIAIS_LEVES,Centro-Oeste,14.37
202208,COMERCIAIS_LEVES,Nordeste,12.73
202208,COMERCIAIS_LEVES,Norte,6.44
202208,COMERCIAIS_LEVES,Sudeste,51.5
202208,COMERCIAIS_LEVES,Sul,14.96
202208,IMPLEMENTOS_RODOVIARIOS,Centro-Oeste,22.31
202208,IMPLEMENTOS_RODOVIARIOS,Nordeste,10.38
202208,IMPLEMENTOS_RODOVIARIOS,Norte,6.42
202208,IMPLEMENTOS_RODOVIARIOS,Sudeste,30.0
202208,IMPLEMENTOS_RODOVIARIOS,Sul,30.89
202208,MOTOCICLETAS,Centro-Oeste,9.71
202208,MOTOCICLETAS,Nordeste,29.02
202208,MOTOCICLETAS,Norte,12.88
202208,MOTOCICLETAS,Sudeste,38.77
202208,MOTOCICLETAS,Sul,9.63
202208,ONIBUS,Centro-Oeste,12.39
202208,ONIBUS,Nordeste,21.17
202208,ONIBUS,Norte,5.12
202208,ONIBUS,Sudeste,46.05
202208,ONIBUS,Sul,15.27
202209,AUTOMOVEIS,Centro-Oeste,8.51
202209,AUTOMOVEIS,Nordeste,12.48
202209,AUTOMOVEIS,Norte,4.62
202209,AUTOMOVEIS,Sudeste,59.02
202209,AUTOMOVEIS,Sul,15.37
202209,CAMINHOES,Centro-Oeste,11.56
202209,CAMINHOES,Nordeste,12.63
202209,CAMINHOES,Norte,6.18
202209,CAMINHOES,Sudeste,41.64
202209,CAMINHOES,Sul,28.0
202209,COMERCIAIS_LEVES,Centro-Oeste,13.22
202209,COMERCIAIS_LEVES,Nordeste,12.79
202209,COMERCIAIS_LEVES,Norte,7.05
202209,COMERCIAIS_LEVES,Sudeste,49.17
202209,COMERCIAIS_LEVES,Sul,17.77
202209,IMPLEMENTOS_RODOVIARIOS,Centro-Oeste,17.85
202209,IMPLEMENTOS_RODOVIARIOS,Nordeste,10.94
202209,IMPLEMENTOS_RODOVIARIOS,Norte,8.73
202209,IMPLEMENTOS_RODOVIARIOS,Sudeste,32.06
202209,IMPLEMENTOS_RODOVIARIOS,Sul,30.42
202209,MOTOCICLETAS,Centro-Oeste,10.05
202209,MOTOCICLETAS,Nordeste,28.85
202209,MOTOCICLETAS,Norte,12.87
202209,MOTOCICLETAS,Sudeste,38.94
202209,MOTOCICLETAS,Sul,9.29
202209,ONIBUS,Centro-Oeste,12.8
202209,ONIBUS,Nordeste,15.47
202209,ONIBUS,Norte,5.25
202209,ONIBUS,Sudeste,54.62
202209,ONIBUS,Sul,11.86
202210,AUTOMOVEIS,Centro-Oeste,7.63
202210,AUTOMOVEIS,Nordeste,12.08
202210,AUTOMOVEIS,Norte,4.19
202210,AUTOMOVEIS,Sudeste,59.35
202210,AUTOMOVEIS,Sul,16.74
202210,CAMINHOES,Centro-Oeste,10.94
202210,CAMINHOES,Nordeste,12.55
202210,CAMINHOES,Norte,5.38
202210,CAMINHOES,Sudeste,42.63
202210,CAMINHOES,Sul,28.49
202210,COMERCIAIS_LEVES,Centro-Oeste,14.28
202210,COMERCIAIS_LEVES,Nordeste,14.02
202210,COMERCIAIS_LEVES,Norte,7.97
202210,COMERCIAIS_LEVES,Sudeste,44.86
202210,COMERCIAIS_LEVES,Sul,18.87
202210,IMPLEMENTOS_RODOVIARIOS,Centro-Oeste,20.31
202210,IMPLEMENTOS_RODOVIARIOS,Nordeste,11.54
202210,IMPLEMENTOS_RODOVIARIOS,Norte,5.67
202210,IMPLEMENTOS_RODOVIARIOS,Sudeste,31.43
202210,IMPLEMENTOS_RODOVIARIOS,Sul,31.04
202210,MOTOCICLETAS,Centro-Oeste,9.63
202210,MOTOCICLETAS,Nordeste,30.05
202210,MOTOCICLETAS,Norte,12.78
202210,MOTOCICLETAS,Sudeste,38.1
202210,MOTOCICLETAS,Sul,9.45
202210,ONIBUS,Centro-Oeste,17.18
202210,ONIBUS,Nordeste,15.32
202210,ONIBUS,Norte,4.76
202210,ONIBUS,Sudeste,51.09
202210,ONIBUS,Sul,11.65
202211,AUTOMOVEIS,Centro-Oeste,7.42
202211,AUTOMOVEIS,Nordeste,11.07
202211,AUTOMOVEIS,Norte,3.66
202211,AUTOMOVEIS,Sudeste,62.85
202211,AUTOMOVEIS,Sul,15.01
202211,CAMINHOES,Centro-Oeste,9.58
202211,CAMINHOES,Nordeste,13.03
202211,CAMINHOES,Norte,6.14
202211,CAMINHOES,Sudeste,42.71
202211,CAMINHOES,Sul,28.53
202211,COMERCIAIS_LEVES,Centro-Oeste,13.86
202211,COMERCIAIS_LEVES,Nordeste,14.89
202211,COMERCIAIS_LEVES,Norte,8.06
202211,COMERCIAIS_LEVES,Sudeste,46.14
202211,COMERCIAIS_LEVES,Sul,17.05
202211,IMPLEMENTOS_RODOVIARIOS,Centro-Oeste,15.24
202211,IMPLEMENTOS_RODOVIARIOS,Nordeste,10.14
202211,IMPLEMENTOS_RODOVIARIOS,Norte,7.58
202211,IMPLEMENTOS_RODOVIARIOS,Sudeste,34.94
202211,IMPLEMENTOS_RODOVIARIOS,Sul,32.1
202211,MOTOCICLETAS,Centro-Oeste,9.35
202211,MOTOCICLETAS,Nordeste,30.64
202211,MOTOCICLETAS,Norte,14.02
202211,MOTOCICLETAS,Sudeste,36.69
202211,MOTOCICLETAS,Sul,9.3
202211,ONIBUS,Centro-Oeste,15.5
202211,ONIBUS,Nordeste,19.99
202211,ONIBUS,Norte,5.86
202211,ONIBUS,Sudeste,45.23
202211,ONIBUS,Sul,13.42
202212,AUTOMOVEIS,Centro-Oeste,7.86
202212,AUTOMOVEIS,Nordeste,12.97
202212,AUTOMOVEIS,Norte,4.4
202212,AUTOMOVEIS,Sudeste,57.67
202212,AUTOMOVEIS,Sul,17.1
202212,CAMINHOES,Centro-Oeste,10.59
202212,CAMINHOES,Nordeste,14.51
202212,CAMINHOES,Norte,6.87
202212,CAMINHOES,Sudeste,40.26
202212,CAMINHOES,Sul,27.76
202212,COMERCIAIS_LEVES,Centro-Oeste,14.66
202212,COMERCIAIS_LEVES,Nordeste,15.37
202212,COMERCIAIS_LEVES,Norte,8.75
202212,COMERCIAIS_LEVES,Sudeste,45.29
202212,COMERCIAIS_LEVES,Sul,15.94
202212,IMPLEMENTOS_RODOVIARIOS,Centro-Oeste,15.37
202212,IMPLEMENTOS_RODOVIARIOS,Nordeste,15.89
202212,IMPLEMENTOS_RODOVIARIOS,Norte,6.89
202212,IMPLEMENTOS_RODOVIARIOS,Sudeste,27.83
202212,IMPLEMENTOS_RODOVIARIOS,Sul,34.01
202212,MOTOCICLETAS,Centro-Oeste,9.49
202212,MOTOCICLETAS,Nordeste,30.84
202212,MOTOCICLETAS,Norte,14.96
202212,MOTOCICLETAS,Sudeste,35.65
202212,MOTOCICLETAS,Sul,9.06
202212,ONIBUS,Centro-Oeste,9.66
202212,ONIBUS,Nordeste,19.4
202212,ONIBUS,Norte,5.78
202212,ONIBUS,Sudeste,50.6
202212,ONIBUS,Sul,14.55
202301,AUTOMOVEIS,Centro-Oeste,9.84
202301,AUTOMOVEIS,Nordeste,15.12
202301,AUTOMOVEIS,Norte,4.46
202301,AUTOMOVEIS,Sudeste,53.53
202301,AUTOMOVEIS,Sul,17.04
202301,CAMINHOES,Centro-Oeste,10.07
202301,CAMINHOES,Nordeste,13.0
202301,CAMINHOES,Norte,5.81
202301,CAMINHOES,Sudeste,44.5
202301,CAMINHOES,Sul,26.62
202301,COMERCIAIS_LEVES,Centro-Oeste,13.4
202301,COMERCIAIS_LEVES,Nordeste,15.09
202301,COMERCIAIS_LEVES,Norte,9.26
202301,COMERCIAIS_LEVES,Sudeste,45.15
202301,COMERCIAIS_LEVES,Sul,17.1
202301,IMPLEMENTOS_RODOVIARIOS,Centro-Oeste,20.26
202301,IMPLEMENTOS_RODOVIARIOS,Nordeste,9.62
202301,IMPLEMENTOS_RODOVIARIOS,Norte,6.64
202301,IMPLEMENTOS_RODOVIARIOS,Sudeste,32.09
202301,IMPLEMENTOS_RODOVIARIOS,Sul,31.39
202301,MOTOCICLETAS,Centro-Oeste,9.63
202301,MOTOCICLETAS,Nordeste,29.97
202301,MOTOCICLETAS,Norte,12.66
202301,MOTOCICLETAS,Sudeste,38.22
202301,MOTOCICLETAS,Sul,9.52
202301,ONIBUS,Centro-Oeste,11.15
202301,ONIBUS,Nordeste,17.19
202301,ONIBUS,Norte,7.66
202301,ONIBUS,Sudeste,50.21
202301,ONIBUS,Sul,13.79
202302,AUTOMOVEIS,Centro-Oeste,9.96
202302,AUTOMOVEIS,Nordeste,13.68
202302,AUTOMOVEIS,Norte,4.73
202302,AUTOMOVEIS,Sudeste,54.77
202302,AUTOMOVEIS,Sul,16.86
202302,CAMINHOES,Centro-Oeste,10.14
202302,CAMINHOES,Nordeste,14.35
202302,CAMINHOES,Norte,6.35
202302,CAMINHOES,Sudeste,43.75
202302,CAMINHOES,Sul,25.41
202302,COMERCIAIS_LEVES,Centro-Oeste,15.65
202302,COMERCIAIS_LEVES,Nordeste,14.47
202302,COMERCIAIS_LEVES,Norte,8.0
202302,COMERCIAIS_LEVES,Sudeste,43.31
202302,COMERCIAIS_LEVES,Sul,18.56
202302,IMPLEMENTOS_RODOVIARIOS,Centro-Oeste,19.0
202302,IMPLEMENTOS_RODOVIARIOS,Nordeste,13.05
202302,IMPLEMENTOS_RODOVIARIOS,Norte,6.19
202302,IMPLEMENTOS_RODOVIARIOS,Sudeste,28.84
202302,IMPLEMENTOS_RODOVIARIOS,Sul,32.92
202302,MOTOCICLETAS,Centro-Oeste,10.31
202302,MOTOCICLETAS,Nordeste,28.53
202302,MOTOCICLETAS,Norte,13.15
202302,MOTOCICLETAS,Sudeste,38.94
202302,MOTOCICLETAS,Sul,9.07
202302,ONIBUS,Centro-Oeste,9.53
202302,ONIBUS,Nordeste,17.57
202302,ONIBUS,Norte,10.05
202302,ONIBUS,Sudeste,49.74
202302,ONIBUS,Sul,13.11
202303,AUTOMOVEIS,Centro-Oeste,8.66
202303,AUTOMOVEIS,Nordeste,12.75
202303,AUTOMOVEIS,Norte,3.99
202303,AUTOMOVEIS,Sudeste,57.39
202303,AUTOMOVEIS,Sul,17.2
202303,CAMINHOES,Centro-Oeste,9.37
202303,CAMINHOES,Nordeste,15.11
202303,CAMINHOES,Norte,6.39
202303,CAMINHOES,Sudeste,40.12
202303,CAMINHOES,Sul,29.01
202303,COMERCIAIS_LEVES,Centro-Oeste,14.37
202303,COMERCIAIS_LEVES,Nordeste,14.46
202303,COMERCIAIS_LEVES,Norte,7.49
202303,COMERCIAIS_LEVES,Sudeste,45.55
202303,COMERCIAIS_LEVES,Sul,18.13
202303,IMPLEMENTOS_RODOVIARIOS,Centro-Oeste,15.58
202303,IMPLEMENTOS_RODOVIARIOS,Nordeste,10.75
202303,IMPLEMENTOS_RODOVIARIOS,Norte,4.87
202303,IMPLEMENTOS_RODOVIARIOS,Sudeste,40.41
202303,IMPLEMENTOS_RODOVIARIOS,Sul,28.4
202303,MOTOCICLETAS,Centro-Oeste,9.39
202303,MOTOCICLETAS,Nordeste,30.04
202303,MOTOCICLETAS,Norte,12.69
202303,MOTOCICLETAS,Sudeste,38.68
202303,MOTOCICLETAS,Sul,9.21
202303,ONIBUS,Centro-Oeste,7.15
202303,ONIBUS,Nordeste,20.46
202303,ONIBUS,Norte,3.0
202303,ONIBUS,Sudeste,54.24
202303,ONIBUS,Sul,15.15
202304,AUTOMOVEIS,Centro-Oeste,9.2
202304,AUTOMOVEIS,Nordeste,12.74
202304,AUTOMOVEIS,Norte,3.9
202304,AUTOMOVEIS,Sudeste,58.29
202304,AUTOMOVEIS,Sul,15.88
202304,CAMINHOES,Centro-Oeste,9.94
202304,CAMINHOES,Nordeste,14.18
202304,CAMINHOES,Norte,6.23
202304,CAMINHOES,Sudeste,39.56
202304,CAMINHOES,Sul,30.09
202304,COMERCIAIS_LEVES,Centro-Oeste,14.67
202304,COMERCIAIS_LEVES,Nordeste,14.17
202304,COMERCIAIS_LEVES,Norte,7.55
202304,COMERCIAIS_LEVES,Sudeste,44.43
202304,COMERCIAIS_LEVES,Sul,19.19
202304,IMPLEMENTOS_RODOVIARIOS,Centro-Oeste,17.82
202304,IMPLEMENTOS_RODOVIARIOS,Nordeste,14.27
202304,IMPLEMENTOS_RODOVIARIOS,Norte,5.03
202304,IMPLEMENTOS_RODOVIARIOS,Sudeste,31.4
202304,IMPLEMENTOS_RODOVIARIOS,Sul,31.48
202304,MOTOCICLETAS,Centro-Oeste,9.65
202304,MOTOCICLETAS,Nordeste,30.69
202304,MOTOCICLETAS,Norte,12.55
202304,MOTOCICLETAS,Sudeste,37.92
202304,MOTOCICLETAS,Sul,9.19
202304,ONIBUS,Centro-Oeste,7.01
202304,ONIBUS,Nordeste,19.47
202304,ONIBUS,Norte,4.07
202304,ONIBUS,Sudeste,55.48
202304,ONIBUS,Sul,13.96
202305,AUTOMOVEIS,Centro-Oeste,9.25
202305,AUTOMOVEIS,Nordeste,14.14
202305,AUTOMOVEIS,Norte,4.27
202305,AUTOMOVEIS,Sudeste,55.65
202305,AUTOMOVEIS,Sul,16.69
202305,CAMINHOES,Centro-Oeste,10.55
202305,CAMINHOES,Nordeste,12.99
202305,CAMINHOES,Norte,6.71
202305,CAMINHOES,Sudeste,41.37
202305,CAMINHOES,Sul,28.38
202305,COMERCIAIS_LEVES,Centro-Oeste,14.36
202305,COMERCIAIS_LEVES,Nordeste,15.44
202305,COMERCIAIS_LEVES,Norte,8.11
202305,COMERCIAIS_LEVES,Sudeste,42.5
202305,COMERCIAIS_LEVES,Sul,19.59
202305,IMPLEMENTOS_RODOVIARIOS,Centro-Oeste,18.17
202305,IMPLEMENTOS_RODOVIARIOS,Nordeste,11.94
202305,IMPLEMENTOS_RODOVIARIOS,Norte,5.51
202305,IMPLEMENTOS_RODOVIARIOS,Sudeste,33.52
202305,IMPLEMENTOS_RODOVIARIOS,Sul,30.85
202305,MOTOCICLETAS,Centro-Oeste,8.88
202305,MOTOCICLETAS,Nordeste,30.85
202305,MOTOCICLETAS,Norte,13.02
202305,MOTOCICLETAS,Sudeste,39.23
202305,MOTOCICLETAS,Sul,8.02
202305,ONIBUS,Centro-Oeste,10.28
202305,ONIBUS,Nordeste,16.85
202305,ONIBUS,Norte,3.58
202305,ONIBUS,Sudeste,58.92
202305,ONIBUS,Sul,10.37
202306,AUTOMOVEIS,Centro-Oeste,9.62
202306,AUTOMOVEIS,Nordeste,13.95
202306,AUTOMOVEIS,Norte,4.08
202306,AUTOMOVEIS,Sudeste,54.39
202306,AUTOMOVEIS,Sul,17.96
202306,CAMINHOES,Centro-Oeste,11.27
202306,CAMINHOES,Nordeste,11.84
202306,CAMINHOES,Norte,7.88
202306,CAMINHOES,Sudeste,42.39
202306,CAMINHOES,Sul,26.62
202306,COMERCIAIS_LEVES,Centro-Oeste,12.55
202306,COMERCIAIS_LEVES,Nordeste,13.1
202306,COMERCIAIS_LEVES,Norte,7.66
202306,COMERCIAIS_LEVES,Sudeste,51.31
202306,COMERCIAIS_LEVES,Sul,15.38
202306,IMPLEMENTOS_RODOVIARIOS,Centro-Oeste,16.28
202306,IMPLEMENTOS_RODOVIARIOS,Nordeste,7.4
202306,IMPLEMENTOS_RODOVIARIOS,Norte,6.47
202306,IMPLEMENTOS_RODOVIARIOS,Sudeste,36.24
202306,IMPLEMENTOS_RODOVIARIOS,Sul,33.61
202306,MOTOCICLETAS,Centro-Oeste,9.97
202306,MOTOCICLETAS,Nordeste,31.26
202306,MOTOCICLETAS,Norte,12.91
202306,MOTOCICLETAS,Sudeste,37.68
202306,MOTOCICLETAS,Sul,8.18
202306,ONIBUS,Centro-Oeste,9.93
202306,ONIBUS,Nordeste,20.09
202306,ONIBUS,Norte,3.03
202306,ONIBUS,Sudeste,59.62
202306,ONIBUS,Sul,7.33
202307,AUTOMOVEIS,Centro-Oeste,8.63
202307,AUTOMOVEIS,Nordeste,13.64
202307,AUTOMOVEIS,Norte,3.82
202307,AUTOMOVEIS,Sudeste,59.17
202307,AUTOMOVEIS,Sul,14.74
202307,CAMINHOES,Centro-Oeste,10.72
202307,CAMINHOES,Nordeste,14.55
202307,CAMINHOES,Norte,6.41
202307,CAMINHOES,Sudeste,40.5
202307,CAMINHOES,Sul,27.82
202307,COMERCIAIS_LEVES,Centro-Oeste,13.26
202307,COMERCIAIS_LEVES,Nordeste,13.04
202307,COMERCIAIS_LEVES,Norte,7.42
202307,COMERCIAIS_LEVES,Sudeste,51.25
202307,COMERCIAIS_LEVES,Sul,15.03
202307,IMPLEMENTOS_RODOVIARIOS,Centro-Oeste,14.62
202307,IMPLEMENTOS_RODOVIARIOS,Nordeste,9.11
202307,IMPLEMENTOS_RODOVIARIOS,Norte,5.59
202307,IMPLEMENTOS_RODOVIARIOS,Sudeste,36.81
202307,IMPLEMENTOS_RODOVIARIOS,Sul,33.86
202307,MOTOCICLETAS,Centro-Oeste,9.46
202307,MOTOCICLETAS,Nordeste,31.61
202307,MOTOCICLETAS,Norte,13.04
202307,MOTOCICLETAS,Sudeste,37.81
202307,MOTOCICLETAS,Sul,8.08
202307,ONIBUS,Centro-Oeste,7.4
202307,ONIBUS,Nordeste,13.29
202307,ONIBUS,Norte,11.44
202307,ONIBUS,Sudeste,60.18
202307,ONIBUS,Sul,7.68
202308,AUTOMOVEIS,Centro-Oeste,8.55
202308,AUTOMOVEIS,Nordeste,13.12
202308,AUTOMOVEIS,Norte,3.73
202308,AUTOMOVEIS,Sudeste,58.73
202308,AUTOMOVEIS,Sul,15.88
202308,CAMINHOES,Centro-Oeste,10.46
202308,CAMINHOES,Nordeste,13.92
202308,CAMINHOES,Norte,7.03
202308,CAMINHOES,Sudeste,39.48
202308,CAMINHOES,Sul,29.12
202308,COMERCIAIS_LEVES,Centro-Oeste,13.71
202308,COMERCIAIS_LEVES,Nordeste,13.48
202308,COMERCIAIS_LEVES,Norte,7.93
202308,COMERCIAIS_LEVES,Sudeste,47.73
202308,COMERCIAIS_LEVES,Sul,17.15
202308,IMPLEMENTOS_RODOVIARIOS,Centro-Oeste,16.25
202308,IMPLEMENTOS_RODOVIARIOS,Nordeste,9.1
202308,IMPLEMENTOS_RODOVIARIOS,Norte,6.15
202308,IMPLEMENTOS_RODOVIARIOS,Sudeste,34.84
202308,IMPLEMENTOS_RODOVIARIOS,Sul,33.68
202308,MOTOCICLETAS,Centro-Oeste,10.07
202308,MOTOCICLETAS,Nordeste,31.54
202308,MOTOCICLETAS,Norte,12.99
202308,MOTOCICLETAS,Sudeste,36.64
202308,MOTOCICLETAS,Sul,8.75
202308,ONIBUS,Centro-Oeste,7.91
202308,ONIBUS,Nordeste,14.76
202308,ONIBUS,Norte,6.9
202308,ONIBUS,Sudeste,60.32
202308,ONIBUS,Sul,10.11
202309,AUTOMOVEIS,Centro-Oeste,7.86
202309,AUTOMOVEIS,Nordeste,11.8
202309,AUTOMOVEIS,Norte,3.43
202309,AUTOMOVEIS,Sudeste,61.76
202309,AUTOMOVEIS,Sul,15.15
202309,CAMINHOES,Centro-Oeste,10.11
202309,CAMINHOES,Nordeste,15.23
202309,CAMINHOES,Norte,5.9
202309,CAMINHOES,Sudeste,39.87
202309,CAMINHOES,Sul,28.9
202309,COMERCIAIS_LEVES,Centro-Oeste,12.27
202309,COMERCIAIS_LEVES,Nordeste,13.15
202309,COMERCIAIS_LEVES,Norte,7.02
202309,COMERCIAIS_LEVES,Sudeste,50.66
202309,COMERCIAIS_LEVES,Sul,16.9
202309,IMPLEMENTOS_RODOVIARIOS,Centro-Oeste,16.4
202309,IMPLEMENTOS_RODOVIARIOS,Nordeste,8.78
202309,IMPLEMENTOS_RODOVIARIOS,Norte,4.88
202309,IMPLEMENTOS_RODOVIARIOS,Sudeste,35.27
202309,IMPLEMENTOS_RODOVIARIOS,Sul,34.67
202309,MOTOCICLETAS,Centro-Oeste,9.89
202309,MOTOCICLETAS,Nordeste,31.18
202309,MOTOCICLETAS,Norte,12.99
202309,MOTOCICLETAS,Sudeste,37.08
202309,MOTOCICLETAS,Sul,8.85
202309,ONIBUS,Centro-Oeste,8.18
202309,ONIBUS,Nordeste,10.15
202309,ONIBUS,Norte,5.87
202309,ONIBUS,Sudeste,62.73
202309,ONIBUS,Sul,13.06
202310,AUTOMOVEIS,Centro-Oeste,7.07
202310,AUTOMOVEIS,Nordeste,11.51
202310,AUTOMOVEIS,Norte,3.33
202310,AUTOMOVEIS,Sudeste,63.49
202310,AUTOMOVEIS,Sul,14.61
202310,CAMINHOES,Centro-Oeste,10.42
202310,CAMINHOES,Nordeste,12.9
202310,CAMINHOES,Norte,7.48
202310,CAMINHOES,Sudeste,38.79
202310,CAMINHOES,Sul,30.41
202310,COMERCIAIS_LEVES,Centro-Oeste,13.03
202310,COMERCIAIS_LEVES,Nordeste,13.54
202310,COMERCIAIS_LEVES,Norte,7.82
202310,COMERCIAIS_LEVES,Sudeste,47.3
202310,COMERCIAIS_LEVES,Sul,18.31
202310,IMPLEMENTOS_RODOVIARIOS,Centro-Oeste,15.02
202310,IMPLEMENTOS_RODOVIARIOS,Nordeste,9.77
202310,IMPLEMENTOS_RODOVIARIOS,Norte,6.48
202310,IMPLEMENTOS_RODOVIARIOS,Sudeste,34.46
202310,IMPLEMENTOS_RODOVIARIOS,Sul,34.27
202310,MOTOCICLETAS,Centro-Oeste,10.09
202310,MOTOCICLETAS,Nordeste,31.17
202310,MOTOCICLETAS,Norte,12.86
202310,MOTOCICLETAS,Sudeste,37.16
202310,MOTOCICLETAS,Sul,8.72
202310,ONIBUS,Centro-Oeste,4.72
202310,ONIBUS,Nordeste,12.35
202310,ONIBUS,Norte,5.24
202310,ONIBUS,Sudeste,58.23
202310,ONIBUS,Sul,19.46
202311,AUTOMOVEIS,Centro-Oeste,7.62
202311,AUTOMOVEIS,Nordeste,12.36
202311,AUTOMOVEIS,Norte,3.72
202311,AUTOMOVEIS,Sudeste,61.07
202311,AUTOMOVEIS,Sul,15.23
202311,CAMINHOES,Centro-Oeste,10.12
202311,CAMINHOES,Nordeste,13.52
202311,CAMINHOES,Norte,6.64
202311,CAMINHOES,Sudeste,39.47
202311,CAMINHOES,Sul,30.25
202311,COMERCIAIS_LEVES,Centro-Oeste,13.04
202311,COMERCIAIS_LEVES,Nordeste,15.44
202311,COMERCIAIS_LEVES,Norte,7.9
202311,COMERCIAIS_LEVES,Sudeste,45.51
202311,COMERCIAIS_LEVES,Sul,18.11
202311,IMPLEMENTOS_RODOVIARIOS,Centro-Oeste,19.61
202311,IMPLEMENTOS_RODOVIARIOS,Nordeste,9.62
202311,IMPLEMENTOS_RODOVIARIOS,Norte,6.15
202311,IMPLEMENTOS_RODOVIARIOS,Sudeste,31.27
202311,IMPLEMENTOS_RODOVIARIOS,Sul,33.36
202311,MOTOCICLETAS,Centro-Oeste,9.7
202311,MOTOCICLETAS,Nordeste,33.25
202311,MOTOCICLETAS,Norte,13.92
202311,MOTOCICLETAS,Sudeste,34.23
202311,MOTOCICLETAS,Sul,8.9
202311,ONIBUS,Centro-Oeste,6.58
202311,ONIBUS,Nordeste,10.91
202311,ONIBUS,Norte,6.02
202311,ONIBUS,Sudeste,63.58
202311,ONIBUS,Sul,12.91
202312,AUTOMOVEIS,Centro-Oeste,8.38
202312,AUTOMOVEIS,Nordeste,11.73
202312,AUTOMOVEIS,Norte,3.55
202312,AUTOMOVEIS,Sudeste,60.21
202312,AUTOMOVEIS,Sul,16.13
202312,CAMINHOES,Centro-Oeste,9.61
202312,CAMINHOES,Nordeste,14.24
202312,CAMINHOES,Norte,7.45
202312,CAMINHOES,Sudeste,41.38
202312,CAMINHOES,Sul,27.31
202312,COMERCIAIS_LEVES,Centro-Oeste,13.9
202312,COMERCIAIS_LEVES,Nordeste,14.7
202312,COMERCIAIS_LEVES,Norte,8.13
202312,COMERCIAIS_LEVES,Sudeste,46.74
202312,COMERCIAIS_LEVES,Sul,16.54
202312,IMPLEMENTOS_RODOVIARIOS,Centro-Oeste,16.31
202312,IMPLEMENTOS_RODOVIARIOS,Nordeste,9.94
202312,IMPLEMENTOS_RODOVIARIOS,Norte,6.21
202312,IMPLEMENTOS_RODOVIARIOS,Sudeste,30.91
202312,IMPLEMENTOS_RODOVIARIOS,Sul,36.63
202312,MOTOCICLETAS,Centro-Oeste,10.22
202312,MOTOCICLETAS,Nordeste,32.95
202312,MOTOCICLETAS,Norte,13.89
202312,MOTOCICLETAS,Sudeste,34.23
202312,MOTOCICLETAS,Sul,8.72
202312,ONIBUS,Centro-Oeste,10.5
202312,ONIBUS,Nordeste,10.82
202312,ONIBUS,Norte,6.66
202312,ONIBUS,Sudeste,60.68
202312,ONIBUS,Sul,11.35
202401,AUTOMOVEIS,Centro-Oeste,10.52
202401,AUTOMOVEIS,Nordeste,15.39
202401,AUTOMOVEIS,Norte,4.36
202401,AUTOMOVEIS,Sudeste,52.28
202401,AUTOMOVEIS,Sul,17.45
202401,CAMINHOES,Centro-Oeste,10.22
202401,CAMINHOES,Nordeste,12.16
202401,CAMINHOES,Norte,5.59
202401,CAMINHOES,Sudeste,43.04
202401,CAMINHOES,Sul,28.98
202401,COMERCIAIS_LEVES,Centro-Oeste,13.53
202401,COMERCIAIS_LEVES,Nordeste,17.01
202401,COMERCIAIS_LEVES,Norte,8.56
202401,COMERCIAIS_LEVES,Sudeste,43.63
202401,COMERCIAIS_LEVES,Sul,17.27
202401,IMPLEMENTOS_RODOVIARIOS,Centro-Oeste,17.74
202401,IMPLEMENTOS_RODOVIARIOS,Nordeste,7.91
202401,IMPLEMENTOS_RODOVIARIOS,Norte,6.1
202401,IMPLEMENTOS_RODOVIARIOS,Sudeste,37.13
202401,IMPLEMENTOS_RODOVIARIOS,Sul,31.13
202401,MOTOCICLETAS,Centro-Oeste,9.89
202401,MOTOCICLETAS,Nordeste,30.88
202401,MOTOCICLETAS,Norte,11.78
202401,MOTOCICLETAS,Sudeste,38.29
202401,MOTOCICLETAS,Sul,9.16
202401,ONIBUS,Centro-Oeste,7.37
202401,ONIBUS,Nordeste,11.64
202401,ONIBUS,Norte,4.72
202401,ONIBUS,Sudeste,60.8
202401,ONIBUS,Sul,15.46
202402,AUTOMOVEIS,Centro-Oeste,9.74
202402,AUTOMOVEIS,Nordeste,12.87
202402,AUTOMOVEIS,Norte,4.48
202402,AUTOMOVEIS,Sudeste,55.74
202402,AUTOMOVEIS,Sul,17.17
202402,CAMINHOES,Centro-Oeste,10.46
202402,CAMINHOES,Nordeste,12.42
202402,CAMINHOES,Norte,5.06
202402,CAMINHOES,Sudeste,43.79
202402,CAMINHOES,Sul,28.26
202402,COMERCIAIS_LEVES,Centro-Oeste,14.21
202402,COMERCIAIS_LEVES,Nordeste,14.22
202402,COMERCIAIS_LEVES,Norte,9.7
202402,COMERCIAIS_LEVES,Sudeste,45.52
202402,COMERCIAIS_LEVES,Sul,16.35
202402,IMPLEMENTOS_RODOVIARIOS,Centro-Oeste,15.11
202402,IMPLEMENTOS_RODOVIARIOS,Nordeste,5.88
202402,IMPLEMENTOS_RODOVIARIOS,Norte,6.32
202402,IMPLEMENTOS_RODOVIARIOS,Sudeste,40.03
202402,IMPLEMENTOS_RODOVIARIOS,Sul,32.66
202402,MOTOCICLETAS,Centro-Oeste,10.93
202402,MOTOCICLETAS,Nordeste,28.12
202402,MOTOCICLETAS,Norte,13.75
202402,MOTOCICLETAS,Sudeste,38.02
202402,MOTOCICLETAS,Sul,9.19
202402,ONIBUS,Centro-Oeste,19.25
202402,ONIBUS,Nordeste,9.91
202402,ONIBUS,Norte,4.58
202402,ONIBUS,Sudeste,54.43
202402,ONIBUS,Sul,11.83
202403,AUTOMOVEIS,Centro-Oeste,9.91
202403,AUTOMOVEIS,Nordeste,13.09
202403,AUTOMOVEIS,Norte,3.89
202403,AUTOMOVEIS,Sudeste,55.82
202403,AUTOMOVEIS,Sul,17.29
202403,CAMINHOES,Centro-Oeste,9.38
202403,CAMINHOES,Nordeste,11.81
202403,CAMINHOES,Norte,4.54
202403,CAMINHOES,Sudeste,45.73
202403,CAMINHOES,Sul,28.54
202403,COMERCIAIS_LEVES,Centro-Oeste,13.31
202403,COMERCIAIS_LEVES,Nordeste,15.01
202403,COMERCIAIS_LEVES,Norte,7.62
202403,COMERCIAIS_LEVES,Sudeste,46.79
202403,COMERCIAIS_LEVES,Sul,17.27
202403,IMPLEMENTOS_RODOVIARIOS,Centro-Oeste,15.48
202403,IMPLEMENTOS_RODOVIARIOS,Nordeste,8.41
202403,IMPLEMENTOS_RODOVIARIOS,Norte,5.23
202403,IMPLEMENTOS_RODOVIARIOS,Sudeste,39.88
202403,IMPLEMENTOS_RODOVIARIOS,Sul,31.0
202403,MOTOCICLETAS,Centro-Oeste,10.23
202403,MOTOCICLETAS,Nordeste,28.9
202403,MOTOCICLETAS,Norte,12.59
202403,MOTOCICLETAS,Sudeste,39.29
202403,MOTOCICLETAS,Sul,8.99
202403,ONIBUS,Centro-Oeste,12.56
202403,ONIBUS,Nordeste,13.49
202403,ONIBUS,Norte,3.37
202403,ONIBUS,Sudeste,58.55
202403,ONIBUS,Sul,12.02
202404,AUTOMOVEIS,Centro-Oeste,9.34
202404,AUTOMOVEIS,Nordeste,12.35
202404,AUTOMOVEIS,Norte,4.06
202404,AUTOMOVEIS,Sudeste,57.45
202404,AUTOMOVEIS,Sul,16.8
202404,CAMINHOES,Centro-Oeste,11.03
202404,CAMINHOES,Nordeste,12.72
202404,CAMINHOES,Norte,4.79
202404,CAMINHOES,Sudeste,45.53
202404,CAMINHOES,Sul,25.93
202404,COMERCIAIS_LEVES,Centro-Oeste,14.22
202404,COMERCIAIS_LEVES,Nordeste,15.16
202404,COMERCIAIS_LEVES,Norte,8.36
202404,COMERCIAIS_LEVES,Sudeste,44.42
202404,COMERCIAIS_LEVES,Sul,17.84
202404,IMPLEMENTOS_RODOVIARIOS,Centro-Oeste,11.8
202404,IMPLEMENTOS_RODOVIARIOS,Nordeste,7.37
202404,IMPLEMENTOS_RODOVIARIOS,Norte,5.03
202404,IMPLEMENTOS_RODOVIARIOS,Sudeste,46.25
202404,IMPLEMENTOS_RODOVIARIOS,Sul,29.56
202404,MOTOCICLETAS,Centro-Oeste,10.4
202404,MOTOCICLETAS,Nordeste,29.74
202404,MOTOCICLETAS,Norte,13.52
202404,MOTOCICLETAS,Sudeste,37.62
202404,MOTOCICLETAS,Sul,8.71
202404,ONIBUS,Centro-Oeste,9.75
202404,ONIBUS,Nordeste,11.81
202404,ONIBUS,Norte,4.72
202404,ONIBUS,Sudeste,60.26
202404,ONIBUS,Sul,13.46
202405,AUTOMOVEIS,Centro-Oeste,9.41
202405,AUTOMOVEIS,Nordeste,14.44
202405,AUTOMOVEIS,Norte,4.11
202405,AUTOMOVEIS,Sudeste,57.91
202405,AUTOMOVEIS,Sul,14.13
202405,CAMINHOES,Centro-Oeste,11.22
202405,CAMINHOES,Nordeste,14.52
202405,CAMINHOES,Norte,4.95
202405,CAMINHOES,Sudeste,43.23
202405,CAMINHOES,Sul,26.08
202405,COMERCIAIS_LEVES,Centro-Oeste,14.48
202405,COMERCIAIS_LEVES,Nordeste,17.28
202405,COMERCIAIS_LEVES,Norte,8.64
202405,COMERCIAIS_LEVES,Sudeste,44.69
202405,COMERCIAIS_LEVES,Sul,14.92
202405,IMPLEMENTOS_RODOVIARIOS,Centro-Oeste,14.87
202405,IMPLEMENTOS_RODOVIARIOS,Nordeste,9.68
202405,IMPLEMENTOS_RODOVIARIOS,Norte,5.66
202405,IMPLEMENTOS_RODOVIARIOS,Sudeste,42.15
202405,IMPLEMENTOS_RODOVIARIOS,Sul,27.65
202405,MOTOCICLETAS,Centro-Oeste,10.45
202405,MOTOCICLETAS,Nordeste,32.89
202405,MOTOCICLETAS,Norte,12.54
202405,MOTOCICLETAS,Sudeste,36.97
202405,MOTOCICLETAS,Sul,7.15
202405,ONIBUS,Centro-Oeste,5.47
202405,ONIBUS,Nordeste,20.08
202405,ONIBUS,Norte,3.68
202405,ONIBUS,Sudeste,61.08
202405,ONIBUS,Sul,9.69
202406,AUTOMOVEIS,Centro-Oeste,8.5
202406,AUTOMOVEIS,Nordeste,12.01
202406,AUTOMOVEIS,Norte,3.71
202406,AUTOMOVEIS,Sudeste,59.89
202406,AUTOMOVEIS,Sul,15.9
202406,CAMINHOES,Centro-Oeste,9.8
202406,CAMINHOES,Nordeste,12.23
202406,CAMINHOES,Norte,5.79
202406,CAMINHOES,Sudeste,41.35
202406,CAMINHOES,Sul,30.83
202406,COMERCIAIS_LEVES,Centro-Oeste,13.61
202406,COMERCIAIS_LEVES,Nordeste,13.01
202406,COMERCIAIS_LEVES,Norte,8.87
202406,COMERCIAIS_LEVES,Sudeste,46.61
202406,COMERCIAIS_LEVES,Sul,17.9
202406,IMPLEMENTOS_RODOVIARIOS,Centro-Oeste,15.09
202406,IMPLEMENTOS_RODOVIARIOS,Nordeste,8.42
202406,IMPLEMENTOS_RODOVIARIOS,Norte,5.03
202406,IMPLEMENTOS_RODOVIARIOS,Sudeste,38.21
202406,IMPLEMENTOS_RODOVIARIOS,Sul,33.26
202406,MOTOCICLETAS,Centro-Oeste,10.22
202406,MOTOCICLETAS,Nordeste,29.83
202406,MOTOCICLETAS,Norte,13.04
202406,MOTOCICLETAS,Sudeste,37.8
202406,MOTOCICLETAS,Sul,9.11
202406,ONIBUS,Centro-Oeste,9.99
202406,ONIBUS,Nordeste,17.7
202406,ONIBUS,Norte,5.62
202406,ONIBUS,Sudeste,52.51
202406,ONIBUS,Sul,14.17
202407,AUTOMOVEIS,Centro-Oeste,8.76
202407,AUTOMOVEIS,Nordeste,13.38
202407,AUTOMOVEIS,Norte,4.14
202407,AUTOMOVEIS,Sudeste,56.67
202407,AUTOMOVEIS,Sul,17.05
202407,CAMINHOES,Centro-Oeste,10.46
202407,CAMINHOES,Nordeste,13.89
202407,CAMINHOES,Norte,4.52
202407,CAMINHOES,Sudeste,40.82
202407,CAMINHOES,Sul,30.31
202407,COMERCIAIS_LEVES,Centro-Oeste,12.52
202407,COMERCIAIS_LEVES,Nordeste,14.37
202407,COMERCIAIS_LEVES,Norte,8.38
202407,COMERCIAIS_LEVES,Sudeste,47.85
202407,COMERCIAIS_LEVES,Sul,16.88
202407,IMPLEMENTOS_RODOVIARIOS,Centro-Oeste,14.57
202407,IMPLEMENTOS_RODOVIARIOS,Nordeste,12.19
202407,IMPLEMENTOS_RODOVIARIOS,Norte,4.44
202407,IMPLEMENTOS_RODOVIARIOS,Sudeste,34.19
202407,IMPLEMENTOS_RODOVIARIOS,Sul,34.62
202407,MOTOCICLETAS,Centro-Oeste,9.21
202407,MOTOCICLETAS,Nordeste,31.3
202407,MOTOCICLETAS,Norte,12.7
202407,MOTOCICLETAS,Sudeste,37.67
202407,MOTOCICLETAS,Sul,9.12
202407,ONIBUS,Centro-Oeste,14.09
202407,ONIBUS,Nordeste,22.43
202407,ONIBUS,Norte,4.76
202407,ONIBUS,Sudeste,43.41
202407,ONIBUS,Sul,15.3
202408,AUTOMOVEIS,Centro-Oeste,8.49
202408,AUTOMOVEIS,Nordeste,13.53
202408,AUTOMOVEIS,Norte,4.11
202408,AUTOMOVEIS,Sudeste,56.88
202408,AUTOMOVEIS,Sul,16.99
202408,CAMINHOES,Centro-Oeste,10.17
202408,CAMINHOES,Nordeste,14.06
202408,CAMINHOES,Norte,5.71
202408,CAMINHOES,Sudeste,41.12
202408,CAMINHOES,Sul,28.95
202408,COMERCIAIS_LEVES,Centro-Oeste,12.01
202408,COMERCIAIS_LEVES,Nordeste,15.52
202408,COMERCIAIS_LEVES,Norte,8.19
202408,COMERCIAIS_LEVES,Sudeste,46.79
202408,COMERCIAIS_LEVES,Sul,17.5
202408,IMPLEMENTOS_RODOVIARIOS,Centro-Oeste,13.43
202408,IMPLEMENTOS_RODOVIARIOS,Nordeste,9.87
202408,IMPLEMENTOS_RODOVIARIOS,Norte,5.27
202408,IMPLEMENTOS_RODOVIARIOS,Sudeste,37.19
202408,IMPLEMENTOS_RODOVIARIOS,Sul,34.24
202408,MOTOCICLETAS,Centro-Oeste,9.55
202408,MOTOCICLETAS,Nordeste,30.69
202408,MOTOCICLETAS,Norte,12.82
202408,MOTOCICLETAS,Sudeste,35.27
202408,MOTOCICLETAS,Sul,11.66
202408,ONIBUS,Centro-Oeste,13.0
202408,ONIBUS,Nordeste,19.13
202408,ONIBUS,Norte,5.23
202408,ONIBUS,Sudeste,50.95
202408,ONIBUS,Sul,11.68
202409,AUTOMOVEIS,Centro-Oeste,8.09
202409,AUTOMOVEIS,Nordeste,12.9
202409,AUTOMOVEIS,Norte,3.95
202409,AUTOMOVEIS,Sudeste,58.6
202409,AUTOMOVEIS,Sul,16.48
202409,CAMINHOES,Centro-Oeste,9.33
202409,CAMINHOES,Nordeste,13.48
202409,CAMINHOES,Norte,5.94
202409,CAMINHOES,Sudeste,41.36
202409,CAMINHOES,Sul,29.89
202409,COMERCIAIS_LEVES,Centro-Oeste,11.46
202409,COMERCIAIS_LEVES,Nordeste,16.18
202409,COMERCIAIS_LEVES,Norte,8.46
202409,COMERCIAIS_LEVES,Sudeste,44.59
202409,COMERCIAIS_LEVES,Sul,19.31
202409,IMPLEMENTOS_RODOVIARIOS,Centro-Oeste,13.9
202409,IMPLEMENTOS_RODOVIARIOS,Nordeste,9.73
202409,IMPLEMENTOS_RODOVIARIOS,Norte,5.1
202409,IMPLEMENTOS_RODOVIARIOS,Sudeste,35.7
202409,IMPLEMENTOS_RODOVIARIOS,Sul,35.59
202409,MOTOCICLETAS,Centro-Oeste,9.08
202409,MOTOCICLETAS,Nordeste,31.2
202409,MOTOCICLETAS,Norte,12.49
202409,MOTOCICLETAS,Sudeste,36.24
202409,MOTOCICLETAS,Sul,10.98
202409,ONIBUS,Centro-Oeste,11.31
202409,ONIBUS,Nordeste,16.24
202409,ONIBUS,Norte,7.51
202409,ONIBUS,Sudeste,50.86
202409,ONIBUS,Sul,14.08
202410,AUTOMOVEIS,Centro-Oeste,8.05
202410,AUTOMOVEIS,Nordeste,12.38
202410,AUTOMOVEIS,Norte,4.1
202410,AUTOMOVEIS,Sudeste,57.94
202410,AUTOMOVEIS,Sul,17.53
202410,CAMINHOES,Centro-Oeste,8.49
202410,CAMINHOES,Nordeste,13.64
202410,CAMINHOES,Norte,4.39
202410,CAMINHOES,Sudeste,42.42
202410,CAMINHOES,Sul,31.06
202410,COMERCIAIS_LEVES,Centro-Oeste,11.65
202410,COMERCIAIS_LEVES,Nordeste,14.88
202410,COMERCIAIS_LEVES,Norte,7.91
202410,COMERCIAIS_LEVES,Sudeste,45.4
202410,COMERCIAIS_LEVES,Sul,20.16
202410,IMPLEMENTOS_RODOVIARIOS,Centro-Oeste,14.46
202410,IMPLEMENTOS_RODOVIARIOS,Nordeste,8.78
202410,IMPLEMENTOS_RODOVIARIOS,Norte,4.86
202410,IMPLEMENTOS_RODOVIARIOS,Sudeste,37.05
202410,IMPLEMENTOS_RODOVIARIOS,Sul,34.84
202410,MOTOCICLETAS,Centro-Oeste,9.42
202410,MOTOCICLETAS,Nordeste,31.46
202410,MOTOCICLETAS,Norte,12.6
202410,MOTOCICLETAS,Sudeste,35.78
202410,MOTOCICLETAS,Sul,10.74
202410,ONIBUS,Centro-Oeste,10.07
202410,ONIBUS,Nordeste,17.49
202410,ONIBUS,Norte,4.97
202410,ONIBUS,Sudeste,53.65
202410,ONIBUS,Sul,13.83
202411,AUTOMOVEIS,Centro-Oeste,7.58
202411,AUTOMOVEIS,Nordeste,11.45
202411,AUTOMOVEIS,Norte,3.47
202411,AUTOMOVEIS,Sudeste,60.36
202411,AUTOMOVEIS,Sul,17.14
202411,CAMINHOES,Centro-Oeste,8.54
202411,CAMINHOES,Nordeste,13.47
202411,CAMINHOES,Norte,4.9
202411,CAMINHOES,Sudeste,42.25
202411,CAMINHOES,Sul,30.85
202411,COMERCIAIS_LEVES,Centro-Oeste,11.85
202411,COMERCIAIS_LEVES,Nordeste,14.51
202411,COMERCIAIS_LEVES,Norte,8.09
202411,COMERCIAIS_LEVES,Sudeste,46.76
202411,COMERCIAIS_LEVES,Sul,18.8
202411,IMPLEMENTOS_RODOVIARIOS,Centro-Oeste,13.32
202411,IMPLEMENTOS_RODOVIARIOS,Nordeste,7.78
202411,IMPLEMENTOS_RODOVIARIOS,Norte,5.54
202411,IMPLEMENTOS_RODOVIARIOS,Sudeste,37.01
202411,IMPLEMENTOS_RODOVIARIOS,Sul,36.35
202411,MOTOCICLETAS,Centro-Oeste,9.23
202411,MOTOCICLETAS,Nordeste,33.13
202411,MOTOCICLETAS,Norte,13.83
202411,MOTOCICLETAS,Sudeste,32.82
202411,MOTOCICLETAS,Sul,10.99
202411,ONIBUS,Centro-Oeste,8.52
202411,ONIBUS,Nordeste,18.39
202411,ONIBUS,Norte,4.72
202411,ONIBUS,Sudeste,49.72
202411,ONIBUS,Sul,18.65
202412,AUTOMOVEIS,Centro-Oeste,8.9
202412,AUTOMOVEIS,Nordeste,13.39
202412,AUTOMOVEIS,Norte,4.6
202412,AUTOMOVEIS,Sudeste,55.89
202412,AUTOMOVEIS,Sul,17.22
202412,CAMINHOES,Centro-Oeste,8.99
202412,CAMINHOES,Nordeste,12.85
202412,CAMINHOES,Norte,7.61
202412,CAMINHOES,Sudeste,38.75
202412,CAMINHOES,Sul,31.8
202412,COMERCIAIS_LEVES,Centro-Oeste,11.92
202412,COMERCIAIS_LEVES,Nordeste,15.13
202412,COMERCIAIS_LEVES,Norte,9.75
202412,COMERCIAIS_LEVES,Sudeste,45.79
202412,COMERCIAIS_LEVES,Sul,17.41
202412,IMPLEMENTOS_RODOVIARIOS,Centro-Oeste,15.03
202412,IMPLEMENTOS_RODOVIARIOS,Nordeste,8.67
202412,IMPLEMENTOS_RODOVIARIOS,Norte,5.91
202412,IMPLEMENTOS_RODOVIARIOS,Sudeste,33.34
202412,IMPLEMENTOS_RODOVIARIOS,Sul,37.05
202412,MOTOCICLETAS,Centro-Oeste,9.6
202412,MOTOCICLETAS,Nordeste,32.96
202412,MOTOCICLETAS,Norte,14.72
202412,MOTOCICLETAS,Sudeste,34.24
202412,MOTOCICLETAS,Sul,8.47
202412,ONIBUS,Centro-Oeste,10.22
202412,ONIBUS,Nordeste,16.23
202412,ONIBUS,Norte,6.59
202412,ONIBUS,Sudeste,44.33
202412,ONIBUS,Sul,22.63
202501,AUTOMOVEIS,Centro-Oeste,10.81
202501,AUTOMOVEIS,Nordeste,17.43
202501,AUTOMOVEIS,Norte,4.74
202501,AUTOMOVEIS,Sudeste,49.44
202501,AUTOMOVEIS,Sul,17.58
202501,CAMINHOES,Centro-Oeste,8.52
202501,CAMINHOES,Nordeste,13.71
202501,CAMINHOES,Norte,5.84
202501,CAMINHOES,Sudeste,42.19
202501,CAMINHOES,Sul,29.74
202501,COMERCIAIS_LEVES,Centro-Oeste,13.43
202501,COMERCIAIS_LEVES,Nordeste,17.55
202501,COMERCIAIS_LEVES,Norte,9.93
202501,COMERCIAIS_LEVES,Sudeste,41.9
202501,COMERCIAIS_LEVES,Sul,17.19
202501,IMPLEMENTOS_RODOVIARIOS,Centro-Oeste,16.23
202501,IMPLEMENTOS_RODOVIARIOS,Nordeste,7.71
202501,IMPLEMENTOS_RODOVIARIOS,Norte,5.82
202501,IMPLEMENTOS_RODOVIARIOS,Sudeste,33.5
202501,IMPLEMENTOS_RODOVIARIOS,Sul,36.74
202501,MOTOCICLETAS,Centro-Oeste,9.4
202501,MOTOCICLETAS,Nordeste,34.08
202501,MOTOCICLETAS,Norte,12.59
202501,MOTOCICLETAS,Sudeste,34.05
202501,MOTOCICLETAS,Sul,9.89
202501,ONIBUS,Centro-Oeste,8.08
202501,ONIBUS,Nordeste,27.34
202501,ONIBUS,Norte,4.06
202501,ONIBUS,Sudeste,43.5
202501,ONIBUS,Sul,17.02
202502,AUTOMOVEIS,Centro-Oeste,10.09
202502,AUTOMOVEIS,Nordeste,15.0
202502,AUTOMOVEIS,Norte,4.37
202502,AUTOMOVEIS,Sudeste,54.06
202502,AUTOMOVEIS,Sul,16.47
202502,CAMINHOES,Centro-Oeste,8.2
202502,CAMINHOES,Nordeste,14.61
202502,CAMINHOES,Norte,5.32
202502,CAMINHOES,Sudeste,42.35
202502,CAMINHOES,Sul,29.52
202502,COMERCIAIS_LEVES,Centro-Oeste,13.26
202502,COMERCIAIS_LEVES,Nordeste,16.87
202502,COMERCIAIS_LEVES,Norte,9.18
202502,COMERCIAIS_LEVES,Sudeste,43.25
202502,COMERCIAIS_LEVES,Sul,17.45
202502,IMPLEMENTOS_RODOVIARIOS,Centro-Oeste,11.59
202502,IMPLEMENTOS_RODOVIARIOS,Nordeste,8.73
202502,IMPLEMENTOS_RODOVIARIOS,Norte,6.17
202502,IMPLEMENTOS_RODOVIARIOS,Sudeste,38.44
202502,IMPLEMENTOS_RODOVIARIOS,Sul,35.07
202502,MOTOCICLETAS,Centro-Oeste,9.54
202502,MOTOCICLETAS,Nordeste,32.37
202502,MOTOCICLETAS,Norte,13.37
202502,MOTOCICLETAS,Sudeste,34.33
202502,MOTOCICLETAS,Sul,10.38
202502,ONIBUS,Centro-Oeste,8.04
202502,ONIBUS,Nordeste,17.47
202502,ONIBUS,Norte,3.66
202502,ONIBUS,Sudeste,52.46
202502,ONIBUS,Sul,18.36
202503,AUTOMOVEIS,Centro-Oeste,9.55
202503,AUTOMOVEIS,Nordeste,13.76
202503,AUTOMOVEIS,Norte,4.51
202503,AUTOMOVEIS,Sudeste,55.5
202503,AUTOMOVEIS,Sul,16.69
202503,CAMINHOES,Centro-Oeste,8.18
202503,CAMINHOES,Nordeste,13.46
202503,CAMINHOES,Norte,5.22
202503,CAMINHOES,Sudeste,46.6
202503,CAMINHOES,Sul,26.54
202503,COMERCIAIS_LEVES,Centro-Oeste,12.41
202503,COMERCIAIS_LEVES,Nordeste,15.3
202503,COMERCIAIS_LEVES,Norte,8.66
202503,COMERCIAIS_LEVES,Sudeste,46.07
202503,COMERCIAIS_LEVES,Sul,17.56
202503,IMPLEMENTOS_RODOVIARIOS,Centro-Oeste,11.53
202503,IMPLEMENTOS_RODOVIARIOS,Nordeste,8.48
202503,IMPLEMENTOS_RODOVIARIOS,Norte,5.49
202503,IMPLEMENTOS_RODOVIARIOS,Sudeste,41.35
202503,IMPLEMENTOS_RODOVIARIOS,Sul,33.14
202503,MOTOCICLETAS,Centro-Oeste,9.72
202503,MOTOCICLETAS,Nordeste,30.86
202503,MOTOCICLETAS,Norte,12.88
202503,MOTOCICLETAS,Sudeste,34.25
202503,MOTOCICLETAS,Sul,12.29
202503,ONIBUS,Centro-Oeste,8.21
202503,ONIBUS,Nordeste,16.33
202503,ONIBUS,Norte,4.49
202503,ONIBUS,Sudeste,58.55
202503,ONIBUS,Sul,12.43
202504,AUTOMOVEIS,Centro-Oeste,9.36
202504,AUTOMOVEIS,Nordeste,13.47
202504,AUTOMOVEIS,Norte,4.07
202504,AUTOMOVEIS,Sudeste,57.01
202504,AUTOMOVEIS,Sul,16.09
202504,CAMINHOES,Centro-Oeste,9.0
202504,CAMINHOES,Nordeste,14.1
202504,CAMINHOES,Norte,5.53
202504,CAMINHOES,Sudeste,43.43
202504,CAMINHOES,Sul,27.94
202504,COMERCIAIS_LEVES,Centro-Oeste,14.63
202504,COMERCIAIS_LEVES,Nordeste,15.03
202504,COMERCIAIS_LEVES,Norte,7.96
202504,COMERCIAIS_LEVES,Sudeste,44.71
202504,COMERCIAIS_LEVES,Sul,17.66
202504,IMPLEMENTOS_RODOVIARIOS,Centro-Oeste,13.3
202504,IMPLEMENTOS_RODOVIARIOS,Nordeste,9.97
202504,IMPLEMENTOS_RODOVIARIOS,Norte,6.08
202504,IMPLEMENTOS_RODOVIARIOS,Sudeste,36.26
202504,IMPLEMENTOS_RODOVIARIOS,Sul,34.39
202504,MOTOCICLETAS,Centro-Oeste,8.86
202504,MOTOCICLETAS,Nordeste,33.43
202504,MOTOCICLETAS,Norte,12.95
202504,MOTOCICLETAS,Sudeste,32.66
202504,MOTOCICLETAS,Sul,12.09
202504,ONIBUS,Centro-Oeste,5.15
202504,ONIBUS,Nordeste,14.73
202504,ONIBUS,Norte,12.45
202504,ONIBUS,Sudeste,54.12
202504,ONIBUS,Sul,13.55
202505,AUTOMOVEIS,Centro-Oeste,8.36
202505,AUTOMOVEIS,Nordeste,13.43
202505,AUTOMOVEIS,Norte,4.0
202505,AUTOMOVEIS,Sudeste,54.79
202505,AUTOMOVEIS,Sul,19.42
202505,CAMINHOES,Centro-Oeste,9.3
202505,CAMINHOES,Nordeste,14.51
202505,CAMINHOES,Norte,6.76
202505,CAMINHOES,Sudeste,41.99
202505,CAMINHOES,Sul,27.43
202505,COMERCIAIS_LEVES,Centro-Oeste,12.89
202505,COMERCIAIS_LEVES,Nordeste,15.69
202505,COMERCIAIS_LEVES,Norte,8.56
202505,COMERCIAIS_LEVES,Sudeste,45.21
202505,COMERCIAIS_LEVES,Sul,17.65
202505,IMPLEMENTOS_RODOVIARIOS,Centro-Oeste,15.64
202505,IMPLEMENTOS_RODOVIARIOS,Nordeste,7.69
202505,IMPLEMENTOS_RODOVIARIOS,Norte,6.07
202505,IMPLEMENTOS_RODOVIARIOS,Sudeste,37.4
202505,IMPLEMENTOS_RODOVIARIOS,Sul,33.19
202505,MOTOCICLETAS,Centro-Oeste,8.42
202505,MOTOCICLETAS,Nordeste,33.46
202505,MOTOCICLETAS,Norte,13.04
202505,MOTOCICLETAS,Sudeste,33.44
202505,MOTOCICLETAS,Sul,11.64
202505,ONIBUS,Centro-Oeste,6.13
202505,ONIBUS,Nordeste,19.59
202505,ONIBUS,Norte,7.74
202505,ONIBUS,Sudeste,43.4
202505,ONIBUS,Sul,23.15
202506,AUTOMOVEIS,Centro-Oeste,8.62
202506,AUTOMOVEIS,Nordeste,12.97
202506,AUTOMOVEIS,Norte,4.27
202506,AUTOMOVEIS,Sudeste,57.89
202506,AUTOMOVEIS,Sul,16.23
202506,CAMINHOES,Centro-Oeste,9.22
202506,CAMINHOES,Nordeste,14.12
202506,CAMINHOES,Norte,6.16
202506,CAMINHOES,Sudeste,44.55
202506,CAMINHOES,Sul,25.95
202506,COMERCIAIS_LEVES,Centro-Oeste,12.78
202506,COMERCIAIS_LEVES,Nordeste,15.24
202506,COMERCIAIS_LEVES,Norte,8.97
202506,COMERCIAIS_LEVES,Sudeste,47.77
202506,COMERCIAIS_LEVES,Sul,15.24
202506,IMPLEMENTOS_RODOVIARIOS,Centro-Oeste,12.52
202506,IMPLEMENTOS_RODOVIARIOS,Nordeste,9.3
202506,IMPLEMENTOS_RODOVIARIOS,Norte,6.23
202506,IMPLEMENTOS_RODOVIARIOS,Sudeste,37.31
202506,IMPLEMENTOS_RODOVIARIOS,Sul,34.63
202506,MOTOCICLETAS,Centro-Oeste,9.19
202506,MOTOCICLETAS,Nordeste,33.03
202506,MOTOCICLETAS,Norte,14.03
202506,MOTOCICLETAS,Sudeste,32.22
202506,MOTOCICLETAS,Sul,11.52
202506,ONIBUS,Centro-Oeste,10.0
202506,ONIBUS,Nordeste,18.31
202506,ONIBUS,Norte,5.81
202506,ONIBUS,Sudeste,52.78
202506,ONIBUS,Sul,13.1
202507,AUTOMOVEIS,Centro-Oeste,8.92
202507,AUTOMOVEIS,Nordeste,14.77
202507,AUTOMOVEIS,Norte,4.44
202507,AUTOMOVEIS,Sudeste,54.84
202507,AUTOMOVEIS,Sul,17.04
202507,CAMINHOES,Centro-Oeste,9.31
202507,CAMINHOES,Nordeste,14.98
202507,CAMINHOES,Norte,6.63
202507,CAMINHOES,Sudeste,42.62
202507,CAMINHOES,Sul,26.46
202507,COMERCIAIS_LEVES,Centro-Oeste,12.86
202507,COMERCIAIS_LEVES,Nordeste,16.36
202507,COMERCIAIS_LEVES,Norte,9.14
202507,COMERCIAIS_LEVES,Sudeste,44.73
202507,COMERCIAIS_LEVES,Sul,16.9
202507,IMPLEMENTOS_RODOVIARIOS,Centro-Oeste,10.65
202507,IMPLEMENTOS_RODOVIARIOS,Nordeste,10.95
202507,IMPLEMENTOS_RODOVIARIOS,Norte,8.07
202507,IMPLEMENTOS_RODOVIARIOS,Sudeste,33.32
202507,IMPLEMENTOS_RODOVIARIOS,Sul,37.02
202507,MOTOCICLETAS,Centro-Oeste,8.84
202507,MOTOCICLETAS,Nordeste,33.87
202507,MOTOCICLETAS,Norte,13.02
202507,MOTOCICLETAS,Sudeste,32.86
202507,MOTOCICLETAS,Sul,11.41
202507,ONIBUS,Centro-Oeste,8.86
202507,ONIBUS,Nordeste,20.07
202507,ONIBUS,Norte,10.16
202507,ONIBUS,Sudeste,49.87
202507,ONIBUS,Sul,11.03
202508,AUTOMOVEIS,Centro-Oeste,8.99
202508,AUTOMOVEIS,Nordeste,14.3
202508,AUTOMOVEIS,Norte,4.14
202508,AUTOMOVEIS,Sudeste,55.88
202508,AUTOMOVEIS,Sul,16.69
202508,CAMINHOES,Centro-Oeste,9.2
202508,CAMINHOES,Nordeste,15.5
202508,CAMINHOES,Norte,6.52
202508,CAMINHOES,Sudeste,43.04
202508,CAMINHOES,Sul,25.74
202508,COMERCIAIS_LEVES,Centro-Oeste,11.74
202508,COMERCIAIS_LEVES,Nordeste,16.21
202508,COMERCIAIS_LEVES,Norte,9.15
202508,COMERCIAIS_LEVES,Sudeste,44.95
202508,COMERCIAIS_LEVES,Sul,17.96
202508,IMPLEMENTOS_RODOVIARIOS,Centro-Oeste,10.03
202508,IMPLEMENTOS_RODOVIARIOS,Nordeste,11.64
202508,IMPLEMENTOS_RODOVIARIOS,Norte,8.22
202508,IMPLEMENTOS_RODOVIARIOS,Sudeste,38.5
202508,IMPLEMENTOS_RODOVIARIOS,Sul,31.6
202508,MOTOCICLETAS,Centro-Oeste,9.01
202508,MOTOCICLETAS,Nordeste,32.62
202508,MOTOCICLETAS,Norte,13.06
202508,MOTOCICLETAS,Sudeste,33.32
202508,MOTOCICLETAS,Sul,11.98
202508,ONIBUS,Centro-Oeste,10.47
202508,ONIBUS,Nordeste,19.82
202508,ONIBUS,Norte,10.91
202508,ONIBUS,Sudeste,48.51
202508,ONIBUS,Sul,10.28
202509,AUTOMOVEIS,Centro-Oeste,8.69
202509,AUTOMOVEIS,Nordeste,14.06
202509,AUTOMOVEIS,Norte,4.36
202509,AUTOMOVEIS,Sudeste,55.81
202509,AUTOMOVEIS,Sul,17.08
202509,CAMINHOES,Centro-Oeste,9.65
202509,CAMINHOES,Nordeste,16.91
202509,CAMINHOES,Norte,6.06
202509,CAMINHOES,Sudeste,39.57
202509,CAMINHOES,Sul,27.8
202509,COMERCIAIS_LEVES,Centro-Oeste,10.95
202509,COMERCIAIS_LEVES,Nordeste,14.77
202509,COMERCIAIS_LEVES,Norte,7.44
202509,COMERCIAIS_LEVES,Sudeste,45.29
202509,COMERCIAIS_LEVES,Sul,21.54
202509,IMPLEMENTOS_RODOVIARIOS,Centro-Oeste,11.26
202509,IMPLEMENTOS_RODOVIARIOS,Nordeste,11.78
202509,IMPLEMENTOS_RODOVIARIOS,Norte,7.2
202509,IMPLEMENTOS_RODOVIARIOS,Sudeste,37.96
202509,IMPLEMENTOS_RODOVIARIOS,Sul,31.8
202509,MOTOCICLETAS,Centro-Oeste,9.27
202509,MOTOCICLETAS,Nordeste,32.79
202509,MOTOCICLETAS,Norte,12.87
202509,MOTOCICLETAS,Sudeste,32.11
202509,MOTOCICLETAS,Sul,12.96
202509,ONIBUS,Centro-Oeste,12.34
202509,ONIBUS,Nordeste,22.14
202509,ONIBUS,Norte,4.75
202509,ONIBUS,Sudeste,48.47
202509,ONIBUS,Sul,12.3
202510,AUTOMOVEIS,Centro-Oeste,8.4
202510,AUTOMOVEIS,Nordeste,13.31
202510,AUTOMOVEIS,Norte,4.01
202510,AUTOMOVEIS,Sudeste,55.21
202510,AUTOMOVEIS,Sul,19.07
202510,CAMINHOES,Centro-Oeste,9.2
202510,CAMINHOES,Nordeste,15.38
202510,CAMINHOES,Norte,6.06
202510,CAMINHOES,Sudeste,41.23
202510,CAMINHOES,Sul,28.13
202510,COMERCIAIS_LEVES,Centro-Oeste,11.72
202510,COMERCIAIS_LEVES,Nordeste,15.17
202510,COMERCIAIS_LEVES,Norte,8.19
202510,COMERCIAIS_LEVES,Sudeste,43.76
202510,COMERCIAIS_LEVES,Sul,21.16
202510,IMPLEMENTOS_RODOVIARIOS,Centro-Oeste,9.38
202510,IMPLEMENTOS_RODOVIARIOS,Nordeste,10.97
202510,IMPLEMENTOS_RODOVIARIOS,Norte,7.2
202510,IMPLEMENTOS_RODOVIARIOS,Sudeste,37.26
202510,IMPLEMENTOS_RODOVIARIOS,Sul,35.18
202510,MOTOCICLETAS,Centro-Oeste,9.47
202510,MOTOCICLETAS,Nordeste,33.64
202510,MOTOCICLETAS,Norte,12.39
202510,MOTOCICLETAS,Sudeste,31.23
202510,MOTOCICLETAS,Sul,13.27
202510,ONIBUS,Centro-Oeste,4.71
202510,ONIBUS,Nordeste,24.84
202510,ONIBUS,Norte,3.84
202510,ONIBUS,Sudeste,47.66
202510,ONIBUS,Sul,18.93
202511,AUTOMOVEIS,Centro-Oeste,7.8
202511,AUTOMOVEIS,Nordeste,12.14
202511,AUTOMOVEIS,Norte,3.72
202511,AUTOMOVEIS,Sudeste,54.08
202511,AUTOMOVEIS,Sul,22.26
202511,CAMINHOES,Centro-Oeste,8.75
202511,CAMINHOES,Nordeste,16.23
202511,CAMINHOES,Norte,6.38
202511,CAMINHOES,Sudeste,40.91
202511,CAMINHOES,Sul,27.73
202511,COMERCIAIS_LEVES,Centro-Oeste,11.65
202511,COMERCIAIS_LEVES,Nordeste,15.6
202511,COMERCIAIS_LEVES,Norte,8.65
202511,COMERCIAIS_LEVES,Sudeste,46.78
202511,COMERCIAIS_LEVES,Sul,17.32
202511,IMPLEMENTOS_RODOVIARIOS,Centro-Oeste,10.3
202511,IMPLEMENTOS_RODOVIARIOS,Nordeste,9.5
202511,IMPLEMENTOS_RODOVIARIOS,Norte,7.69
202511,IMPLEMENTOS_RODOVIARIOS,Sudeste,36.26
202511,IMPLEMENTOS_RODOVIARIOS,Sul,36.26
202511,MOTOCICLETAS,Centro-Oeste,9.14
202511,MOTOCICLETAS,Nordeste,33.4
202511,MOTOCICLETAS,Norte,13.16
202511,MOTOCICLETAS,Sudeste,31.06
202511,MOTOCICLETAS,Sul,13.24
202511,ONIBUS,Centro-Oeste,5.83
202511,ONIBUS,Nordeste,25.81
202511,ONIBUS,Norte,4.81
202511,ONIBUS,Sudeste,47.77
202511,ONIBUS,Sul,15.78
202512,AUTOMOVEIS,Centro-Oeste,8.51
202512,AUTOMOVEIS,Nordeste,13.75
202512,AUTOMOVEIS,Norte,4.43
202512,AUTOMOVEIS,Sudeste,53.4
202512,AUTOMOVEIS,Sul,19.91
202512,CAMINHOES,Centro-Oeste,9.23
202512,CAMINHOES,Nordeste,16.62
202512,CAMINHOES,Norte,7.95
202512,CAMINHOES,Sudeste,37.76
202512,CAMINHOES,Sul,28.45
202512,COMERCIAIS_LEVES,Centro-Oeste,12.39
202512,COMERCIAIS_LEVES,Nordeste,14.77
202512,COMERCIAIS_LEVES,Norte,9.18
202512,COMERCIAIS_LEVES,Sudeste,47.3
202512,COMERCIAIS_LEVES,Sul,16.36
202512,IMPLEMENTOS_RODOVIARIOS,Centro-Oeste,13.26
202512,IMPLEMENTOS_RODOVIARIOS,Nordeste,9.36
202512,IMPLEMENTOS_RODOVIARIOS,Norte,8.5
202512,IMPLEMENTOS_RODOVIARIOS,Sudeste,33.53
202512,IMPLEMENTOS_RODOVIARIOS,Sul,35.35
202512,MOTOCICLETAS,Centro-Oeste,9.45
202512,MOTOCICLETAS,Nordeste,33.96
202512,MOTOCICLETAS,Norte,14.12
202512,MOTOCICLETAS,Sudeste,31.22
202512,MOTOCICLETAS,Sul,11.24
202512,ONIBUS,Centro-Oeste,11.64
202512,ONIBUS,Nordeste,18.32
202512,ONIBUS,Norte,6.41
202512,ONIBUS,Sudeste,51.36
202512,ONIBUS,Sul,12.27
202601,AUTOMOVEIS,Centro-Oeste,10.61
202601,AUTOMOVEIS,Nordeste,16.65
202601,AUTOMOVEIS,Norte,4.61
202601,AUTOMOVEIS,Sudeste,50.38
202601,AUTOMOVEIS,Sul,17.76
202601,CAMINHOES,Centro-Oeste,8.77
202601,CAMINHOES,Nordeste,17.39
202601,CAMINHOES,Norte,5.93
202601,CAMINHOES,Sudeste,43.07
202601,CAMINHOES,Sul,24.84
202601,COMERCIAIS_LEVES,Centro-Oeste,14.31
202601,COMERCIAIS_LEVES,Nordeste,17.02
202601,COMERCIAIS_LEVES,Norte,8.49
202601,COMERCIAIS_LEVES,Sudeste,43.98
202601,COMERCIAIS_LEVES,Sul,16.2
202601,IMPLEMENTOS_RODOVIARIOS,Centro-Oeste,12.34
202601,IMPLEMENTOS_RODOVIARIOS,Nordeste,9.25
202601,IMPLEMENTOS_RODOVIARIOS,Norte,5.55
202601,IMPLEMENTOS_RODOVIARIOS,Sudeste,40.19
202601,IMPLEMENTOS_RODOVIARIOS,Sul,32.67
202601,MOTOCICLETAS,Centro-Oeste,9.05
202601,MOTOCICLETAS,Nordeste,32.79
202601,MOTOCICLETAS,Norte,12.48
202601,MOTOCICLETAS,Sudeste,33.2
202601,MOTOCICLETAS,Sul,12.48
202601,ONIBUS,Centro-Oeste,9.8
202601,ONIBUS,Nordeste,16.82
202601,ONIBUS,Norte,9.27
202601,ONIBUS,Sudeste,51.04
202601,ONIBUS,Sul,13.07
202602,AUTOMOVEIS,Centro-Oeste,9.56
202602,AUTOMOVEIS,Nordeste,13.44
202602,AUTOMOVEIS,Norte,3.86
202602,AUTOMOVEIS,Sudeste,55.13
202602,AUTOMOVEIS,Sul,18.0
202602,CAMINHOES,Centro-Oeste,10.54
202602,CAMINHOES,Nordeste,14.23
202602,CAMINHOES,Norte,6.19
202602,CAMINHOES,Sudeste,38.33
202602,CAMINHOES,Sul,30.71
202602,COMERCIAIS_LEVES,Centro-Oeste,13.09
202602,COMERCIAIS_LEVES,Nordeste,16.32
202602,COMERCIAIS_LEVES,Norte,8.45
202602,COMERCIAIS_LEVES,Sudeste,45.26
202602,COMERCIAIS_LEVES,Sul,16.88
202602,IMPLEMENTOS_RODOVIARIOS,Centro-Oeste,12.26
202602,IMPLEMENTOS_RODOVIARIOS,Nordeste,7.83
202602,IMPLEMENTOS_RODOVIARIOS,Norte,5.91
202602,IMPLEMENTOS_RODOVIARIOS,Sudeste,39.56
202602,IMPLEMENTOS_RODOVIARIOS,Sul,34.44
202602,MOTOCICLETAS,Centro-Oeste,9.56
202602,MOTOCICLETAS,Nordeste,31.48
202602,MOTOCICLETAS,Norte,11.91
202602,MOTOCICLETAS,Sudeste,32.17
202602,MOTOCICLETAS,Sul,14.87
202602,ONIBUS,Centro-Oeste,5.05
202602,ONIBUS,Nordeste,12.97
202602,ONIBUS,Norte,6.72
202602,ONIBUS,Sudeste,53.16
202602,ONIBUS,Sul,22.1
202603,AUTOMOVEIS,Centro-Oeste,8.51
202603,AUTOMOVEIS,Nordeste,13.13
202603,AUTOMOVEIS,Norte,4.25
202603,AUTOMOVEIS,Sudeste,56.5
202603,AUTOMOVEIS,Sul,17.6
202603,CAMINHOES,Centro-Oeste,12.3
202603,CAMINHOES,Nordeste,13.43
202603,CAMINHOES,Norte,5.27
202603,CAMINHOES,Sudeste,41.32
202603,CAMINHOES,Sul,27.68
202603,COMERCIAIS_LEVES,Centro-Oeste,12.13
202603,COMERCIAIS_LEVES,Nordeste,15.03
202603,COMERCIAIS_LEVES,Norte,8.72
202603,COMERCIAIS_LEVES,Sudeste,47.21
202603,COMERCIAIS_LEVES,Sul,16.9
202603,IMPLEMENTOS_RODOVIARIOS,Centro-Oeste,13.72
202603,IMPLEMENTOS_RODOVIARIOS,Nordeste,8.28
202603,IMPLEMENTOS_RODOVIARIOS,Norte,6.74
202603,IMPLEMENTOS_RODOVIARIOS,Sudeste,37.31
202603,IMPLEMENTOS_RODOVIARIOS,Sul,33.95
202603,MOTOCICLETAS,Centro-Oeste,9.23
202603,MOTOCICLETAS,Nordeste,32.5
202603,MOTOCICLETAS,Norte,12.59
202603,MOTOCICLETAS,Sudeste,32.54
202603,MOTOCICLETAS,Sul,13.13
202603,ONIBUS,Centro-Oeste,18.26
202603,ONIBUS,Nordeste,12.81
202603,ONIBUS,Norte,3.84
202603,ONIBUS,Sudeste,47.8
202603,ONIBUS,Sul,17.29
202604,AUTOMOVEIS,Centro-Oeste,8.69
202604,AUTOMOVEIS,Nordeste,13.97
202604,AUTOMOVEIS,Norte,4.22
202604,AUTOMOVEIS,Sudeste,53.86
202604,AUTOMOVEIS,Sul,19.26
202604,CAMINHOES,Centro-Oeste,10.29
202604,CAMINHOES,Nordeste,14.92
202604,CAMINHOES,Norte,5.72
202604,CAMINHOES,Sudeste,43.18
202604,CAMINHOES,Sul,25.9
202604,COMERCIAIS_LEVES,Centro-Oeste,13.69
202604,COMERCIAIS_LEVES,Nordeste,14.4
202604,COMERCIAIS_LEVES,Norte,8.26
202604,COMERCIAIS_LEVES,Sudeste,44.83
202604,COMERCIAIS_LEVES,Sul,18.82
202604,IMPLEMENTOS_RODOVIARIOS,Centro-Oeste,11.15
202604,IMPLEMENTOS_RODOVIARIOS,Nordeste,8.87
202604,IMPLEMENTOS_RODOVIARIOS,Norte,6.91
202604,IMPLEMENTOS_RODOVIARIOS,Sudeste,35.55
202604,IMPLEMENTOS_RODOVIARIOS,Sul,37.53
202604,MOTOCICLETAS,Centro-Oeste,9.25
202604,MOTOCICLETAS,Nordeste,33.25
202604,MOTOCICLETAS,Norte,11.7
202604,MOTOCICLETAS,Sudeste,32.71
202604,MOTOCICLETAS,Sul,13.1
202604,ONIBUS,Centro-Oeste,11.45
202604,ONIBUS,Nordeste,12.97
202604,ONIBUS,Norte,2.96
202604,ONIBUS,Sudeste,49.63
202604,ONIBUS,Sul,22.99
202605,AUTOMOVEIS,Centro-Oeste,8.59
202605,AUTOMOVEIS,Nordeste,13.07
202605,AUTOMOVEIS,Norte,3.86
202605,AUTOMOVEIS,Sudeste,55.42
202605,AUTOMOVEIS,Sul,19.06
202605,CAMINHOES,Centro-Oeste,11.09
202605,CAMINHOES,Nordeste,16.29
202605,CAMINHOES,Norte,6.17
202605,CAMINHOES,Sudeste,42.1
202605,CAMINHOES,Sul,24.34
202605,COMERCIAIS_LEVES,Centro-Oeste,12.84
202605,COMERCIAIS_LEVES,Nordeste,13.82
202605,COMERCIAIS_LEVES,Norte,8.89
202605,COMERCIAIS_LEVES,Sudeste,49.06
202605,COMERCIAIS_LEVES,Sul,15.39
202605,IMPLEMENTOS_RODOVIARIOS,Centro-Oeste,12.72
202605,IMPLEMENTOS_RODOVIARIOS,Nordeste,8.68
202605,IMPLEMENTOS_RODOVIARIOS,Norte,5.86
202605,IMPLEMENTOS_RODOVIARIOS,Sudeste,36.32
202605,IMPLEMENTOS_RODOVIARIOS,Sul,36.43
202605,MOTOCICLETAS,Centro-Oeste,9.66
202605,MOTOCICLETAS,Nordeste,33.79
202605,MOTOCICLETAS,Norte,11.69
202605,MOTOCICLETAS,Sudeste,32.65
202605,MOTOCICLETAS,Sul,12.21
202605,ONIBUS,Centro-Oeste,7.71
202605,ONIBUS,Nordeste,19.09
202605,ONIBUS,Norte,8.05
202605,ONIBUS,Sudeste,51.01
202605,ONIBUS,Sul,14.13
202606,AUTOMOVEIS,Centro-Oeste,8.88
202606,AUTOMOVEIS,Nordeste,12.62
202606,AUTOMOVEIS,Norte,4.11
202606,AUTOMOVEIS,Sudeste,55.99
202606,AUTOMOVEIS,Sul,18.41
202606,CAMINHOES,Centro-Oeste,10.12
202606,CAMINHOES,Nordeste,13.24
202606,CAMINHOES,Norte,5.9
202606,CAMINHOES,Sudeste,44.35
202606,CAMINHOES,Sul,26.4
202606,COMERCIAIS_LEVES,Centro-Oeste,12.64
202606,COMERCIAIS_LEVES,Nordeste,13.46
202606,COMERCIAIS_LEVES,Norte,9.4
202606,COMERCIAIS_LEVES,Sudeste,49.12
202606,COMERCIAIS_LEVES,Sul,15.38
202606,IMPLEMENTOS_RODOVIARIOS,Centro-Oeste,12.62
202606,IMPLEMENTOS_RODOVIARIOS,Nordeste,8.43
202606,IMPLEMENTOS_RODOVIARIOS,Norte,5.4
202606,IMPLEMENTOS_RODOVIARIOS,Sudeste,34.07
202606,IMPLEMENTOS_RODOVIARIOS,Sul,39.48
202606,MOTOCICLETAS,Centro-Oeste,9.49
202606,MOTOCICLETAS,Nordeste,32.39
202606,MOTOCICLETAS,Norte,11.8
202606,MOTOCICLETAS,Sudeste,32.78
202606,MOTOCICLETAS,Sul,13.54
202606,ONIBUS,Centro-Oeste,10.03
202606,ONIBUS,Nordeste,22.24
202606,ONIBUS,Norte,5.66
202606,ONIBUS,Sudeste,42.89
202606,ONIBUS,Sul,19.18
202607,AUTOMOVEIS,Centro-Oeste,9.2
202607,AUTOMOVEIS,Nordeste,15.26
202607,AUTOMOVEIS,Norte,4.86
202607,AUTOMOVEIS,Sudeste,53.48
202607,AUTOMOVEIS,Sul,17.2
202607,CAMINHOES,Centro-Oeste,8.83
202607,CAMINHOES,Nordeste,13.6
202607,CAMINHOES,Norte,6.2
202607,CAMINHOES,Sudeste,44.89
202607,CAMINHOES,Sul,26.48
202607,COMERCIAIS_LEVES,Centro-Oeste,12.48
202607,COMERCIAIS_LEVES,Nordeste,16.49
202607,COMERCIAIS_LEVES,Norte,9.1
202607,COMERCIAIS_LEVES,Sudeste,44.66
202607,COMERCIAIS_LEVES,Sul,17.26
202607,IMPLEMENTOS_RODOVIARIOS,Centro-Oeste,10.07
202607,IMPLEMENTOS_RODOVIARIOS,Nordeste,8.42
202607,IMPLEMENTOS_RODOVIARIOS,Norte,6.06
202607,IMPLEMENTOS_RODOVIARIOS,Sudeste,38.26
202607,IMPLEMENTOS_RODOVIARIOS,Sul,37.19
202607,MOTOCICLETAS,Centro-Oeste,8.36
202607,MOTOCICLETAS,Nordeste,34.21
202607,MOTOCICLETAS,Norte,11.82
202607,MOTOCICLETAS,Sudeste,32.3
202607,MOTOCICLETAS,Sul,13.32
202607,ONIBUS,Centro-Oeste,8.32
202607,ONIBUS,Nordeste,15.87
202607,ONIBUS,Norte,4.42
202607,ONIBUS,Sudeste,50.02
202607,ONIBUS,Sul,21.37
202608,AUTOMOVEIS,Centro-Oeste,9.36
202608,AUTOMOVEIS,Nordeste,14.8
202608,AUTOMOVEIS,Norte,4.51
202608,AUTOMOVEIS,Sudeste,54.28
202608,AUTOMOVEIS,Sul,17.04
202608,CAMINHOES,Centro-Oeste,8.32
202608,CAMINHOES,Nordeste,15.64
202608,CAMINHOES,Norte,5.36
202608,CAMINHOES,Sudeste,44.72
202608,CAMINHOES,Sul,25.95
202608,COMERCIAIS_LEVES,Centro-Oeste,11.77
202608,COMERCIAIS_LEVES,Nordeste,15.33
202608,COMERCIAIS_LEVES,Norte,9.58
202608,COMERCIAIS_LEVES,Sudeste,44.27
202608,COMERCIAIS_LEVES,Sul,19.05
202608,IMPLEMENTOS_RODOVIARIOS,Centro-Oeste,10.72
202608,IMPLEMENTOS_RODOVIARIOS,Nordeste,8.98
202608,IMPLEMENTOS_RODOVIARIOS,Norte,6.15
202608,IMPLEMENTOS_RODOVIARIOS,Sudeste,37.38
202608,IMPLEMENTOS_RODOVIARIOS,Sul,36.76
202608,MOTOCICLETAS,Centro-Oeste,8.96
202608,MOTOCICLETAS,Nordeste,32.8
202608,MOTOCICLETAS,Norte,11.8
202608,MOTOCICLETAS,Sudeste,32.77
202608,MOTOCICLETAS,Sul,13.67
202608,ONIBUS,Centro-Oeste,4.47
202608,ONIBUS,Nordeste,23.06
202608,ONIBUS,Norte,8.25
202608,ONIBUS,Sudeste,50.51
202608,ONIBUS,Sul,13.71
